idx,question,category,lang,expect,status,method,sources,reranker_score,answer_len,time_ms,answer_preview
1,What are the SAMA regulations for opening bank accounts for SMEs?,bank_account,en,answered,ERROR,error,0,,0,366157,
2,What documents does an SME need to open a bank account?,bank_account,en,answered,PASS,cached,8,0.2503,571,78139,"To open a bank account, an SME must provide a registration certificate issued by the General Authority of Awqaf, which includes the name of the endowment, endowment deed number and date, and names of "
3,Who is not eligible to open a bank account in Saudi Arabia?,bank_account,en,answered,PASS,cached,7,0.9814,843,3695,Non-Saudi and non-GCC natural persons not residing in Saudi Arabia are not eligible to open a bank account unless written approval from the Ministry of Interior or the Ministry of Foreign Affairs is r
4,Can a non-Saudi resident open a bank account?,bank_account,en,answered,PASS,cached,7,0.9949,510,4160,"A non-Saudi and non-GCC natural person not residing in Saudi Arabia shall not be allowed to open an account in Saudi riyal or in any foreign currencies, or any other account unless written approval fr"
5,What are the requirements for opening a bank account for a company?,bank_account,en,answered,PASS,cached,8,0.91,886,3714,"To open a bank account for a company, the bank must obtain copies of the license or commercial register issued by the competent authority in the country of origin, the memorandum of association, and t"
6,Can a non-GCC national open a bank account in Saudi Arabia?,bank_account,en,answered,PASS,cached,7,0.9981,512,3530,"The bank shall not open an account in Saudi riyal or in any foreign currencies, or any other account, for non-Saudi and non-GCC natural persons not residing in Saudi Arabia unless written approval fro"
7,What documents are required for individual bank account opening?,bank_account,en,answered,PASS,cached,8,0.9795,579,3781,"To open an individual bank account, the bank must obtain an original copy of the ID of the customer. Additionally, the customer must complete an account opening agreement form that includes personal d"
8,What are the restrictions on opening bank accounts for foreign nationals?,bank_account,en,answered,PASS,cached,7,0.8501,817,3488,"The bank shall not open an account in Saudi riyal or in any foreign currencies, or any other account, for non-Saudi and non-GCC natural persons not residing in Saudi Arabia unless written approval fro"
9,Can a minor open a bank account in Saudi Arabia?,bank_account,en,answered,PASS,cached,8,0.9991,911,4668,"Banks shall open bank accounts for natural persons residing in Saudi Arabia if they meet all bank requirements within one business day, or within two business days if approvals are needed. Saudi natur"
10,What are the eligibility criteria for a bank account in Saudi Arabia?,bank_account,en,answered,PASS,cached,7,0.9489,757,4548,Natural persons residing in Saudi Arabia may open bank accounts by presenting their national ID or family register for minors. Saudi natural persons exempted from personal photographs require an offic
11,What is required to open a joint bank account?,bank_account,en,answered,PASS,cached,8,0.6981,309,20097,"To open a joint bank account, the bank shall obtain copies of the IDs of persons authorized to sign jointly for the account. The bank must also ensure that the account opening agreement is completed a"
12,What are the SAMA account opening rules for juristic persons?,bank_account,en,answered,PASS,cached,8,0.9959,678,4360,Banks may open bank accounts for juristic persons after obtaining a copy of the commercial register issued by the Ministry of Commerce and a copy of the license if required. They must also obtain a co
13,Can a foreigner open a savings account in Saudi Arabia?,bank_account,en,answered,ERROR,error,0,,0,366165,
14,What are the digital account opening requirements under SAMA?,bank_account,en,answered,PASS,cached,8,0.9702,637,4255,"DTFCs cannot open a General Account remotely for new customers. However, they can facilitate new customers to provide maximum information through electronic and/or digital channels. Upon completing th"
15,What is the straight-through processing approach for bank accounts?,bank_account,en,answered,ERROR,error,0,,0,366152,
16,What happens if account opening documents are incomplete?,bank_account,en,answered,PASS,cached,8,0.168,430,3450,"If the application is not completed as required, it may be treated as incomplete. The bank must ensure that every part of the form is completed. If any question is not relevant, it should be stated as"
17,Can a non-resident Indian open a bank account in Saudi Arabia?,bank_account,en,answered,PASS,cached,7,0.9781,534,4071,"The bank shall not open an account in Saudi riyal or in any foreign currencies, or any other account, for non-Saudi and non-GCC natural persons not residing in Saudi Arabia unless written approval fro"
18,What is the manual review process for bank account opening?,bank_account,en,answered,PASS,cached,8,0.1473,756,3567,"The bank shall receive a letter from diplomatic entities requesting to open a bank account, specifying the name and nature of the account and the names of authorized residents. Copies of the diplomati"
19,What biometric verification is required for account opening?,bank_account,en,answered,PASS,cached,8,0.8727,558,3336,Biometric verification for account opening requires the use of a biometric authentication mechanism through facial identification from a national trusted party. This verification should occur periodic
20,What are the SAMA rules for remote account opening?,bank_account,en,answered,PASS,cached,8,0.9969,570,3373,"The bank is responsible for verifying the identity of customers by using documents, data, or information acquired from a reliable and independent source. Risks associated with such accounts shall be a"
21,Can expatriates open bank accounts in Saudi Arabia?,bank_account,en,answered,PASS,cached,8,0.9993,910,3432,"Banks shall open bank accounts for natural and juristic persons who meet all bank requirements within one business day, and within two business days for those needing approvals. Natural persons residi"
22,What are the conditions for opening a bank account for a small enterprise?,bank_account,en,answered,NOT_FOUND,generative,0,0.1444,76,358347,The provided documentation does not contain a clear answer to this question.
23,Are there any restrictions on who can open a bank account?,bank_account,en,answered,PASS,cached,8,0.7369,824,4838,"Yes, there are several restrictions on who can open a bank account. Banks may not open accounts for foreign investment companies, mutual funds, or financial institutions, including GCC investment comp"
24,What is the workflow for bank account opening under SAMA EN 1644?,bank_account,en,answered,PASS,cached,8,0.9815,740,5416,"The workflow for opening a bank account under SAMA EN 1644 requires the submission of an account opening application by the entity, along with necessary documentation such as commercial registration, "
25,What verification is needed for corporate bank account opening?,bank_account,en,answered,PASS,cached,8,0.8516,830,5117,"The identity of the company must be verified using documents, data, or information acquired from a reliable and independent source, such as the commercial register and the license obtained from the Mi"
26,What are the account opening requirements for large corporations?,bank_account,en,answered,PASS,generative,8,0.7685,559,78056,"The bank may open accounts for public corporations and public institutions upon obtaining a copy of the decision to form the entity’s board of directors, issued by the Council of Ministers. Additional"
27,Can someone with an expired ID open a bank account?,bank_account,en,answered,PASS,cached,8,0.9253,375,3759,"No, someone with an expired ID cannot open a bank account. Banks must freeze all accounts held by Saudi natural persons upon the expiration of their identification documents unless the account holder "
28,What national ID requirements apply for bank account opening?,bank_account,en,answered,PASS,cached,8,0.9521,779,3589,"Banks must maintain an electronic record for all Saudi nationals, which includes the full name, ID number, ID expiry date, national address, contact information, and employer if applicable. For GCC na"
29,What are the ongoing due diligence requirements after account opening?,bank_account,en,answered,PASS,cached,8,0.8571,733,3473,"Ongoing due diligence should be conducted on all business relationships in accordance with the risks posed. Financial institutions must verify the consistency of customer data, activities, and the ris"
30,What commercial register documents are required for SME account opening?,bank_account,en,answered,PASS,cached,8,0.2841,663,3509,"The company must provide a copy of the commercial register indicating the activity licensed according to the initial approval. Additionally, a copy of the memorandum of association and the articles of"
31,What are the digital account limits under SAMA regulations?,bank_account,en,answered,NOT_FOUND,generative,0,0.5136,76,311373,The provided documentation does not contain a clear answer to this question.
32,What are the mobile app account opening requirements?,bank_account,en,answered,PASS,cached,7,0.1622,698,3581,"When establishing a new customer relationship remotely, member organizations should assess the risk of impersonation and the setup of mule accounts. They must ensure a phone number or National ID/Iqam"
33,What are the Absher verification requirements for account opening?,bank_account,en,answered,NOT_FOUND,generative,0,0.1915,76,319510,The provided documentation does not contain a clear answer to this question.
34,What are the criteria for rejecting a bank account application?,bank_account,en,answered,PASS,cached,8,0.3979,510,4422,"The bank may reject a bank account application if the applicant does not meet all bank requirements. This includes failing to provide necessary documentation or information as specified. Additionally,"
35,Can a GCC national open a bank account in Saudi Arabia?,bank_account,en,answered,PASS,cached,8,0.9991,911,3302,"Banks shall open bank accounts for natural persons residing in Saudi Arabia if they meet all bank requirements within one business day, or within two business days if approvals are needed. Saudi natur"
36,What are the non-resident account opening conditions?,bank_account,en,answered,PASS,cached,7,0.9649,612,3739,"Non-resident commercial banks may open correspondent accounts under specific conditions, including obtaining approval from the CEO/general director and the compliance department manager, and informing"
37,What signatory approval is required for corporate account opening?,bank_account,en,answered,PASS,cached,8,0.6373,612,3506,"Approval of the CEO or general director and the manager of the compliance department is required to open the account. This approval must be obtained for various corporate entities, including the MWL a"
38,What are the articles of association requirements for company accounts?,bank_account,en,answered,PASS,cached,8,0.8518,702,3533,"The company's articles of association must provide that the company is allowed to invest in securities. They should also clearly show the company’s capital structure and management, indicating that th"
39,What document submission formats are accepted for account opening?,bank_account,en,answered,PASS,cached,8,0.6777,608,3207,The accepted document submission formats for account opening include a government-issued document with the primary cardholder's full name and photograph. For non-residents in Saudi Arabia for Hajj or 
40,What are the SAMA rules for accounts for medium-sized enterprises?,bank_account,en,answered,NOT_FOUND,generative,0,0.8586,76,205423,The provided documentation does not contain a clear answer to this question.
41,Can a Pakistani national open a bank account in Saudi Arabia?,bank_account,en,answered,PASS,cached,8,0.9991,911,3190,"Banks shall open bank accounts for natural persons residing in Saudi Arabia if they meet all bank requirements within one business day, or within two business days if approvals are needed. Saudi natur"
42,What are the name mismatch procedures in account opening?,bank_account,en,answered,NOT_FOUND,generative,0,0.0295,76,356282,The provided documentation does not contain a clear answer to this question.
43,What is the biometric verification fallback procedure?,bank_account,en,answered,ERROR,error,0,,0,319709,
44,What are the SAMA EN 1644 requirements for account opening?,bank_account,en,answered,PASS,cached,8,0.999,583,3719,"The SAMA EN 1644 regulation outlines various requirements for opening bank accounts depending on the type of entity. For licensed foreign companies, banks must obtain documents such as a commercial re"
45,What types of bank accounts can be opened under SAMA regulations?,bank_account,en,answered,PASS,cached,8,0.9752,655,3730,"Banks may open accounts for e-commerce businesses, freelancers, and licensed money changers, provided specific documentation and requirements are met. Accounts can also be opened for foreign schools, "
46,Can a company without commercial registration open a bank account?,bank_account,en,answered,ERROR,error,0,,0,366140,
47,What are the individual bank account opening requirements in Saudi Arabia?,bank_account,en,answered,PASS,cached,8,0.9967,572,3967,"Natural persons residing in Saudi Arabia may open bank accounts by presenting their national ID or family register for minors. The bank must obtain a copy of the individual's Iqama, which should be li"
48,u cannot open bank account who,bank_account,en,answered,PASS,cached,8,0.7369,824,3587,"Yes, there are several restrictions on who can open a bank account. Banks may not open accounts for foreign investment companies, mutual funds, or financial institutions, including GCC investment comp"
49,who all cannot create a bank account?,bank_account,en,answered,PASS,cached,8,0.7369,824,4221,"Yes, there are several restrictions on who can open a bank account. Banks may not open accounts for foreign investment companies, mutual funds, or financial institutions, including GCC investment comp"
50,what r the rules for opening sme bank account,bank_account,en,answered,NOT_FOUND,generative,0,0.858,76,313934,The provided documentation does not contain a clear answer to this question.
51,ما هي متطلبات فتح الحساب البنكي للمنشآت الصغيرة؟,bank_account,ar,answered,PARTIAL,generative,0,0.6135,34,306672,لا تتوفر إجابة في الوثائق المقدمة.
52,من لا يحق له فتح حساب بنكي في المملكة العربية السعودية؟,bank_account,ar,answered,PASS,cached,8,0.8924,462,4420,لا يحق لغير السعوديين وغير مواطني دول مجلس التعاون الخليجي الذين لا يقيمون في المملكة العربية السعودية فتح حساب بنكي إلا بعد الحصول على موافقة كتابية من وزارة الداخلية أو وزارة الخارجية عبر مؤسسة النق
53,ما هي شروط فتح الحساب البنكي للشركات؟,bank_account,ar,answered,PASS,generative,8,0.7897,303,36098,شروط فتح الحساب البنكي للشركات تشمل تقديم خطاب من الرئيس يطلب فتح الحساب مع تحديد الغرض من الحساب والأشخاص المخولين بإدارته. يجب تقديم نسخة من عقد التأسيس وقرار تشكيل مجلس الإدارة، بالإضافة إلى نسخ من
54,هل يمكن للأجانب فتح حساب بنكي في السعودية؟,bank_account,ar,answered,PASS,cached,8,0.9845,234,3689,يمكن للأجانب فتح حساب بنكي في السعودية، ولكن يجب أن يكون لديهم إقامة سارية (إقامة أو تأشيرة) في المملكة. يجب على البنك الحصول على نسخة من الإقامة وعنوان المقيم في السعودية. كما يُحظر على الأجانب الذين
55,ما هي المستندات المطلوبة لفتح حساب بنكي للفرد؟,bank_account,ar,answered,PASS,cached,8,0.4452,398,3604,لفتح حساب بنكي للفرد، يجب إرفاق صورة لبطاقة الهوية الوطنية للسعوديين، وصور من جواز السفر والتأشيرة إن وجدت لغير السعوديين. كما يجب تقديم نموذج موقّع من قبل المؤسس إذا كان الشخص مؤسسًا قانونيًا، مع إرف
56,ما هي قواعد ساما لفتح الحساب البنكي للأفراد؟,bank_account,ar,answered,PASS,generative,8,0.9898,465,35774,تتضمن قواعد ساما لفتح الحساب البنكي للأفراد ضرورة وجود العميل شخصياً في البنك، باستثناء الحالات التي تتوفر فيها توكيلات صريحة. يجب على العملاء تقديم بصمة إبهام وتوقيع شخصي كعينة توقيع، ويمكنهم استخدام
57,هل يمكن لمواطن خليجي فتح حساب بنكي في السعودية؟,bank_account,ar,answered,PASS,cached,8,0.8769,226,4319,نعم، يمكن لمواطن خليجي فتح حساب بنكي في السعودية. يجب على المواطن الخليجي تقديم نسخة من الهوية الوطنية وعنوانه في السعودية، بالإضافة إلى عنوانه في بلده الأصلي. يمكنه أيضًا تفويض شخص سعودي أو مواطن خلي
58,ما هي القيود المفروضة على فتح حسابات للمقيمين الأجانب؟,bank_account,ar,answered,PASS,generative,8,0.4439,501,36318,لا يجوز فتح حسابات للمقيمين الأجانب إلا بعد الحصول على موافقة من مدير قسم الامتثال في البنك. يجب على البنك الحصول على تعهد كتابي من الجهة الداعية لإبلاغه عند مغادرة المقيم للأراضي السعودية بشكل دائم. 
59,ما هي شروط فتح الحساب البنكي الرقمي؟,bank_account,ar,answered,PARTIAL,generative,0,0.1177,34,198043,لا تتوفر إجابة في الوثائق المقدمة.
60,ما هي المعايير المطلوبة لفتح حساب للمنشآت المتوسطة؟,bank_account,ar,answered,PARTIAL,generative,0,0.0378,34,217273,لا تتوفر إجابة في الوثائق المقدمة.
61,ما هي إجراءات التحقق الأمني عند فتح الحساب البنكي؟,bank_account,ar,answered,PASS,cached,8,0.0818,411,4448,عند فتح الحساب البنكي، يجب استخدام آلية كلمة مرور لمرة واحدة (OTP) تُرسل إلى رقم الهاتف المُعتمد. يجب إرسال إشعار بإتمام فتح الحساب إلى رقم الهاتف المُعتمد المسجل للحساب وكذلك إلى الرقم المسجل في بواب
62,ما هي السجل التجاري المطلوب لفتح حساب الشركة؟,bank_account,ar,answered,PASS,cached,8,0.3006,345,4103,يجب على الشركة تقديم نسخة من السجل التجاري بعد تأسيسها. يتطلب الأمر أيضًا تقديم عقد التأسيس ونظام الأساس. يجب أن يكون السجل التجاري متسقًا مع الأنشطة المنصوص عليها في الموافقة المبدئية. يتعين على الشر
63,من يُمنع من فتح حساب بنكي وفق أنظمة ساما؟,bank_account,ar,answered,PASS,cached,8,0.8659,440,3883,يُمنع فتح حسابات بنكية للشركات الاستثمارية الأجنبية وصناديق الاستثمار والمؤسسات المالية غير المقيمة، بما في ذلك الشركات الاستثمارية الخليجية التي تبيع منتجاتها بشكل غير قانوني في السعودية. كما يُمنع ف
64,ما هي متطلبات العناية الواجبة المستمرة بعد فتح الحساب؟,bank_account,ar,answered,PASS,cached,8,0.0195,480,3868,تتطلب العناية الواجبة المستمرة بعد فتح الحساب تتبع الأنشطة المالية والتحقق من توافقها مع المعلومات المقدمة من العملاء. يجب تطبيق إجراءات العناية الواجبة عند إنشاء وتعزيز العلاقة عند إجراء معاملات عشوا
65,هل يمكن فتح حساب بنكي للقاصر في المملكة العربية السعودية؟,bank_account,ar,answered,PASS,cached,8,0.9644,354,3882,يمكن فتح حساب بنكي للقاصر في المملكة العربية السعودية. يجب أن يتم فتح الحساب من خلال الوصي أو القيم أو الشخص الحاضن. يكون الحساب باسم القاصر، بينما يتم تشغيله من قبل الوصي أو القيم أو الشخص الحاضن. عن
66,ما هو إجراء المراجعة اليدوية لطلبات فتح الحساب؟,bank_account,ar,answered,PARTIAL,generative,0,0.0094,34,248590,لا تتوفر إجابة في الوثائق المقدمة.
67,ما هي شروط فتح الحساب عن بُعد؟,bank_account,ar,answered,PASS,cached,8,0.6823,275,4148,لا يجوز فتح الحسابات البنكية عن بُعد للعملاء الذين لديهم حسابات قائمة في نفس البنك. يجب على العملاء تقديم جميع الوثائق والمتطلبات اللازمة، باستثناء نسخة أصلية من الهوية والتوقيع. يجب على البنك التحقق 
68,ما هو نظام SAMA EN 1644 لفتح الحسابات البنكية؟,bank_account,ar,answered,PASS,cached,8,0.9804,446,3490,نظام SAMA EN 1644 يحدد متطلبات فتح الحسابات البنكية للكيانات المختلفة، بما في ذلك الشركات الأجنبية والكيانات الحكومية. يتطلب النظام تقديم مستندات مثل السجل التجاري، الترخيص، ونسخ من بطاقات الهوية للأش
69,ما هي القيود على الحسابات للمقيمين من غير السعوديين؟,bank_account,ar,answered,PASS,cached,8,0.892,383,3503,لا يجوز فتح حسابات مصرفية للمقيمين من غير السعوديين إلا بعد الحصول على موافقة مكتوبة من الجهة الداعية لإبلاغ البنك عند مغادرة المقيم للمملكة بشكل دائم. يجب أن تكون الحسابات المصرفية للمقيمين من غير ال
70,هل يمكن فتح حساب بنكي بدون سجل تجاري؟,bank_account,ar,answered,PASS,cached,8,0.0519,301,3220,لا يجوز فتح حساب بنكي لشركات غير مصرفية من دول مجلس التعاون الخليجي غير المقيمة في السعودية بدون تقديم نسخة من السجل التجاري أو الترخيص الصادر عن الجهة الحكومية في بلد الإقامة. يجب أن تتضمن الوثائق ال
71,ما هي متطلبات التوقيع الرقمي لفتح الحساب؟,bank_account,ar,answered,ERROR,error,0,,0,366210,
72,ما هي حدود الحساب البنكي الرقمي؟,bank_account,ar,answered,ERROR,error,0,,0,366128,
73,ما هي متطلبات التحقق البيومتري لفتح الحساب؟,bank_account,ar,answered,PASS,cached,8,0.7034,250,71932,يجب إرسال كلمة مرور لمرة واحدة (OTP) إلى رقم الهاتف الموثق كوسيلة للتحقق عند فتح حساب جديد. يجب أن يتم التحقق من العميل باستخدام آلية المصادقة البيومترية، مثل التعرف على الوجه من طرف موثوق. يجب أن يتم
74,ما هي أسباب رفض طلب فتح الحساب البنكي؟,bank_account,ar,answered,PASS,cached,8,0.2131,405,4140,يمكن للبنك المركزي رفض طلب الترخيص في حال عدم استيفاء مقدم الطلب البيانات أو المعلومات أو الوثائق وفق المتطلبات المنصوص عليها. كما يمكن الرفض في حال عدم تزويد البنك المركزي بالبيانات أو المعلومات الإض
75,ما هي معايير الأهلية لفتح حساب بنكي في السعودية؟,bank_account,ar,answered,PASS,cached,8,0.825,580,3459,تُسمح للأشخاص الطبيعيين بفتح حسابات بنكية واستخدام الخدمات المقدمة من البنوك العاملة في السعودية وفقًا للشروط المنظمة لهذه الخدمات. يجب على المواطنين السعوديين تقديم هويتهم الوطنية أو سجل الأسرة للقصر
76,ما هي وثائق عقد التأسيس المطلوبة لفتح حساب الشركة؟,bank_account,ar,answered,PASS,cached,8,0.4699,331,4036,تتطلب وثائق عقد التأسيس لفتح حساب الشركة تقديم نسخة من السجل التجاري وعقد التأسيس ونظامها الأساسي بعد تأسيسها. يجب أيضًا إثبات دفع كامل رأس المال وأي تمويل أولي إضافي مبيّن في خطة العمل. بالإضافة إلى 
77,ما هي شروط فتح الحساب المشترك وفق ساما؟,bank_account,ar,answered,ERROR,error,0,,0,366149,
78,ما هي إجراءات التقديم غير المكتمل لفتح الحساب؟,bank_account,ar,answered,PASS,cached,8,0.0216,367,4404,إذا لم يتم استكمال جميع أجزاء النموذج، قد يتم اعتبار الطلب غير مكتمل. يجب على المتقدم التأكد من تقديم جميع المعلومات المطلوبة، وإذا كان هناك سؤال غير ذي صلة، يجب الإشارة إلى أنه غير قابل للتطبيق وتقدي
79,هل يمكن للمقيم الأجنبي من دول الخليج فتح حساب؟,bank_account,ar,answered,PASS,cached,8,0.3278,258,3839,نعم، يمكن للمقيمين الأجانب من دول الخليج فتح حسابات بنكية في السعودية. يجب عليهم تقديم نسخة من الهوية الوطنية الخاصة بهم وعنوانهم في السعودية، بالإضافة إلى عنوانهم في بلدهم الأصلي. يمكنهم أيضًا تفويض 
80,ما هي اشتراطات ساما للمؤسسات الصغيرة والمتوسطة؟,bank_account,ar,answered,PASS,cached,8,0.9613,497,4168,تشترط ساما أن يكون الشكل النظامي للكيان المرخص له كشركة مدفوعات صغيرة؛ شركة مساهمة أو شركة مساهمة مبسطة أو شركة ذات مسؤولية محدودة. يجب على مقدم الطلب استكمال إجراءات تأسيس الشركة خلال مئة وثمانين يوم
81,What are the KYC requirements for corporate customers?,kyc_aml,en,answered,PASS,cached,8,0.8825,701,4864,Corporate customers must provide a copy of the license or commercial register issued by a competent government authority in their country of residence. The company's articles of association or memoran
82,What enhanced due diligence applies to politically exposed persons?,kyc_aml,en,answered,PASS,cached,74,0.9928,1521,4748,Enhanced due diligence measures shall be applied to politically exposed persons (PEPs) and their family members or close associates. Financial institutions must take reasonable measures to identify wh
83,What sanctions lists must banks screen against?,kyc_aml,en,answered,PASS,generative,8,0.298,573,74277,"Banks must ensure that they obtain and make proper use of sanction lists or findings issued by the Government of KSA or any government departments in KSA. Additionally, they must also consider the fin"
84,What is the SAR reporting threshold under SAMA?,kyc_aml,en,answered,PASS,cached,6,0.9856,515,5218,"The SAR reporting threshold under SAMA is 44,600 SAR and 446,000 SAR. These thresholds are used for calculating operational risk losses and determining exclusions. The total loss amount net of recover"
85,What are the AML obligations for Saudi banks?,kyc_aml,en,answered,PASS,cached,8,0.9788,604,4611,"Saudi banks are required to obtain information about wire transfer originators and beneficiaries before processing any wire transfers. This information must include the full name, account number, addr"
86,What customer due diligence is required for individual customers?,kyc_aml,en,answered,PASS,cached,8,0.8315,698,4288,Customer due diligence for individual customers requires the identification and verification of their identity on a continuous basis. Financial institutions must ensure that the business relationship 
87,What are the UBO verification requirements?,kyc_aml,en,answered,PASS,cached,8,0.0063,715,4982,"Real beneficiaries holding ultimate control shall be identified and verified, specifically a natural owner holding 25% as specified in the company’s memorandum of association and its annexes or accord"
88,What are the suspicious activity reporting requirements?,kyc_aml,en,answered,PASS,cached,8,0.9837,908,4178,The financial institution shall set up and effectively implement internal procedures for reporting unusual transactions or activities. It shall immediately and directly inform the relevant authority u
89,What is the SAMA framework for anti-money laundering?,kyc_aml,en,answered,PASS,cached,8,0.9841,684,4156,The SAMA framework for anti-money laundering includes obligations outlined in the Anti-Money Laundering Law and the Law on Terrorism Crimes and Financing. Financial institutions are required to comply
90,What are the enhanced due diligence measures for high-risk customers?,kyc_aml,en,answered,PASS,cached,7,0.998,958,4979,The financial institution shall include enhanced due diligence measures in its approved AML/CTF policies and procedures to identify high-risk customers and business relationships. These measures may i
91,What are the requirements for screening against sanctions lists?,kyc_aml,en,answered,PASS,generative,8,0.1915,758,238505,The financial institution shall ensure that it obtains and makes proper use of sanction lists or findings issued by the Government of KSA or any government departments in KSA. It must put in place an effective and compre
92,What is the role of SAFIU in AML reporting?,kyc_aml,en,answered,PASS,cached,8,0.9636,787,5413,"The Saudi Arabia Financial Intelligence Unit (SAFIU) is a national center that receives information and reports related to money laundering, terrorist financing, predicate offenses, or proceeds of cri"
93,What ongoing monitoring is required for customer relationships?,kyc_aml,en,answered,PASS,cached,8,0.7253,821,3545,Financial institutions shall monitor customers and transactions on an ongoing basis and take necessary preventive measures to review and update customer information. This includes categorizing custome
94,What are the FATF requirements applicable to Saudi banks?,kyc_aml,en,answered,PASS,generative,8,0.9769,825,66385,The requirements stated in the Guide are obligatory and are the minimum requirements to be complied with by financial institutions. Financial institutions must comply with the Correspondence Relations
95,How are politically exposed persons defined under SAMA regulations?,kyc_aml,en,answered,PASS,generative,8,0.9598,805,95548,"A politically exposed person (PEP) is defined as any individual who holds a prominent public function in the Kingdom or a foreign country, or a senior management position in an international organizat"
96,What happens when a customer fails enhanced due diligence?,kyc_aml,en,answered,PASS,cached,8,0.6308,848,4691,The financial institution that fails to identify a Politically Exposed Person (PEP) or has suspicions regarding a PEP shall include specific information in its records. This includes the measures take
97,What senior management approval is needed for PEP relationships?,kyc_aml,en,answered,PASS,cached,8,0.967,681,3379,A financial institution shall obtain senior management approval before establishing or continuing a business relationship with a politically exposed person from a foreign country. The same requirement
98,What are the source of wealth requirements for PEPs?,kyc_aml,en,answered,PASS,cached,8,0.8867,669,3265,The financial institution shall take all reasonable measures to identify the source of the customer’s wealth and funds. This requirement applies to both foreign and local PEPs when the level of money 
99,What are the UN Security Council sanctions screening requirements?,kyc_aml,en,answered,PASS,generative,8,0.3321,488,77912,"The financial institution shall notify SAMA immediately of any accounts, business relationships, or financial transactions involving the names included in the lists of the UN Security Council committees. The financial in"
100,What are the PCCML list screening requirements?,kyc_aml,en,answered,NOT_FOUND,generative,0,0.4829,76,209520,The provided documentation does not contain a clear answer to this question.
101,What KYC documents are required for corporate onboarding?,kyc_aml,en,answered,NOT_FOUND,generative,0,0.0262,76,231081,The provided documentation does not contain a clear answer to this question.
102,What are the ultimate beneficial owner requirements?,kyc_aml,en,answered,PASS,generative,8,0.921,845,97016,"Ultimate beneficial owners shall be identified and verified, specifically a natural owner holding 25% or more of the legal entity's shares as specified in the company’s memorandum of association and i"
103,What are the AML record keeping requirements?,kyc_aml,en,answered,PASS,generative,8,0.9748,871,75418,Financial institutions and designated non-financial businesses and professions shall keep records for a period of no less than ten years from the date of concluding the transaction or closure of the a
104,When must a suspicious activity report be filed?,kyc_aml,en,answered,PASS,cached,8,0.9837,908,3892,The financial institution shall set up and effectively implement internal procedures for reporting unusual transactions or activities. It shall immediately and directly inform the relevant authority u
105,What are the customer risk classification requirements?,kyc_aml,en,answered,PASS,generative,8,0.9001,773,116586,The financial institution shall classify all its customers according to the risk assessment results and take the necessary preventive measures to mitigate ML/TF risks. It can classify the level and de
106,What are the OFAC screening requirements for Saudi banks?,kyc_aml,en,answered,NOT_FOUND,generative,0,0.2023,76,248458,The provided documentation does not contain a clear answer to this question.
107,What are the transaction monitoring requirements under AML regulations?,kyc_aml,en,answered,PASS,generative,8,0.9837,720,94796,The financial institution shall monitor transactions and activities on an ongoing basis to detect any unexpected or unusual behavior from customers. It must implement appropriate technological systems
108,How should banks handle customers linked to terrorism financing?,kyc_aml,en,answered,PASS,generative,8,0.9172,795,77206,"Banks shall terminate the business relationships they have with customers if they suspect that a terrorism financing operation is underway. In such cases, they must promptly file a report of the suspi"
109,What are the correspondent banking due diligence requirements?,kyc_aml,en,answered,PASS,generative,8,0.9664,1010,81851,"Before entering into a correspondence relationship, the financial institution shall collect sufficient information about the correspondent institution to fully understand the nature of its work, the s"
110,What are the wire transfer monitoring requirements?,kyc_aml,en,answered,PASS,generative,8,0.9425,921,113750,"The financial institution and the intermediary financial institution receiving a wire transfer from outside Saudi Arabia shall prepare and implement policies, procedures, and controls to identify wire"
111,What is the definition of money laundering under SAMA regulations?,kyc_aml,en,answered,ERROR,error,0,,0,366167,
112,What are the cash transaction reporting requirements?,kyc_aml,en,answered,ERROR,error,0,,0,366151,
113,What training requirements exist for AML compliance officers?,kyc_aml,en,answered,PASS,generative,7,0.9045,722,103369,Specialized and adequate AML/CTF training shall be provided for the AML/CTF compliance function employees. The financial institution should ensure that the training takes into account the level of the
114,What are the SAMA requirements for AML governance?,kyc_aml,en,answered,PASS,generative,8,0.9801,758,79890,"Applicants must demonstrate to SAMA that their proposed compliance and AML/CTF processes, people, and systems are adequate and appropriate for ensuring compliance with the relevant regulations. SAMA w"
115,What are the risk-based approach requirements for AML?,kyc_aml,en,answered,PASS,generative,8,0.993,800,93694,"A financial institution shall prepare and adopt a risk-based approach commensurate with the nature and size of its business. This approach includes identifying inherent risks, determining the institut"
116,What are the politically exposed person family member requirements?,kyc_aml,en,answered,PASS,generative,8,0.9547,609,94321,A family member of a politically exposed person shall include any individual who is related to a politically exposed person by blood or marriage up to the second degree. The obligations under the law 
117,What are the digital banking AML requirements?,kyc_aml,en,answered,PASS,generative,8,0.945,755,72225,Digital-only banks are required to demonstrate compliance with the Anti-Money Laundering and Combating the Financing of Terrorism regulations in a fully digitalized environment. They must ensure that 
118,What are the suspicious transaction indicators under SAMA?,kyc_aml,en,answered,PASS,generative,7,0.9734,927,93279,A financial institution or designated non-financial business or profession shall implement indicators of suspected acts of money laundering. These indicators shall be updated on a continuous basis acc
119,What cross-border payment monitoring is required?,kyc_aml,en,answered,PASS,generative,8,0.564,759,78463,A financial institution ultimately receiving a cross-border wire transfer shall take reasonable measures to identify cross-border wire transfers that lack required originator or beneficiary informatio
120,What are the regulatory reporting timelines for suspicious activity?,kyc_aml,en,answered,PASS,generative,8,0.8315,963,69562,The financial institution shall submit suspicious transaction reports according to the reporting mechanism and form approved by the Saudi Arabia Financial Intelligence Unit. The report shall include a
121,ما هي متطلبات اعرف عميلك للعملاء المؤسسيين؟,kyc_aml,ar,answered,ERROR,error,0,,0,366150,
122,ما هي العناية الواجبة المعززة للأشخاص المعرضين سياسياً؟,kyc_aml,ar,answered,PASS,generative,8,0.075,419,99184,تتضمن العناية الواجبة المعززة للأشخاص المعرضين سياسياً اتخاذ تدابير إضافية لتخفيف المخاطر، مثل الحصول على موافقة الإدارة العليا قبل بدء أو الاستمرار في العلاقة التجارية مع الشخص المعني. يجب على المؤسس
123,ما هي قوائم العقوبات التي يجب على البنوك الفحص بها؟,kyc_aml,ar,answered,PASS,generative,8,0.2983,589,65879,يجب على البنوك التحقق من أسماء العملاء ذوي العلاقة العضوية مقابل قوائم الأفراد والجهات التي يجب إيقاف حركة أصولها أو رفضها أو تجميدها بناءً على تعليمات صادرة من الجهات الإشرافية. كما ينبغي متابعة ما ت
124,ما هو حد الإبلاغ عن الأنشطة المشبوهة تحت ساما؟,kyc_aml,ar,answered,PASS,generative,7,0.3439,339,87817,تلتزم المؤسسات المالية والأعمال غير المالية المعينة بالإبلاغ عن الأنشطة المشبوهة بغض النظر عن المبالغ المعنية. يجب أن تتضمن التقارير معلومات مثل أسماء وعناوين وأرقام هواتف الأشخاص الذين قاموا بالمعامل
125,ما هي التزامات مكافحة غسيل الأموال للبنوك السعودية؟,kyc_aml,ar,answered,PASS,generative,8,0.9262,344,237595,"تستمر البنوك السعودية في تنفيذ المهام التفتيشية الدورية للتأكد من تطبيق الأنظمة والتعليمات المتعلقة بمكافحة غسل الأموال وتمويل الإرهاب. يجب على المؤسسات المالية تطبيق متطلبات ""اعرف عميلك"" وقواعد مكافحة غسل الأموال وتمويل"
126,ما هو تعريف الشخص المعرض سياسياً؟,kyc_aml,ar,answered,PASS,generative,8,0.003,292,63245,الشخص المعرض سياسياً هو شخص يتمتع بمستوى عالٍ من المخاطر، ويتطلب إجراء تدقيق إضافي. يُعتبر هذا الشخص جزءاً من الفئات التي تحتاج إلى عناية خاصة عند التعامل معها، وذلك بسبب ارتباطه بمناصب سياسية أو حكومية. يتطلب التعامل مع
127,ما هي متطلبات التحقق من المالك المستفيد الفعلي؟,kyc_aml,ar,answered,PASS,generative,8,0.7573,504,74211,يجب تحديد المالك المستفيد الفعلي والتحقق من هويته باستخدام معلومات وبيانات تم الحصول عليها من مصدر موثوق. يجب أن يتم التعرف على الشخص الطبيعي الذي يمتلك أو يتحكم في 25% أو أكثر من أسهم الكيان القانوني
128,متى يجب تقديم تقرير الاشتباه؟,kyc_aml,ar,answered,PASS,generative,6,0.0061,487,95579,يجب على المؤسسات المالية والأعمال غير المالية المعينة أن تقدم تقرير الاشتباه عندما تشك أو يكون لديها أسباب معقولة للاشتباه في أن الأموال أو أجزاء منها هي عائدات جريمة أو مرتبطة بغسل الأموال. يجب أن يتم الإبلاغ عن هذه الم
129,ما هي متطلبات مراقبة المعاملات المشبوهة؟,kyc_aml,ar,answered,PASS,generative,8,0.2305,424,69297,تتطلب مراقبة المعاملات المشبوهة من المؤسسات المالية استخدام أفضل التقنيات لتحديد وتسجيل المعلومات وفقًا لمتطلبات العناية الواجبة. يجب على المؤسسة المالية تقديم تقارير عن المعاملات المشبوهة وفقًا لآلية
130,ما هي متطلبات فحص قوائم العقوبات لمجلس الأمن الدولي؟,kyc_aml,ar,answered,PASS,generative,7,0.0066,411,226126,يجب على المؤسسة المالية أن تُبلغ البنك المركزي السعودي على الفور عن أي حسابات أو علاقات تجارية أو معاملات مالية تتعلق بالأسماء المدرجة في قوائم لجان مجلس الأمن الدولي. يجب أن تضع المؤسسة المالية آلية فعالة وشاملة وتعتبر 
131,ما هي المتطلبات الرقابية المستمرة لعلاقات العملاء؟,kyc_aml,ar,answered,ERROR,error,0,,0,366138,
132,ما هي متطلبات مكافحة تمويل الإرهاب؟,kyc_aml,ar,answered,PASS,generative,8,0.5327,685,98365,يجب على المؤسسات المالية والأعمال غير المالية المعينة والمنظمات غير الربحية أن تضع وتنفذ سياسات وإجراءات وضوابط فعالة لمكافحة تمويل الإرهاب، تهدف إلى إدارة وتخفيف أي مخاطر تم تحديدها. يجب أن تشمل هذه 
133,ما هي متطلبات التدريب لمسؤولي الامتثال لمكافحة الغسيل؟,kyc_aml,ar,answered,ERROR,error,0,,0,366157,
134,ما هو دور وحدة الاستخبارات المالية السعودية؟,kyc_aml,ar,answered,ERROR,error,0,,0,366102,
135,ما هي المؤشرات على الأنشطة المشبوهة وفق ساما؟,kyc_aml,ar,answered,ERROR,error,0,,0,366151,
136,ما هي متطلبات العناية الواجبة للعملاء عالي المخاطر؟,kyc_aml,ar,answered,PASS,generative,8,0.0033,489,88162,تتطلب العناية الواجبة للعملاء عالي المخاطر تطبيق إجراءات إضافية تشمل التحقق من هوية العميل ومصدر أمواله. يجب على المؤسسات المالية إجراء تقييم شامل للمخاطر المرتبطة بالعميل، بما في ذلك تحليل السجل الما
137,ما هي متطلبات الفحص لقائمة OFAC؟,kyc_aml,ar,answered,ERROR,error,0,,0,325907,
138,ما هي إجراءات الإبلاغ عن المعاملات المشبوهة؟,kyc_aml,ar,answered,PASS,generative,8,0.0509,449,73727,يجب على المؤسسات المالية تقديم تقارير عن المعاملات المشبوهة وفقًا للآلية والنموذج المعتمد من وحدة الاستخبارات المالية. يجب أن تتضمن التقارير جميع البيانات والمعلومات المتاحة حول المعاملة والأطراف المع
139,ما هي متطلبات حفظ سجلات مكافحة الغسيل؟,kyc_aml,ar,answered,ERROR,error,0,,0,366151,
140,ما هو التوجه القائم على المخاطر في مكافحة الغسيل؟,kyc_aml,ar,answered,PASS,generative,8,0.0015,593,75368,يجب على المؤسسات المالية والأعمال والمهن غير المالية المعينة تحديد وتقييم وتوثيق مخاطر غسل الأموال الخاصة بها وتحديثها. يتعين أن تأخذ هذه التقييمات في الاعتبار مجموعة واسعة من عوامل المخاطر، بما في ذل
141,ما هي متطلبات موافقة الإدارة العليا على العلاقات مع الأشخاص المعرضين؟,kyc_aml,ar,answered,PASS,generative,8,0.01,403,115085,يجب على المؤسسة المالية أو الأعمال غير المالية المعينة الحصول على موافقة الإدارة العليا قبل إنشاء أو الاستمرار في علاقة تجارية مع الأشخاص المعرضين سياسيًا من دول أجنبية. يتعين عليها اتخاذ تدابير معقول
142,ما هي متطلبات مراقبة المدفوعات العابرة للحدود؟,kyc_aml,ar,answered,PASS,generative,8,0.9128,421,73955,يجب على مشغل نظام المدفوعات الالتزام بوجود مذكرة تفاهم سارية بين البنك المركزي والجهة المختصة في الدولة ذات الصلة تتعلق بالإشراف على نُظم المدفوعات. كما يجب أن يثبت للبنك المركزي أن الدولة المعنية لدي
143,ما هي إجراءات إنهاء العلاقة مع العملاء عند فشل العناية الواجبة؟,kyc_aml,ar,answered,ERROR,error,0,,0,366189,
144,ما هي متطلبات الحوكمة لمكافحة غسيل الأموال في ساما؟,kyc_aml,ar,answered,PASS,generative,8,0.9019,453,76599,تتطلب ساما من المؤسسات المالية الالتزام بقواعد مكافحة غسل الأموال وتمويل الإرهاب. يجب على المؤسسات تطوير ضوابط مكتوبة وفعالة تحول دون استغلالها في عمليات غسل الأموال. كما يتعين عليها تطبيق متطلبات اعر
145,ما هي متطلبات التحقق من مصدر الثروة للأشخاص المعرضين سياسياً؟,kyc_aml,ar,answered,PARTIAL,generative,0,0.1005,34,343561,لا تتوفر إجابة في الوثائق المقدمة.
146,What is the minimum capital adequacy ratio for Saudi banks?,capital,en,answered,ERROR,error,0,,0,366152,
147,How is the leverage ratio calculated under SAMA Basel III?,capital,en,answered,ERROR,error,0,,0,366171,
148,What is the LCR requirement for Saudi banks?,capital,en,answered,ERROR,error,0,,0,366081,
149,What is the NSFR requirement under SAMA regulations?,capital,en,answered,PASS,generative,7,0.9909,496,97503,The NSFR is defined as the amount of available stable funding relative to the amount of required stable funding. This ratio should be equal to at least 100% on an ongoing basis. Banks are expected to 
150,What is the CET1 capital requirement for Saudi banks?,capital,en,answered,ERROR,error,0,,0,366165,
151,What is the Tier 1 capital requirement under Basel III?,capital,en,answered,ERROR,error,0,,0,366124,
152,What are the capital conservation buffer requirements?,capital,en,answered,PASS,generative,7,0.9755,651,354380,"A capital conservation buffer of 2.5%, comprised of Common Equity Tier 1, is established above the regulatory minimum capital requirement. This buffer is designed to ensure that banks build up capital outside periods of "
153,What are the risk-weighted assets calculation requirements?,capital,en,answered,PASS,generative,8,0.985,714,122002,"The derivation of risk-weighted assets is dependent on estimates of the probability of default (PD), loss-given-default (LGD), exposure at default (EAD), and, in some cases, effective maturity (M) for"
154,What is the minimum total capital ratio for Saudi banks?,capital,en,answered,PASS,generative,8,0.9929,266,107475,The minimum total capital ratio for Saudi banks is 8%. This ratio is part of the capital adequacy requirements under the Basel III framework. Banks must maintain this minimum total capital ratio to en
155,What are the HQLA requirements for liquidity coverage ratio?,capital,en,answered,PASS,generative,8,0.9753,719,104192,An LCR FBB must maintain an adequate level of unencumbered high-quality liquid assets (HQLA) to meet its liquidity needs for a 30 calendar day period under a severe stress scenario. The ratio of the L
156,What is the 75 percent cap on cash inflows for LCR?,capital,en,answered,PASS,generative,8,0.9657,452,100333,"The cap on cash inflows is equal to 75% of total cash outflows. This cap is designed to prevent banks from relying solely on anticipated inflows to meet their liquidity requirements. As a result, a ba"
157,What are the pillar 3 disclosure requirements?,capital,en,answered,PASS,generative,8,0.9989,874,74079,Banks must establish a formal board-approved disclosure policy for Pillar 3 information that outlines internal controls and procedures for disclosure. The board of directors and senior management are 
158,What are the ICAAP requirements for Saudi banks?,capital,en,answered,PASS,generative,8,0.9861,773,71262,An applicant is required to submit an Internal Capital Adequacy Assessment Plan (ICAAP) along with the application. SAMA will assess the adequacy of capital of applicants on a case-by-case basis consi
159,What are the operational risk capital requirements?,capital,en,answered,PASS,generative,8,0.992,933,89816,"Banks with a business income less than or equal to SAR 4.46 billion must set the internal loss multiplier equal to 1 in the calculation of the operational risk capital requirement, unless they have ob"
160,What is the loss event threshold for operational risk?,capital,en,answered,PASS,generative,6,0.9962,493,68667,"The loss event threshold for operational risk is 44,600 SAR or 446,000 SAR. This threshold is applicable for the operational risk capital calculation. It is used to determine the total loss amounts ne"
161,What is the loan-to-value ratio for residential real estate?,capital,en,answered,PASS,generative,8,0.9773,516,106793,"The loan-to-value ratio for residential real estate must be 80% or lower to meet the eligibility criteria for claims secured by residential real estate. Additionally, there is a specific requirement f"
162,What are the annual disclosure requirements for banks?,capital,en,answered,PASS,generative,8,0.9881,527,70770,The data required for annual disclosures should be for the corresponding 12-month period. Banks must publish their Pillar 3 report in a standalone document that provides a readily accessible source of prudential measures
163,What is the loan to deposit ratio reporting requirement?,capital,en,answered,ERROR,error,0,,0,366130,
164,What are the minimum capital requirements for a new bank license?,capital,en,answered,ERROR,error,0,,0,366177,
165,What is the net stable funding ratio calculation?,capital,en,answered,ERROR,error,0,,0,366153,
166,What are the countercyclical capital buffer requirements?,capital,en,answered,PASS,generative,8,0.9861,834,232457,The countercyclical capital buffer requirements are applicable to banks based on the jurisdictions in which they have private sector credit exposures. The template for disclosure is mandatory for all banks subject to a c
167,What are the systemically important bank surcharge requirements?,capital,en,answered,PASS,generative,7,0.9116,638,97589,The capital surcharges for domestic systemically important banks (D-SIBs) range from 0.5 percent to 2.5 percent. These surcharges are applicable to five D-SIBs as of 2022. The specific percentage of the surcharge varies 
168,What is the leverage ratio minimum under SAMA?,capital,en,answered,PASS,generative,7,0.9756,346,105451,Banks’ leverage ratio must be at least 3% at all times. This requirement is applicable to all banks under the regulations set by SAMA. The leverage ratio is calculated based on the capital measure and exposure measure. I
169,What Basel III reforms apply to Saudi banks?,capital,en,answered,ERROR,error,0,,0,366160,
170,What is the definition of Tier 2 capital under SAMA?,capital,en,answered,ERROR,error,0,,0,366125,
171,What are the stress testing requirements for Saudi banks?,capital,en,answered,PASS,generative,8,0.998,787,112287,Stress testing is a mandatory regulatory requirement for all locally incorporated banks and branches of foreign banks with total assets exceeding 0.5% of the Saudi Banking System's total assets. Banks are required to con
172,What is the market risk capital requirement?,capital,en,answered,PASS,generative,8,0.992,668,107078,The market risk capital requirement is the regulatory capital that banks must hold to cover potential losses from market risk. All banks are required to calculate this capital charge using the Standardised Approach. The 
173,What is the credit risk capital calculation method?,capital,en,answered,PASS,generative,8,0.8948,887,78954,"The credit risk capital calculation method involves applying the standardized approach to credit risk, the internal ratings-based (IRB) approach to credit risk, or specific capital requirements for exposures to central c"
174,What are the SAMA requirements for internal capital adequacy assessment?,capital,en,answered,PASS,generative,8,0.9974,803,104393,An applicant is required to submit an Internal Capital Adequacy Assessment Plan (ICAAP) along with the application. SAMA requires that the ICAAP must be reviewed regularly by a bank's board or the board's executive commi
175,What are the eligible capital instruments under SAMA Basel III?,capital,en,answered,ERROR,error,0,,0,366175,
176,ما هي نسبة كفاية رأس المال المطلوبة للبنوك السعودية؟,capital,ar,answered,ERROR,error,0,,0,366172,
177,ما هي متطلبات نسبة تغطية السيولة؟,capital,ar,answered,PASS,generative,8,0.1504,611,364057,تتطلب نسبة تغطية السيولة أن يكون لدى البنك مخزون كافٍ من الأصول السائلة عالية الجودة غير المقيدة، والتي تتكون من النقد أو الأصول التي يمكن تحويلها إلى نقد دون خسارة كبيرة في القيمة في الأسواق الخاصة. يجب أن يمكّن هذا الم
178,ما هي نسبة الرافعة المالية المطلوبة وفق ساما؟,capital,ar,answered,PASS,generative,8,0.9556,256,67108,يجب أن تكون نسبة الرافعة المالية للبنوك على الأقل 3% في جميع الأوقات. لا يجوز للبنوك استخدام الضمانات المالية أو المادية أو أي تقنيات أخرى لتخفيف المخاطر لتقليل قياس الرافعة المالية. كما لا يجوز للبنوك صافي الأصول والخصو
179,ما هو الحد الأدنى لرأس المال الأساسي من الشريحة الأولى؟,capital,ar,answered,ERROR,error,0,,0,366159,
180,ما هي متطلبات نسبة التمويل المستقر الصافي؟,capital,ar,answered,PASS,generative,8,0.379,568,229234,"تُعرّف نسبة التمويل المستقر الصافي على أنها مقدار التمويل المستقر المتاح بالنسبة لمقدار التمويل المستقر المطلوب. يجب أن تكون هذه النسبة مساوية على الأقل لـ 100% بشكل مستمر. يُعتبر ""التمويل المستقر المتاح"" هو الجزء من رأس"
181,ما هي متطلبات الإفصاح السنوي للبنوك؟,capital,ar,answered,PASS,generative,7,0.0932,504,238485,تتطلب الإفصاحات السنوية للبنوك تقديم معلومات شاملة عن الأنشطة الرئيسية والمخاطر الكبيرة، مدعومة بالبيانات والمعلومات ذات الصلة. يجب أن تصف الإفصاحات العمليات والإجراءات التي تتبعها البنوك في تحديد وقياس وإدارة المخاطر. ك
182,ما هو الحد الأقصى لتدفقات النقد الداخلة في نسبة التغطية؟,capital,ar,answered,PASS,generative,8,0.2373,289,77692,الحد الأقصى لتدفقات النقد الداخلة هو 75% من إجمالي التدفقات النقدية الخارجة. يتطلب ذلك أن تحتفظ البنوك بحد أدنى من الأصول السائلة عالية الجودة يعادل 25% من إجمالي التدفقات النقدية الخارجة. يتم تطبيق هذا الحد لضمان عدم اع
183,ما هي متطلبات الركيزة الثالثة للإفصاح؟,capital,ar,answered,PASS,generative,7,0.3793,593,68737,تتطلب متطلبات الركيزة الثالثة للإفصاح من البنوك نشر تقرير مستقل يوفر مصدراً يسهل الوصول إليه للقياسات الاحترازية. يجب أن يكون التقرير واضحاً للمستخدمين، ويمكن أن يُضاف إلى التقرير المالي للبنك أو يشكل جزءاً منفصلاً منه. 
184,ما هو نسبة القرض إلى الودائع؟,capital,ar,answered,PASS,generative,8,0.2845,236,73714,نسبة القرض إلى الودائع تُعرف بأنها القروض الصافية مقسومة على الودائع بعد تطبيق الأوزان. يتوقع من البنوك الحفاظ على نسبة القرض إلى الودائع أقل من 90%. يجب أن تشمل النسبة المعاملات بالعملات المحلية والأجنبية للكيانات المقي
185,ما هي الحد الأدنى لنسبة كفاية رأس المال الإجمالية؟,capital,ar,answered,PASS,generative,8,0.0424,260,60029,الحد الأدنى لنسبة كفاية رأس المال الإجمالية هو 8.096% من الأصول الموزونة حسب المخاطر. يجب على البنوك الالتزام بهذا المتطلب اعتبارًا من 1 يناير 2013. يتعين على البنوك أيضًا تلبية متطلبات أخرى تتعلق برأس المال الأساسي من ا
186,ما هي الأصول السائلة عالية الجودة للامتثال لنسبة التغطية؟,capital,ar,answered,PASS,generative,7,0.1313,551,72463,الأصول السائلة عالية الجودة هي الأصول التي يجب أن تحتفظ بها البنوك لتغطية إجمالي التدفقات النقدية الخارجة خلال فترة 30 يومًا تحت سيناريو ضغط مالي شديد. يجب أن تكون هذه الأصول غير مقيدة وقابلة للتحويل إلى نقد في أي وقت لت
187,ما هي متطلبات وسادة الحفاظ على رأس المال؟,capital,ar,answered,ERROR,error,0,,0,366184,
188,ما هي متطلبات الحد الأدنى لرأس مال البنوك الجديدة؟,capital,ar,answered,ERROR,error,0,,0,366133,
189,ما هي إصلاحات بازل الثالث المطبقة على البنوك السعودية؟,capital,ar,answered,ERROR,error,0,,0,366171,
190,ما هو تعريف رأس المال من الشريحة الثانية وفق ساما؟,capital,ar,answered,ERROR,error,0,,0,366163,
191,ما هي الأدوات المؤهلة لرأس المال وفق ساما؟,capital,ar,answered,ERROR,error,0,,0,258820,
192,ما هي متطلبات نسبة القرض إلى قيمة العقار؟,capital,ar,answered,PASS,generative,8,0.5199,425,77186,يجب أن يتم تقييم العقار وفقًا للمعايير المحددة لتحديد القيمة في نسبة القرض إلى قيمة العقار. علاوة على ذلك، يجب ألا تعتمد قيمة العقار بشكل مادي على أداء المقترض. يجب توثيق جميع المعلومات المطلوبة عند بدء القرض ولأغراض الم
193,ما هي متطلبات التقييم الداخلي لكفاية رأس المال؟,capital,ar,answered,PASS,generative,8,0.1109,536,103407,تتوقع السلطات أن تقوم البنوك السعودية بإجراء تقييم داخلي لكفاية رأس المال وتحديد مستويات رأس المال المستهدفة الداخلية بناءً على ملف المخاطر واستراتيجية رأس المال الخاصة بها. يجب أن تكون عمليات تقييم كفاية رأس المال الداخ
194,ما هو حد حدث الخسارة لمخاطر التشغيل؟,capital,ar,answered,PASS,generative,8,0.0412,251,72173,"حد حدث الخسارة لمخاطر التشغيل هو 44,600 ريال سعودي. يمكن للبنك المركزي زيادة هذا الحد إلى 446,000 ريال سعودي للبنوك التي يكون فيها مؤشر الأعمال أكبر من 4.46 مليار ريال سعودي. يجب أن يتم تضمين جميع الأحداث التي تتجاوز هذا"
195,ما هي متطلبات اختبار الإجهاد للبنوك السعودية؟,capital,ar,answered,PASS,generative,8,0.8949,447,69818,يجب على البنوك السعودية إجراء اختبارات إجهاد شاملة ومتينة تتماشى مع قواعد اختبار الإجهاد التي وضعتها الهيئة. يتعين على البنوك تصميم وتطوير وتنفيذ برامج اختبار الإجهاد الخاصة بها بما يتناسب مع طبيعة وحجم وتعقيد أعمالها وم
196,What are the NCA Essential Cybersecurity Controls?,cybersec,en,answered,PASS,generative,6,0.9987,823,50429,"The Essential Cybersecurity Controls developed by the National Cybersecurity Authority consist of 4 Cybersecurity Main Domains, 28 Cybersecurity Subdomains, 108 Cybersecurity Main Controls, and 92 Cybersecurity Subcontro"
197,What is the relationship between SAMA and NCA for cybersecurity?,cybersec,en,answered,PASS,generative,5,0.9828,738,54028,NCA is the national entity in charge of cybersecurity in the Kingdom of Saudi Arabia and serves as the national authority and reference on its affairs. NCA's mandate includes developing and issuing cybersecurity national
198,What are the CCC cloud cybersecurity requirements?,cybersec,en,answered,PASS,generative,6,0.996,645,69042,"The Cloud Cybersecurity Controls aim to set the minimum requirements for cybersecurity of cloud computing for both Cloud Service Providers and Cloud Service Tenants. These controls must protect the confidentiality, integ"
199,What are the SAMA cybersecurity framework requirements?,cybersec,en,answered,PASS,generative,8,0.9961,785,102389,"The SAMA cybersecurity framework defines principles and objectives for initiating, implementing, maintaining, monitoring, and improving cybersecurity controls in Member Organizations. It provides cybersecurity controls a"
200,What are the NCA governance requirements for cybersecurity?,cybersec,en,answered,PASS,generative,7,0.9948,865,49314,"The National Cybersecurity Authority (NCA) has established governance requirements that include the development and issuance of national cybersecurity policies, governance mechanisms, frameworks, standards, controls, and"
201,What are the incident response requirements under NCA?,cybersec,en,answered,PASS,generative,8,0.9954,682,52494,"The organization must establish a point of contact for reporting incidents internally. Cybersecurity incidents must be reported to the NCA once detected, and incident reports and breach indicators must be shared with the"
202,What are the cybersecurity monitoring requirements?,cybersec,en,answered,ERROR,error,0,,0,366199,
203,What third-party security requirements apply under SAMA?,cybersec,en,answered,PASS,generative,8,0.993,724,69961,The Third Party Cybersecurity Standard sets forth minimum cybersecurity requirements for third parties engaging with Saudi Aramco through contractual agreements. Third parties must establish and communicate a Cybersecuri
204,What are the OTCC operational technology cybersecurity controls?,cybersec,en,answered,PASS,generative,8,0.9963,789,121824,"The Operational Technology Cybersecurity Controls (OTCC) contains 4 main domains, 23 subdomains, 47 main controls, and 122 subcontrols. These controls are developed as an extension to the Essential Cybersecurity Controls"
205,What are the critical infrastructure cybersecurity requirements?,cybersec,en,answered,PASS,generative,8,0.9694,826,62606,"Critical National Infrastructure cybersecurity requirements include the protection of essential elements such as assets, facilities, systems, networks, processes, and key personnel. The loss or compromise of these elemen"
206,What are the Aramco CCC cybersecurity certification requirements?,cybersec,en,answered,PASS,generative,5,0.9983,711,73960,"To obtain the Saudi Aramco Cybersecurity Compliance Certificate (CCC), companies must comply with all controls under the ""A. General Requirements"" section in the Third Party Cybersecurity Standard. Companies with an acti"
207,What are the SACS-002 third-party cybersecurity requirements?,cybersec,en,answered,PASS,generative,8,0.9978,843,60666,"Third Parties must establish, maintain, and communicate a Cybersecurity Acceptable Use Policy governing the use of Third Party Technology Assets. Password protection measures must be enforced, including a minimum length "
208,What is the difference between CCC standard and CCC+ assessment?,cybersec,en,answered,PASS,generative,6,0.8562,509,75307,"The CCC standard and CCC+ assessment differ primarily in their applicability based on company classification. If both CCC and CCC+ are applicable, only CCC+ will be accepted. The CCC+ assessment involves an on-site compl"
209,What are the ISO 27001 requirements for banks?,cybersec,en,answered,NOT_FOUND,generative,0,0.7429,76,206181,The provided documentation does not contain a clear answer to this question.
210,What are the business continuity requirements for cybersecurity?,cybersec,en,answered,PASS,generative,8,0.9984,689,55225,"The business continuity requirements for cybersecurity include ensuring the continuity of cybersecurity systems and procedures. An assessment of risks that may affect business continuity must be performed, and vulnerabil"
211,What BYOD policies are required under NCA controls?,cybersec,en,answered,PASS,generative,8,0.9853,636,55914,"The cybersecurity requirements for mobile devices and BYOD security must be identified, documented, and approved. Data and information stored on mobile devices and BYOD must be protected according to their classification"
212,What are the vulnerability management requirements?,cybersec,en,answered,PASS,generative,8,0.993,725,53833,"Vulnerability management requirements include maintaining records of vulnerability assessments, updates, and associated changes. A report must be prepared after finalizing the vulnerability assessment to illustrate detec"
213,What are the access control requirements under ECC?,cybersec,en,answered,PASS,generative,8,0.9303,726,49154,"The access control requirements under ECC include user authentication based on username and password, as well as multi-factor authentication for remote access. User authorization management must be based on a need-to-kno"
214,What are the backup and recovery requirements under NCA?,cybersec,en,answered,ERROR,error,0,,0,366170,
215,What are the cybersecurity risk management requirements?,cybersec,en,answered,PASS,generative,8,0.9965,857,198870,"The cybersecurity risk management requirements include defining, documenting, and approving a cybersecurity risk management methodology that aligns with the National Cybersecurity Risk Management Framework. Organizations"
216,What are the network security requirements under ECC?,cybersec,en,answered,PASS,generative,8,0.982,897,59003,"The network security requirements under ECC must include defining and documenting the cybersecurity requirements of network security management at the organization, which must be approved by the representative. Organizat"
217,What are the identity and access management requirements?,cybersec,en,answered,PASS,generative,7,0.9935,686,45930,"The cybersecurity requirements for identity and access management must include user authentication based on username and password. User authorization must be managed based on a need-to-know and need-to-use basis, as well"
218,What are the cryptography requirements under NCA controls?,cybersec,en,answered,PASS,generative,8,0.9957,714,58127,"The cybersecurity requirements for cryptography under NCA controls must include at least the requirements in the National Cryptographic Standards. Organizations must develop, document, and approve procedures, standards, "
219,What are the cybersecurity awareness training requirements?,cybersec,en,answered,PASS,generative,6,0.9923,701,51582,"The cybersecurity awareness training program must be periodically developed and approved by the entity to strengthen awareness about cybersecurity, cyber threats, and risks. It shall include how to protect against the mo"
220,What physical security requirements apply under ECC?,cybersec,en,answered,PASS,generative,8,0.9854,693,58034,"Cybersecurity requirements for physical security under ECC must include, at a minimum, maintaining a list of personnel with authorized access to facilities and sensitive locations where OT/ICS assets reside. Real-time ph"
221,What are the cloud service provider security requirements?,cybersec,en,answered,PASS,generative,7,0.9894,822,88579,The cloud computing and hosting service provider must provide the organization with the required tools and technologies to manage and monitor its cloud services. Business continuity and disaster recovery requirements mus
222,What are the fraud reporting requirements to SAMA?,cybersec,en,answered,PASS,generative,8,0.9868,510,65127,Banks are required to promptly notify SAMA of new fraud typologies and significant fraud incidents in line with the Supervisory Notification requirements. They must take action when a notification is received regarding a
223,What is the internal Shariah audit function purpose?,cybersec,en,answered,PASS,generative,8,0.9974,647,82730,The internal Shariah audit function refers to the independent assessment conducted to provide objective assurance in order to add value and improve the degree of compliance in relation to the bank’s Islamic operations an
224,What are the SAMA cybersecurity framework sectors of application?,cybersec,en,answered,PASS,generative,8,0.9559,834,107160,"The SAMA cybersecurity framework is applicable to all Member Organizations regulated by SAMA, which include all banks, insurance and reinsurance companies, financing companies, credit bureaus, and financial market infras"
225,What are the ISO 22301 business continuity management requirements?,cybersec,en,answered,PASS,generative,8,0.9778,867,66928,The ISO 22301 business continuity management requirements include the capability of an organization to continue delivery of IT and business services at acceptable predefined levels following a disruptive incident. It inv
226,ما هي الضوابط الأساسية للأمن السيبراني الصادرة عن الهيئة الوطنية؟,cybersec,ar,answered,PASS,generative,6,0.3327,399,53081,الهيئة الوطنية للأمن السيبراني وضعت الضوابط الأساسية للأمن السيبراني لتحديد الحد الأدنى من متطلبات الأمن السيبراني للكيانات الوطنية. تشمل هذه الضوابط تطوير السياسات وآليات الحوكمة والمعايير والضوابط والإرشادات المتعلقة ب
227,ما هي العلاقة بين ساما والهيئة الوطنية للأمن السيبراني؟,cybersec,ar,answered,PASS,generative,5,0.7235,388,86245,تتعاون ساما مع الهيئة الوطنية للأمن السيبراني لتحقيق أهداف الأمن السيبراني في المملكة. تم تأسيس الهيئة الوطنية للأمن السيبراني بموجب مرسوم ملكي لتكون المرجع الوطني المتخصص في مسائل الأمن السيبراني. كما أن مسؤوليات الهيئة
228,ما هي ضوابط الأمن السيبراني السحابي؟,cybersec,ar,answered,ERROR,error,0,,0,366166,
229,ما هي متطلبات إطار الأمن السيبراني لساما؟,cybersec,ar,answered,PASS,generative,8,0.9877,590,102359,يتضمن إطار الأمن السيبراني لساما مجموعة من الأدوات والسياسات والمفاهيم الأمنية والإجراءات والتدريب وأفضل الممارسات التي تهدف إلى حماية أصول المعلومات في المؤسسات الأعضاء من التهديدات الداخلية والخارجية. تشمل الأهداف العا
230,ما هي متطلبات حوكمة الأمن السيبراني للهيئة الوطنية؟,cybersec,ar,answered,PASS,generative,8,0.9542,516,103874,تتطلب حوكمة الأمن السيبراني للهيئة الوطنية إنشاء إدارة معنية بالأمن السيبراني في الجهة، تكون مستقلة عن إدارة تقنية المعلومات والاتصالات. يجب أن تعمل هذه الإدارة وفقًا لمتطلبات تنظيمية محددة، وتكون مسؤولة عن إدارة وتطبيق 
231,ما هي متطلبات الاستجابة للحوادث السيبرانية؟,cybersec,ar,answered,ERROR,error,0,,0,366111,
232,ما هي متطلبات مراقبة الأمن السيبراني؟,cybersec,ar,answered,ERROR,error,0,,0,366142,
233,ما هي ضوابط التقنيات التشغيلية للأمن السيبراني؟,cybersec,ar,answered,ERROR,error,0,,0,366144,
234,ما هي متطلبات الأمن السيبراني للبنية التحتية الحيوية؟,cybersec,ar,answered,ERROR,error,0,,0,366097,
235,ما هو برنامج شهادة الامتثال للأمن السيبراني لأرامكو؟,cybersec,ar,answered,ERROR,error,0,,0,366133,
236,ما هي معايير SACS-002 لأمن الأطراف الثالثة؟,cybersec,ar,answered,PASS,generative,8,0.9579,610,51544,تتضمن معايير SACS-002 لأمن الأطراف الثالثة ضرورة أن يكون لدى الطرف الثالث سياسات وإجراءات لتصنيف المعلومات من حيث قيمتها وأهميتها وسرية المعلومات. يجب على الطرف الثالث أيضًا إنشاء وصيانة والتواصل بشأن سياسات ومعايير الأم
237,ما هو الفرق بين مستوى CCC القياسي والمستوى CCC+؟,cybersec,ar,answered,PASS,generative,6,0.4339,415,111075,المستوى CCC القياسي يتطلب إجراء تقييم ذاتي للامتثال، بينما المستوى CCC+ يتطلب تقييم امتثال في الموقع يتم بواسطة شركة تدقيق معتمدة. إذا كان كلا المستويين CCC وCCC+ قابلين للتطبيق بناءً على تصنيف الشركة، فسيتم قبول المستوى
238,ما هي متطلبات معيار ISO 27001 للبنوك؟,cybersec,ar,answered,PARTIAL,generative,0,0.0118,34,181816,لا تتوفر إجابة في الوثائق المقدمة.
239,ما هي متطلبات استمرارية الأعمال للأمن السيبراني؟,cybersec,ar,answered,ERROR,error,0,,0,366148,
240,ما هي متطلبات إدارة الثغرات الأمنية؟,cybersec,ar,answered,ERROR,error,0,,0,366139,
241,ما هي متطلبات التحكم في الوصول وفق الضوابط الأساسية؟,cybersec,ar,answered,PASS,generative,8,0.1271,566,129801,تتطلب متطلبات التحكم في الوصول توثيق ترتيبات ومعايير وإجراءات التحكم في الوصول. يجب أن تأخذ هذه الترتيبات في الاعتبار متطلبات الأمن السيبراني، وتصنيفات البيانات، والاتفاقيات مع مالكي التطبيقات، والمتطلبات التي يحددها مال
242,ما هي متطلبات النسخ الاحتياطي والاسترداد وفق الهيئة؟,cybersec,ar,answered,ERROR,error,0,,0,366172,
243,ما هي متطلبات تدريب التوعية بالأمن السيبراني؟,cybersec,ar,answered,ERROR,error,0,,0,366167,
244,ما هي قطاعات تطبيق إطار ساما للأمن السيبراني؟,cybersec,ar,answered,ERROR,error,0,,0,366148,
245,ما هي الإبلاغ عن الاحتيال المطلوب من ساما؟,cybersec,ar,answered,PASS,generative,8,0.5131,349,198589,يجب على المؤسسات المالية إبلاغ ساما على الفور عن أي أنواع جديدة من الاحتيال أو الحوادث الكبيرة المتعلقة بالاحتيال. كما يتعين على المؤسسات اتخاذ إجراءات عند تلقي إشعار عن أي حوادث احتيال كبيرة أو تحقيقات أو انتهاكات لسياس
246,What are the PDPL penalties for violations?,pdpl,en,answered,PASS,generative,8,0.8858,693,107300,"The penalties for violations of the Personal Data Protection Law include a warning and a fine not exceeding five million Saudi Riyals. The fine may be doubled in the event of a repeat violation, provided that the total f"
247,What is the scope of the Personal Data Protection Law?,pdpl,en,answered,PASS,generative,8,0.8913,1081,52660,The provisions and procedures stated in the Personal Data Protection Law shall not prejudice any provision that grants a right to the Data Subject or confers better protection to Personal Data pursuant to any other law o
248,What are the data subject rights under PDPL?,pdpl,en,answered,PASS,generative,8,0.8639,381,51780,The Data Subject has the right to be informed. The Data Subject has the right to access their personal data. The Data Subject has the right to rectification of inaccurate or incomplete data. The Data Subject has the righ
249,What are the controller obligations under PDPL?,pdpl,en,answered,PASS,generative,8,0.7888,945,64744,"The Group of Entities must ensure that the Binding Common Rules include Controllers' obligations stipulated in the PDPL and Regulations, in addition to the rights of Data Subjects, including claiming compensation for dam"
250,What is the role of SDAIA in data protection?,pdpl,en,answered,PASS,generative,8,0.9267,474,64022,SDAIA is the Competent Authority responsible for enforcing the Personal Data Protection Law. It oversees the implementation of data protection regulations and ensures compliance among organizations. SDAIA also sets stand
251,What are the consent requirements under PDPL?,pdpl,en,answered,PASS,generative,7,0.5341,530,62838,"Consent must be secured from individuals or entities before using their data in deepfake content. For long-term contracts, consent may include broad usage rights if specified in the terms. Any expansion of the data's use"
252,What are the data breach notification requirements?,pdpl,en,answered,PASS,generative,7,0.9075,870,52910,"In the event of a personal data breach, the Controller must notify the Saudi Data and Artificial Intelligence Authority within a period not exceeding 72 hours from the time it becomes aware of the incident. The notificat"
253,What are the cross-border data transfer requirements?,pdpl,en,answered,ERROR,error,0,,0,366167,
254,What are the binding common rules requirements for data protection?,pdpl,en,answered,PASS,generative,8,0.9904,907,72164,"The Binding Common Rules must ensure that the obligations of Controllers stipulated in the Personal Data Protection Law and Regulations are included, along with the rights of Data Subjects. Group members must cooperate w"
255,What are the NDMO data management requirements?,pdpl,en,answered,PASS,generative,8,0.9417,660,75417,The National Data Management Office requires the development and implementation of data management and personal data protection policies and guidelines aligned with national standards. Entities must establish a Data Mana
256,What personal data categories require special protection under PDPL?,pdpl,en,answered,PASS,generative,8,0.4941,660,285749,"Sensitive Data requires special protection under the Personal Data Protection Law. This includes personal data revealing racial or ethnic origin, religious beliefs, intellectual or political beliefs, security-related cri"
257,What are the data retention requirements under PDPL?,pdpl,en,answered,ERROR,error,0,,0,366157,
258,What are the processor obligations under PDPL?,pdpl,en,answered,ERROR,error,0,,0,366111,
259,What are the exceptions to consent requirements under PDPL?,pdpl,en,answered,PASS,generative,8,0.594,519,234383,"Processing of Personal Data shall not be subject to consent if it serves the actual interests of the Data Subject, but communicating with the Data Subject is impossible or difficult. Additionally, consent is not required"
260,What are the privacy impact assessment requirements?,pdpl,en,answered,PASS,generative,8,0.7675,596,74937,Conduct privacy impact assessments of proposed rules on the privacy of personal information. Ensure that Personally Identifiable Information is appropriately protected. Appropriate controls must be in place to effectivel
261,What are the ISO 27701 requirements for privacy management?,pdpl,en,answered,NOT_FOUND,generative,0,0.0382,76,245742,The provided documentation does not contain a clear answer to this question.
262,What is the right to erasure under PDPL?,pdpl,en,answered,PASS,generative,8,0.5272,729,59627,"Under the Personal Data Protection Law, individuals have the right to request the destruction of their personal data in certain circumstances. This includes situations where the personal data is no longer necessary to fu"
263,What are the PDPL requirements for personal data processing?,pdpl,en,answered,PASS,generative,8,0.9674,957,66562,"Organizations must consider privacy at the initial design stages and throughout the complete development process of new systems, applications, databases, products, processes, or services that involve processing personall"
264,What fines apply for PDPL violations in Saudi Arabia?,pdpl,en,answered,PASS,generative,8,0.9218,677,56405,"The Committee shall impose penalties for violations of the Personal Data Protection Law, which include a warning and a fine not exceeding five million Saudi Riyals. If a violation is repeated, the fine may be doubled, bu"
265,What are the legitimate bases for processing personal data under PDPL?,pdpl,en,answered,PASS,generative,8,0.7622,697,51411,The Controller may process Personal Data for legitimate interests provided that certain conditions are met. These conditions include ensuring that the purpose does not violate any laws in the Kingdom and balancing the ri
266,ما هي عقوبات مخالفة نظام حماية البيانات الشخصية؟,pdpl,ar,answered,PASS,generative,8,0.414,421,47109,تتضمن عقوبات مخالفة نظام حماية البيانات الشخصية تحذيرًا وغرامة لا تتجاوز خمسة ملايين ريال سعودي. يمكن مضاعفة الغرامة في حالة تكرار المخالفة، بشرط ألا تتجاوز الغرامة الإجمالية ضعف المبلغ المحدد في القانون. بالإضافة إلى ذل
267,ما هو نطاق تطبيق نظام حماية البيانات الشخصية؟,pdpl,ar,answered,PASS,generative,8,0.1266,398,52003,نطاق تطبيق نظام حماية البيانات الشخصية يشمل الجهات العامة والأشخاص الطبيعيين والكيانات الخاصة التي تحدد أغراض وطرق معالجة البيانات الشخصية. يجب على هذه الكيانات التسجيل في المنصة الوطنية لإدارة البيانات إذا كانت نشاطاتها
268,ما هي حقوق أصحاب البيانات وفق نظام حماية البيانات؟,pdpl,ar,answered,PASS,generative,8,0.1562,538,70095,يحق لأصحاب البيانات الحصول على المعلومات حول كيفية جمع بياناتهم الشخصية والأساس القانوني لجمعها ومعالجتها. كما يحق لهم الوصول إلى بياناتهم الشخصية وطلب تصحيحها إذا كانت غير دقيقة أو غير كاملة. يحق لهم أيضًا طلب تدمير بيا
269,ما هي التزامات المتحكمين في البيانات الشخصية؟,pdpl,ar,answered,PASS,generative,8,0.9469,413,54110,تتضمن التزامات المتحكمين في البيانات الشخصية إجراء تدقيقات ومراجعات منتظمة لأنشطة معالجة البيانات الشخصية لضمان الامتثال لمبدأ تقليل البيانات. يجب على المتحكمين ضمان أن موظفيهم المسؤولين عن جمع البيانات الشخصية يتلقون تد
270,ما هو دور هيئة البيانات والذكاء الاصطناعي في حماية البيانات؟,pdpl,ar,answered,ERROR,error,0,,0,366189,
271,ما هي متطلبات موافقة صاحب البيانات الشخصية؟,pdpl,ar,answered,PASS,generative,8,0.705,353,87970,يجب أن تُعطى الموافقة بحرية ودون استخدام طرق مضللة، ويجب أن تتوافق مع أحكام القانون. يجب أن تكون أغراض المعالجة واضحة ومحددة، ويجب توضيحها لصاحب البيانات قبل أو عند طلب الموافقة. يجب أن تُعطى الموافقة من قبل شخص لديه الق
272,ما هي متطلبات الإخطار عن اختراق البيانات الشخصية؟,pdpl,ar,answered,PASS,generative,8,0.207,418,58909,يجب على المتحكم أن يُخطر الهيئة خلال فترة لا تتجاوز 72 ساعة من الوقت الذي يصبح فيه على علم بالحادثة. يجب أن يتضمن الإخطار وصفًا لاختراق البيانات الشخصية، بما في ذلك الوقت والتاريخ وكيف حدث، وعدد الأشخاص المعنيين، ونوع وط
273,ما هي متطلبات نقل البيانات عبر الحدود؟,pdpl,ar,answered,PASS,generative,8,0.082,339,99550,تتطلب متطلبات نقل البيانات عبر الحدود التأكد من وجود مستوى حماية للبيانات الشخصية لا يقل عن المستوى المنصوص عليه في القانون واللوائح. يجب على الأطراف المعنية في النقل أو الكشف عن البيانات الشخصية التحقق من الامتثال للمعا
274,ما هي الغرامات المفروضة على مخالفات نظام حماية البيانات؟,pdpl,ar,answered,PASS,generative,8,0.3301,390,99265,تفرض اللجنة المختصة غرامة لا تتجاوز خمسة ملايين ريال سعودي على المخالفات المتعلقة بنظام حماية البيانات. يمكن مضاعفة الغرامة في حالة تكرار المخالفة، بشرط ألا تتجاوز الغرامة الإجمالية ضعف المبلغ المحدد في النظام. يجب أن تأ
275,ما هي أنواع البيانات الشخصية التي تتطلب حماية خاصة؟,pdpl,ar,answered,PASS,generative,8,0.0404,246,200923,البيانات الشخصية التي تتطلب حماية خاصة تشمل البيانات الحساسة التي تتعلق بالأفراد. يجب على المتحكمين اتخاذ تدابير لحماية هذه البيانات عند معالجتها. كما يتعين عليهم تعيين ضابط حماية البيانات في الحالات التي تتطلب معالجة ال
276,ما هو حق الحذف في نظام حماية البيانات الشخصية؟,pdpl,ar,answered,PASS,generative,8,0.1814,519,50964,يحق للموضوع البيانات طلب حذف بياناته الشخصية في حالات معينة. يجب على المتحكم في البيانات حذف البيانات الشخصية عند طلب الموضوع، أو إذا كانت البيانات لم تعد ضرورية لتحقيق الغرض الذي تم جمعها من أجله، أو إذا سحب الموضوع موا
277,ما هي الأسس المشروعة لمعالجة البيانات الشخصية؟,pdpl,ar,answered,ERROR,error,0,,0,366177,
278,ما هي استثناءات متطلب الموافقة في نظام حماية البيانات؟,pdpl,ar,answered,PASS,generative,8,0.2164,352,360447,استثناءات متطلب الموافقة في نظام حماية البيانات تشمل الحالات التالية: إذا كانت المعالجة تخدم المصالح الفعلية للموضوع، ولكن التواصل مع الموضوع مستحيل أو صعب. كذلك، إذا كانت المعالجة تتم بموجب قانون آخر أو تنفيذ اتفاق سابق
279,ما هو دور المكتب الوطني لإدارة البيانات؟,pdpl,ar,answered,PASS,generative,8,0.1196,324,58946,المكتب الوطني لإدارة البيانات مسؤول عن إدارة تحقيق الأجندة الوطنية لإدارة البيانات على مستوى الكيان. يجب على الكيان إنشاء مكتب إدارة البيانات ولجنة إدارة البيانات وتحديد وتعيين الأدوار ذات الصلة بحوكمة البيانات. كما يتعي
280,ما هي متطلبات ISO 27701 لإدارة الخصوصية؟,pdpl,ar,answered,PARTIAL,generative,0,0.0558,34,200235,لا تتوفر إجابة في الوثائق المقدمة.
281,Who are you?,identity,en,identity,PASS,identity,0,,267,2031,"I am IOTA AI, an AI regulatory assistant built by IOTA Technologies. I specialise in Saudi Arabian banking, cybersecurity, and data protection regulations — including SAMA frameworks, NCA controls, an"
282,What are you?,identity,en,identity,PASS,identity,0,,267,2047,"I am IOTA AI, an AI regulatory assistant built by IOTA Technologies. I specialise in Saudi Arabian banking, cybersecurity, and data protection regulations — including SAMA frameworks, NCA controls, an"
283,What is your name?,identity,en,identity,PASS,identity,0,,267,2074,"I am IOTA AI, an AI regulatory assistant built by IOTA Technologies. I specialise in Saudi Arabian banking, cybersecurity, and data protection regulations — including SAMA frameworks, NCA controls, an"
284,Tell me about yourself,identity,en,identity,PASS,identity,0,,267,2067,"I am IOTA AI, an AI regulatory assistant built by IOTA Technologies. I specialise in Saudi Arabian banking, cybersecurity, and data protection regulations — including SAMA frameworks, NCA controls, an"
285,من أنت؟,identity,ar,identity,PASS,identity,0,,276,2046,أنا IOTA AI، مساعد ذكاء اصطناعي تنظيمي طوّرته شركة IOTA Technologies. أتخصص في لوائح البنوك السعودية والأمن السيبراني وحماية البيانات، بما في ذلك أطر ساما وضوابط الهيئة الوطنية للأمن السيبراني ونظام ح
286,ما اسمك؟,identity,ar,identity,PASS,identity,0,,276,2063,أنا IOTA AI، مساعد ذكاء اصطناعي تنظيمي طوّرته شركة IOTA Technologies. أتخصص في لوائح البنوك السعودية والأمن السيبراني وحماية البيانات، بما في ذلك أطر ساما وضوابط الهيئة الوطنية للأمن السيبراني ونظام ح
287,What is the weather in Riyadh?,out_of_scope,en,out_of_scope,PASS,out_of_scope,0,,76,2026,This question is outside the scope of SAMA/banking regulatory documentation.
288,Who is the president of the United States?,out_of_scope,en,out_of_scope,PASS,out_of_scope,0,,76,2024,This question is outside the scope of SAMA/banking regulatory documentation.
289,What is the recipe for kabsa?,out_of_scope,en,out_of_scope,PASS,out_of_scope,0,,76,2032,This question is outside the scope of SAMA/banking regulatory documentation.
290,Are we ready?,out_of_scope,en,out_of_scope,PASS,out_of_scope,0,,76,2094,This question is outside the scope of SAMA/banking regulatory documentation.
291,Hello,out_of_scope,en,out_of_scope,PASS,out_of_scope,0,,76,2080,This question is outside the scope of SAMA/banking regulatory documentation.
292,What is the stock price of Saudi Aramco?,out_of_scope,en,out_of_scope,PASS,out_of_scope,0,,76,2044,This question is outside the scope of SAMA/banking regulatory documentation.
293,Okay thanks,out_of_scope,en,out_of_scope,PASS,out_of_scope,0,,76,2049,This question is outside the scope of SAMA/banking regulatory documentation.
294,Great,out_of_scope,en,out_of_scope,PASS,out_of_scope,0,,76,2059,This question is outside the scope of SAMA/banking regulatory documentation.
295,What is NORA?,nora,en,answered,PARTIAL,generative,0,,407,6206,"In Saudi Arabia, NORA commonly refers to the National Overall Reference Architecture, a national enterprise architecture framework. It acts as a blueprint to standardize how systems, applications, data, and technology ar"
296,What is SAMA?,general,en,answered,ERROR,error,0,,0,366171,
297,What does NCA stand for?,general,en,answered,ERROR,error,0,,0,286620,
298,What is PDPL?,general,en,answered,PASS,generative,8,0.9013,532,183558,The Personal Data Protection Law (PDPL) is a regulation in Saudi Arabia that governs the processing of personally identifiable information (PII). It is enforced by the Saudi Data and Artificial Intelligence Authority (SD
299,What is Basel III?,general,en,answered,PASS,generative,8,0.9651,705,35334,Basel III is a global regulatory framework designed to strengthen the capital requirements for banks and enhance their ability to absorb shocks during financial stress. It introduces measures to improve the quality of re
300,What is KYC?,general,en,answered,PASS,generative,8,0.6905,703,40790,Know Your Customer (KYC) is a principle that requires financial institutions to verify the identity of their customers to prevent criminal activities such as money laundering and terrorist financing. It involves establis
301,What is the ISO 27001 information security management system?,iso_grc,en,answered,PASS,generative,7,0.1421,625,68067,The ISO 27001 information security management system (ISMS) is a standard that provides a formal and continuous approach to information security management. It enables secure technology and business processes that align 
302,What are the GRC gap assessment requirements?,iso_grc,en,answered,NOT_FOUND,generative,0,0.0248,76,213467,The provided documentation does not contain a clear answer to this question.
303,What are the clawback arrangement requirements?,iso_grc,en,answered,PASS,generative,8,0.7994,692,82593,Clawback arrangements are mechanisms that allow for the adjustment of variable remuneration after it has been awarded or paid. These arrangements can reduce the variable remuneration in the event of negative contribution
304,What are the remuneration policy requirements for banks?,iso_grc,en,answered,PASS,generative,8,0.9963,933,65959,"Banks shall have a written Remuneration Policy for Senior Management approved by the General Assembly, and a Remuneration Policy for all other employees approved by the Board of Directors. The Remuneration Policy shall e"
305,What are the savings account regulations under SAMA?,iso_grc,en,answered,ERROR,error,0,,0,366154,
306,What are the administrative service charge maximums?,iso_grc,en,answered,NOT_FOUND,generative,0,0.0052,76,198989,The provided documentation does not contain a clear answer to this question.
307,What are the prepaid card fee types?,iso_grc,en,answered,PASS,generative,7,0.2841,561,61360,"The prepaid card fee types include card account operational fees, which may consist of card issuing fees, annual fees, and load fees. Terminal fees are specific fees for the rental of Point of Sale terminal equipment or "
308,What are the IFRS 9 non-performing exposure requirements?,iso_grc,en,answered,ERROR,error,0,,0,366170,
309,What are the ISO 22301 business continuity requirements?,iso_grc,en,answered,PASS,generative,8,0.9727,751,81643,The ISO 22301 business continuity requirements include the capability of an organization to continue delivery of IT and business services at acceptable predefined levels following a disruptive incident. It involves a hol
310,What are the ISO 42001 AI management system requirements?,iso_grc,en,answered,NOT_FOUND,generative,0,0.1805,76,193328,The provided documentation does not contain a clear answer to this question.
311,What are the SAMA deepfake guidelines?,iso_grc,en,answered,PASS,generative,8,0.9953,710,54964,"The SAMA deepfake guidelines provide comprehensive recommendations for technology developers, content creators, and consumers to mitigate risks associated with deepfake technologies. They emphasize the importance of ethi"
312,What are the IoT security requirements under ISO 27400?,iso_grc,en,answered,NOT_FOUND,generative,0,0.0295,76,149117,The provided documentation does not contain a clear answer to this question.
313,What are the blockchain security requirements under ISO 23200?,iso_grc,en,answered,NOT_FOUND,generative,0,0.0072,76,205877,The provided documentation does not contain a clear answer to this question.
314,What are the IT service management requirements under ISO 20000?,iso_grc,en,answered,NOT_FOUND,generative,0,0.0557,76,148874,The provided documentation does not contain a clear answer to this question.
315,What are the privacy management requirements under ISO 27701?,iso_grc,en,answered,NOT_FOUND,generative,0,0.0681,76,140860,The provided documentation does not contain a clear answer to this question.
316,What are the Shariah audit requirements for Islamic banks?,iso_grc,en,answered,PASS,generative,8,0.9956,720,87969,The Shariah audit function refers to the independent assessment conducted to provide objective assurance in relation to the bank’s Islamic operations and activities. Internal Shariah audit on areas of relative importance
317,What is the COBIT framework for cybersecurity controls?,iso_grc,en,answered,PASS,generative,5,0.9787,933,65586,The COBIT framework for cybersecurity controls is an information and technology governance framework designed to help organizations achieve their goals through effective governance and management objectives. It provides 
318,What are the correspondent banking requirements?,iso_grc,en,answered,PASS,generative,8,0.9545,891,93154,"Correspondent accounts may be opened for non-resident commercial banks, including GCC banks, with the approval of the CEO/general director and the manager of the compliance department. Banks must obtain license documents"
319,What are the SAMA consumer protection regulations?,iso_grc,en,answered,PASS,generative,8,0.9881,776,74416,"SAMA's consumer protection regulations ensure that consumers of financial institutions are treated with transparency, honesty, and fairness. These regulations require that the products and services offered to customers a"
320,What are the bank governance requirements under SAMA?,iso_grc,en,answered,PASS,generative,8,0.9953,793,116711,Applicants must satisfy the requirements set out in SAMA’s Principles of Corporate Governance for Banks Operating in Saudi Arabia regarding the composition and functioning of the Board. They must also ensure that policie
321,What are the regulatory capital deduction requirements?,iso_grc,en,answered,PASS,generative,8,0.8338,756,98206,"Goodwill and all other intangibles must be deducted in the calculation of Common Equity Tier 1, including any goodwill included in the valuation of significant investments in the capital of banking, financial, and insura"
322,What are the SAMA requirements for fintech companies?,iso_grc,en,answered,PASS,generative,8,0.9969,741,121799,"Fintech companies must complete the license application form and submit it to SAMA along with specified documents. They are required to provide an irrevocable bank guarantee equal to the minimum capital of the activity, "
323,What licensing requirements apply to payment service providers?,iso_grc,en,answered,PASS,generative,8,0.9887,817,71845,"The applicant must comply with the Guidelines in conjunction with the Implementing Regulation of the Law of Payments and Payment Services and the relevant regulations, rules, instructions, and laws issued by SAMA. The ap"
324,What are the open banking requirements under SAMA?,iso_grc,en,answered,ERROR,error,0,,0,366204,
325,What are the digital payment security requirements?,iso_grc,en,answered,ERROR,error,0,,0,366196,
326,What are the regulatory sandbox requirements?,iso_grc,en,answered,ERROR,error,0,,0,366163,
327,What is the cybersecurity steering committee function?,iso_grc,en,answered,ERROR,error,0,,0,366169,
328,What are the data localization requirements in Saudi Arabia?,iso_grc,en,answered,PASS,generative,8,0.9558,686,102768,"Data localization requirements in Saudi Arabia mandate that all relevant information and data created before, during, or after the provision of services must be kept within the Kingdom. Entities are prohibited from stori"
329,What are the SAMA requirements for outsourcing?,iso_grc,en,answered,PASS,generative,8,0.9975,833,78751,"SAMA outsourcing rules require a foreign bank branch to have effective outsourcing processes to identify, manage, monitor, and report risks and internal control mechanisms. A foreign bank branch should not undertake the "
330,What are the SAMA requirements for internal audit?,iso_grc,en,answered,PASS,generative,8,0.9894,666,67667,"SAMA requires that a Foreign Banks Branch establish an independent Internal Audit Function (IAF) that meets specific responsibilities. The IAF must ensure compliance with SAMA audit requirements, implement and maintain a"
331,ما هي متطلبات نظام إدارة أمن المعلومات ISO 27001؟,iso_grc,ar,answered,PARTIAL,generative,0,0.4951,34,144725,لا تتوفر إجابة في الوثائق المقدمة.
332,ما هي ضوابط clawback لسياسة المكافآت؟,iso_grc,ar,answered,PASS,generative,7,0.046,340,104625,تتضمن ضوابط clawback في سياسة المكافآت آليات لتقليل المكافآت المتغيرة بعد منحها أو دفعها. يجب أن تكون هذه الآليات موثقة في سياسات وإجراءات البنك. يجب أن يحدث التعديل على المكافآت المتغيرة في حالات معينة، مثل misconduct ا
333,ما هي أنظمة حسابات التوفير تحت ساما؟,iso_grc,ar,answered,PARTIAL,generative,0,0.0678,34,287692,لا تتوفر إجابة في الوثائق المقدمة.
334,ما هي الحد الأقصى لرسوم الخدمات الإدارية؟,iso_grc,ar,answered,PARTIAL,generative,0,0.008,34,364006,لا تتوفر إجابة في الوثائق المقدمة.
335,ما هو إطار عمل COBIT للضوابط الأمنية؟,iso_grc,ar,answered,PASS,generative,7,0.5447,461,61084,إطار عمل COBIT هو إطار شامل يهدف إلى توجيه المؤسسات في إدارة تكنولوجيا المعلومات وضوابط الأمن السيبراني. يركز COBIT على ضمان توافق العمليات مع المعايير والإرشادات ذات الصلة، دون نسخ محتويات هذه المعايير. يوفر COBIT بيانا
336,ما هي متطلبات ISO 22301 لاستمرارية الأعمال؟,iso_grc,ar,answered,PARTIAL,generative,0,0.0071,34,264108,لا تتوفر إجابة في الوثائق المقدمة.
337,ما هي إرشادات ساما للتزييف العميق؟,iso_grc,ar,answered,PASS,generative,8,0.3701,392,68006,تتضمن إرشادات ساما للتزييف العميق ضرورة التواصل الواضح حول حق الأفراد في سحب الموافقة في أي وقت، مع وجود عملية بسيطة لذلك. يجب الحفاظ على سجلات مفصلة لعملية إنشاء التزييف العميق، بما في ذلك مصادر البيانات والأدوات والتقن
338,ما هي متطلبات ISO 42001 لإدارة الذكاء الاصطناعي؟,iso_grc,ar,answered,ERROR,error,0,,0,366301,
339,ما هي متطلبات التدقيق الشرعي للبنوك الإسلامية؟,iso_grc,ar,answered,ERROR,error,0,,0,366199,
340,ما هي متطلبات ساما لحماية المستهلك؟,iso_grc,ar,answered,ERROR,error,0,,0,44529,
341,whats the kyc requirements for companies,edge,en,answered,ERROR,error,0,,0,17967,
342,how much capital do saudi banks need,edge,en,answered,PASS,generative,8,0.9213,690,116050,"Saudi banks must maintain a liquidity reserve that is not less than 20.0 times their eligible capital base. The loan-to-deposit ratio must not exceed 90.0 percent, and if the bank is systemically important, this ratio dr"
343,can u tell me about pep requirements,edge,en,answered,PASS,generative,8,0.854,943,52732,"The financial institution shall determine if a customer or beneficial owner is a Politically Exposed Person (PEP) prior to starting a new business relationship, making a transaction, updating customer information, or upo"
344,what r the aml rules,edge,en,answered,PASS,generative,7,0.9884,726,107445,The general rules for Anti-Money Laundering (AML) are set out in the Saudi Arabian Anti Money Laundering law and the Rules Governing Anti-Money Laundering & Combating Terrorist Financing. Any prepaid product must comply 
345,sama regulations for smes pls,edge,en,answered,ERROR,error,0,,0,353053,
346,who is not allowed to create a bank account,edge,en,answered,PASS,generative,8,0.682,760,238834,"Banks may not open any bank account for foreign investment companies, mutual funds, or financial institutions, including GCC investment companies and brokers who illegally sell their products in Saudi Arabia. Additionall"
347,what is the minimum cap ratio,edge,en,answered,ERROR,error,0,,0,366154,
348,nca ecc controls,edge,en,answered,PASS,generative,7,0.9977,593,56064,"The National Cybersecurity Authority developed the Essential Cybersecurity Controls to set the minimum cybersecurity requirements for national entities. These controls consist of 4 main domains, 28 subdomains, 108 main c"
349,lcr ratio requirement,edge,en,answered,PASS,generative,8,0.9894,441,101269,"For an LCR FBB, the ratio of the LCR must not be less than 100 percent on an all currencies basis. An LCR FBB must maintain an adequate level of unencumbered high-quality liquid assets to meet its liquidity needs for a 3"
350,pdpl penalties saudi arabia,edge,en,answered,PASS,generative,8,0.8346,718,20242,"The penalties stipulated under the Personal Data Protection Law include a warning and a fine not exceeding five million Saudi Riyals. In the event of a repeat violation, the fine may be doubled, provided that the total f"
351,how to open sme bank account saudi,edge,en,answered,NOT_FOUND,generative,0,0.8605,76,333473,The provided documentation does not contain a clear answer to this question.
352,pep edd requirements,edge,en,answered,PASS,generative,8,0.579,870,32761,The financial institution shall classify the foreign person as a high-risk PEP customer and implement enhanced due diligence measures to mitigate risks. This includes obtaining approval from senior management before esta
353,what are the rules for UBO verification,edge,en,answered,PASS,generative,8,0.0188,955,101792,"Real beneficiaries holding ultimate control shall be identified and verified, with a minimum requirement of a natural owner holding 25% as specified in the company’s memorandum of association. The financial institution s"
354,sama capital adequacy percentage,edge,en,answered,NOT_FOUND,generative,0,0.9863,76,305288,The provided documentation does not contain a clear answer to this question.
355,is an indian allowed to open bank account in saudi arabia,edge,en,answered,PASS,generative,8,0.999,966,84522,"Banks shall open bank accounts for natural and juristic persons who meet all bank requirements within one business day, and within two business days for those needing approvals. Natural persons residing in Saudi Arabia m"
356,can a company without cr open bank account,edge,en,answered,NOT_FOUND,generative,0,0.4797,76,291280,The provided documentation does not contain a clear answer to this question.
357,what happens if sar is not filed,edge,en,answered,ERROR,error,0,,0,366218,
358,nsfr calculation method,edge,en,answered,PASS,generative,8,0.9897,673,55728,The Net Stable Funding Ratio (NSFR) is calculated as the amount of available stable funding relative to the amount of required stable funding. Available stable funding is defined as the portion of capital and liabilities
359,leverage ratio tier 1,edge,en,answered,PASS,generative,8,0.9963,596,90238,"The capital measure for the leverage ratio is Tier 1 regulatory capital, which includes common equity Tier 1 and Additional Tier 1 Capital. The exposure measure for the leverage ratio should generally follow gross accoun"
360,sme bank account requirements sama,edge,en,answered,ERROR,error,0,,0,366162,
361,what are restrictions for non saudi nationals,edge,en,answered,PASS,generative,8,0.8231,867,343459,The bank shall not open an account in Saudi riyal or in any foreign currencies for non-Saudi and non-GCC natural persons not residing in Saudi Arabia unless written approval from the Ministry of Interior or the Ministry 
362,cloud security requirements nca,edge,en,answered,PASS,generative,8,0.986,883,39722,Cloud security requirements set by the National Cybersecurity Authority include the definition of business continuity and disaster recovery requirements for hosted databases in contracts with cloud service providers. The
363,what is HQLA,edge,en,answered,PASS,generative,8,0.9562,606,104276,"High-Quality Liquid Assets (HQLA) are defined as assets that can be easily and immediately converted into cash with little or no loss of value. To qualify as HQLA, assets must be liquid in markets during times of stress "
364,ecc cybersecurity controls,edge,en,answered,PASS,generative,6,0.9971,661,50439,The Essential Cybersecurity Controls (ECC) were developed by the National Cybersecurity Authority to set the minimum cybersecurity requirements for organizations. These controls aim to ensure compliance with relevant leg
365,data protection law penalties saudi,edge,en,answered,PASS,generative,7,0.9962,671,54179,"The penalties for violations of the Personal Data Protection Law in Saudi Arabia include a warning and a fine not exceeding five million Saudi Riyals. In the event of a repeat violation, the fine may be doubled, provided"
366,كيف يفتح الأجنبي حساباً بنكياً,edge,ar,answered,ERROR,error,0,,0,366164,
367,ما هو نسبة رأس المال الكافي,edge,ar,answered,ERROR,error,0,,0,366170,
368,متطلبات KYC للشركات,edge,ar,answered,PASS,generative,8,0.8376,518,48444,تتطلب متطلبات KYC للشركات التحقق من هوية العميل والتأكد من أن المعلومات المقدمة دقيقة ومحدثة. يجب على المؤسسات المالية أن تطبق إجراءات العناية الواجبة بشكل مستمر، بما في ذلك التحقق من هوية المالكين المستفيدين. كما يجب أن
369,ما معنى PEP في البنوك,edge,ar,answered,PASS,generative,8,0.958,481,217244,"PEP تعني ""شخص سياسي بارز""، وهو فرد يتمتع بمناصب عامة بارزة محليًا أو في دولة أجنبية، أو يشغل مناصب إدارية عليا في منظمة دولية. تشمل هذه الفئة رؤساء الدول أو الحكومات، والسياسيين الكبار، وكبار المسؤولين الحكوميين أو القضا"
370,شروط فتح حساب الشركة,edge,ar,answered,PASS,generative,8,0.7617,388,22254,تتطلب شروط فتح حساب الشركة الحصول على نسخة من السجل التجاري الصادر عن وزارة التجارة. يجب أيضًا تقديم نسخة من الترخيص إذا كان هو الشرط الوحيد أو إذا كان مطلوبًا مع السجل التجاري. بالإضافة إلى ذلك، يجب تقديم نسخة من عقد ال
371,What type of programs does the NCA regulate under the Bug Bounty framework?,general,en,answered,NOT_FOUND,generative,0,0.1182,76,50571,0
372,"What must be protected against damage, amendment, or unauthorized access according to the backup policy?",general,en,answered,PASS,generative,8,0.9922,408,38475,0
373,Which entities are the cybersecurity controls applicable to in this passage?,general,en,answered,PASS,generative,7,0.9777,622,25899,0
374,ما هي المعايير التي يجب مراجعتها على الأقل مرة واحدة في السنة؟,general,ar,answered,PASS,generative,8,0.7501,311,40140,0
375,ما هي أنواع مستندات الأمن السيبراني المذكورة في الإجراء؟,cybersec,ar,answered,PARTIAL,generative,0,0.0591,34,81337,0
376,Who is responsible for approving the NCA's annual budget and final accounts?,general,en,answered,PASS,generative,8,0.9193,562,40459,0
377,What specific tasks are mentioned for the cybersecurity roles within government entities?,cybersec,en,answered,ERROR,error,0,,0,7552,0
378,ما هي الأدوار والمسؤوليات المحددة في تنظيم إدارة الهوية والوصول؟,general,ar,answered,PASS,generative,8,0.936,289,58544,0
379,ما هي وظيفة قسم تكنولوجيا المعلومات في إنشاء مستودع التقارير؟,general,ar,answered,PARTIAL,generative,0,0.0081,34,67408,0
380,What percentage of entities reported a high level of confidence in the cybersecurity controls?,cybersec,en,answered,NOT_FOUND,generative,0,0.3967,76,82127,0
381,What entity is responsible for the essential cybersecurity controls implementation mentioned in the passage?,cybersec,en,answered,PASS,generative,8,0.9337,589,69158,0
382,ما هي إحدى المتطلبات المتعلقة بتسجيل الأنشطة التي تقوم بها البرمجيات؟,general,ar,answered,PASS,generative,8,0.0537,359,75076,0
383,What is the significance of the cybersecurity roles mentioned in the passage?,cybersec,en,answered,PASS,generative,7,0.4953,778,28503,0
384,What is the purpose of the cybersecurity controls mentioned in the passage?,cybersec,en,answered,PASS,generative,5,0.7212,775,23642,0
385,ما هي الجهة التي أصدرت إرشادات الأمن السيبراني لإنترنت الأشياء؟,general,ar,answered,PASS,generative,7,0.957,297,46471,0
386,What is the significance of the cybersecurity controls mentioned in the passage?,cybersec,en,answered,NOT_FOUND,generative,0,0.6267,76,91447,0
387,What cybersecurity controls are applicable to government entities according to the passage?,general,en,answered,PASS,generative,8,0.9798,403,49545,0
388,ما هي الضوابط الأمنية السيبرانية المطبقة على البنوك حسب الهيئة الوطنية للأمن السيبراني؟,cybersec,ar,answered,PASS,generative,7,0.9653,556,52193,0
389,ما هي الإجراءات التي يجب اتخاذها لضمان حماية البيانات على الأجهزة المحمولة؟,general,ar,answered,PASS,generative,8,0.7347,556,106901,0
390,What should be removed from the document after all edits have been made?,general,en,answered,PASS,generative,8,0.9879,366,35556,0
391,What authority has the right to deny or revoke a cybersecurity license?,general,en,answered,PASS,generative,8,0.8482,682,80568,0
392,Which authority's cybersecurity requirements are aligned with the checklist?,cybersec,en,answered,PASS,generative,8,0.9959,610,45827,0
393,What is the significance of the cybersecurity roles mentioned in the passage?,cybersec,en,answered,PASS,cached,7,0.4953,778,3403,0
394,What types of entities are covered under the cybersecurity controls specified in the passage?,cybersec,en,answered,PASS,cached,7,0.9777,622,5843,0
395,How frequently must security baseline standards for critical systems be reviewed?,general,en,answered,PASS,generative,8,0.9985,612,29184,0
396,What is the objective of recording third parties and suppliers according to the passage?,general,en,answered,PASS,generative,7,0.9244,656,63578,0
397,What components are included in the Identity and Access Management controls for banks?,cybersec,en,answered,PASS,generative,8,0.7977,698,56317,0
398,What is the full title of the document mentioned in the passage?,cybersec,en,answered,NOT_FOUND,generative,0,0.056,76,54091,0
399,What is the significance of the roles and responsibilities mentioned for the cybersecurity framework?,cybersec,en,answered,PASS,generative,8,0.9155,854,104444,0
400,What type of data encryption is mentioned in the passage?,cybersec,en,answered,PASS,generative,8,0.3188,316,112956,0
401,What type of entities are the cybersecurity controls applicable to in this passage?,general,en,answered,PASS,cached,7,0.9777,622,4075,0
402,Which specific devices and services are referenced in relation to cybersecurity for banks?,general,en,answered,PASS,generative,8,0.9134,698,82518,0
403,What color in the TLP indicates that sharing is strictly prohibited?,cybersec,en,answered,PASS,generative,8,0.9718,347,85110,0
404,What is the objective of protecting information systems and processing facilities against cyber risks related to social media?,general,en,answered,PASS,generative,8,0.9995,580,46154,0
405,ما هو الهدف من تقييم المخاطر في المشروع؟,cybersec,ar,answered,ERROR,error,0,,0,7720,0
406,What are the specific tasks assigned to cybersecurity personnel as per the passage?,cybersec,en,answered,ERROR,error,0,,0,5480,0
407,What is the purpose of the Risk Treatment Plan mentioned in the passage?,cybersec,en,answered,ERROR,error,0,,0,4935,0
408,What tool is used for defining the criticality levels for facilities?,cybersec,en,answered,ERROR,error,0,,0,5377,0
409,What should be replaced with the organization's full name in the document?,general,en,answered,ERROR,error,0,,0,5370,0
410,What is the purpose of the cybersecurity controls mentioned in the NCA document?,cybersec,en,answered,ERROR,error,0,,0,5030,0
411,ما هي الخطوات التي يجب اتباعها لإعداد المصادقة الثنائية؟,general,ar,answered,ERROR,error,0,,0,5113,0
412,Which entity's cybersecurity standards are being addressed in this passage?,general,en,answered,ERROR,error,0,,0,5048,0
413,Which language is considered binding for the interpretation of the Data Cybersecurity Controls document?,cybersec,en,answered,ERROR,error,0,,0,5195,0
414,ما هو وصف النسخة المذكور في الفقرة؟,general,ar,answered,ERROR,error,0,,0,5202,0
415,How does the passage describe the responsibilities of the cybersecurity roles?,cybersec,en,answered,ERROR,error,0,,0,5231,0
416,What is the significance of the cybersecurity controls for banks mentioned in the text?,cybersec,en,answered,ERROR,error,0,,0,5449,0
417,ما هي المتطلبات المتعلقة بمشاركة البيانات مع الجهات الحكومية؟,general,ar,answered,ERROR,error,0,,0,5151,0
418,What must be implemented for all official social media accounts if possible?,general,en,answered,ERROR,error,0,,0,5147,0
419,What is the reference code for the cybersecurity controls applicable to banks?,general,en,answered,ERROR,error,0,,0,5408,0
420,What must be prepared upon finalizing the vulnerability assessment?,general,en,answered,ERROR,error,0,,0,5262,0
421,ما هي المسؤوليات المتعلقة بالأمن السيبراني التي تنطبق على الكيانات الحكومية؟,cybersec,ar,answered,ERROR,error,0,,0,5348,0
422,Which authority is responsible for establishing cybersecurity roles in Saudi Arabia?,cybersec,en,answered,ERROR,error,0,,0,5305,0
423,What should be created to store vulnerability scan reports?,general,en,answered,ERROR,error,0,,0,4937,0
424,Which authority is responsible for the regulatory framework for licensing cybersecurity services in the Kingdom?,cybersec,en,answered,ERROR,error,0,,0,5220,0
425,From what type of network must the official social media accounts be accessed?,general,en,answered,ERROR,error,0,,0,5093,0
426,What are the main objectives of the cybersecurity sector as outlined in the passage?,cybersec,en,answered,ERROR,error,0,,0,5291,0
427,What governs the implementation of the Data Cybersecurity Controls?,cybersec,en,answered,ERROR,error,0,,0,5307,0
428,What types of IP addresses must the DDoS protection solution protect?,general,en,answered,ERROR,error,0,,0,5496,0
429,What must be prepared for the identified Critical Assets according to the passage?,general,en,answered,ERROR,error,0,,0,5271,0
430,Which framework is referred to for improving critical infrastructure cybersecurity?,cybersec,en,answered,ERROR,error,0,,0,5308,0
431,ما هو تصنيف الوثيقة المذكورة في الفقرة؟,cybersec,ar,answered,ERROR,error,0,,0,5245,0
432,How does the passage describe the process of identity verification?,general,en,answered,ERROR,error,0,,0,5154,0
433,ما الذي يجب أن يتحقق منه لضمان أمان عناوين URL المستخدمة؟,general,ar,answered,ERROR,error,0,,0,5249,0
434,What is included in the detections for unusual or unauthorized activities?,cybersec,en,answered,ERROR,error,0,,0,5053,0
435,What are the requirements for maintaining cybersecurity controls according to the NCA?,cybersec,en,answered,ERROR,error,0,,0,5346,0
436,من يجب أن يتبع متطلبات الأمن السيبراني في مشاريع تكنولوجيا المعلومات؟,cybersec,ar,answered,ERROR,error,0,,0,5261,0
437,ما هي الوثيقة التي تتعلق بالتحكم في الأمن السيبراني للأنظمة الحرجة؟,general,ar,answered,ERROR,error,0,,0,5490,0
438,ما هي المتطلبات المتعلقة بالأمان السيبراني في سياسة وسائط التخزين؟,general,ar,answered,ERROR,error,0,,0,5417,0
439,Which entities are the cybersecurity controls applicable to?,general,en,answered,ERROR,error,0,,0,5467,0
440,What are the main domains of the Data Cybersecurity Controls applicable to government entities?,cybersec,en,answered,ERROR,error,0,,0,5196,0
441,ما هي الطريقة المحددة للتشفير المذكورة في الفقرة للبنوك؟,cybersec,ar,answered,ERROR,error,0,,0,5444,0
442,ما هو الغرض من تقييمات الأمن السيبراني المذكورة في الفقرة؟,cybersec,ar,answered,ERROR,error,0,,0,5127,0
443,ما هي المعايير المستخدمة في التحكم في الأمن السيبراني للتكنولوجيا التشغيلية للكيانات الحكومية؟,cybersec,ar,answered,ERROR,error,0,,0,5338,0
444,What is the primary mandate of the NCA as stated in the passage?,cybersec,en,answered,ERROR,error,0,,0,5254,0
445,ما هي الأنشطة المحظورة المتعلقة باستخدام الإنترنت لأغراض غير تجارية؟,general,ar,answered,ERROR,error,0,,0,5185,0
446,Which IP stacks must the DDoS protection solution protect?,general,en,answered,ERROR,error,0,,0,5269,0
447,What is the role of GIS in the cybersecurity framework described?,general,en,answered,ERROR,error,0,,0,5271,0
448,ما هي الجهة المسؤولة عن تنظيم إدارة الأصول في البنوك؟,general,ar,answered,ERROR,error,0,,0,5527,0
449,What type of guidelines does the document provide?,general,en,answered,ERROR,error,0,,0,5322,0
450,What classification is assigned to the OTCC Implementation guide?,cybersec,en,answered,ERROR,error,0,,0,5126,0
451,How often must periodic tests be conducted to ensure the effectiveness of disaster recovery plans?,cybersec,en,answered,ERROR,error,0,,0,5413,0
452,What are the basic and subsidiary components of cybersecurity controls for banks?,general,en,answered,ERROR,error,0,,0,5250,0
453,Which cybersecurity controls are critical industrial control systems subject to?,cybersec,en,answered,ERROR,error,0,,0,5196,0
454,What specific cybersecurity control is mentioned for IoT devices in this passage?,general,en,answered,ERROR,error,0,,0,5313,0
455,What is the significance of the cybersecurity controls mentioned for government entities?,general,en,answered,ERROR,error,0,,0,5292,0
456,ما هي الالتزامات المتعلقة بإدارة البيانات الشخصية وفقًا لفئة الترخيص العام؟,general,ar,answered,ERROR,error,0,,0,4933,0
457,What specific aspects of cybersecurity are evaluated according to the passage?,general,en,answered,ERROR,error,0,,0,5280,0
458,ما هو نوع التحكمات السيبرانية المذكورة في الفقرة؟,cybersec,ar,answered,ERROR,error,0,,0,5303,0
459,Which authority is responsible for defining cybersecurity roles and responsibilities in Saudi Arabia?,cybersec,en,answered,ERROR,error,0,,0,5044,0
460,What are the cybersecurity controls applicable to banks as per the NCA guidelines?,cybersec,en,answered,ERROR,error,0,,0,5155,0
461,What does the passage indicate about the responsibilities of juristic persons in cybersecurity?,cybersec,en,answered,ERROR,error,0,,0,5406,0
462,What is the significance of the 'Pragma: no-cache' directive in HTTP headers?,general,en,answered,ERROR,error,0,,0,5034,0
463,How often must the checklist be reviewed according to the passage?,cybersec,en,answered,ERROR,error,0,,0,5219,0
464,What is the role of the NCA in relation to cybersecurity controls for government entities?,cybersec,en,answered,ERROR,error,0,,0,5129,0
465,ما هي الخطوات اللازمة لتغيير اسم المنظمة في الوثيقة؟,general,ar,answered,ERROR,error,0,,0,5380,0
466,كيف يجب إدخال شعار المؤسسة في الوثيقة؟,general,ar,answered,ERROR,error,0,,0,5303,0
467,ما هي الإجراءات التي يجب اتباعها لتبادل الخبرات مع الوكالات الأجنبية؟,general,ar,answered,ERROR,error,0,,0,5401,0
468,What does the CCC Implementation Guideline for Cloud Service Providers cover?,cybersec,en,answered,ERROR,error,0,,0,5294,0
469,ما هي المخاطر المرتبطة بعدم وجود سجل كامل لموردي الأطراف الثالثة؟,general,ar,answered,ERROR,error,0,,0,5304,0
470,What is the significance of default accounts in the context of cybersecurity controls?,cybersec,en,answered,ERROR,error,0,,0,5272,0
471,ما هي الجهات الوطنية الموثوقة التي يجب أن تستخدمها حلول حماية DDoS؟,general,ar,answered,ERROR,error,0,,0,5305,0
472,ماذا يجب على المرخص له إبلاغ الهيئة الوطنية للأمن السيبراني عند اكتشاف معلومات غير دقيقة؟,cybersec,ar,answered,ERROR,error,0,,0,5256,0
473,Which authority is responsible for the implementation guidelines mentioned in the passage?,cybersec,en,answered,ERROR,error,0,,0,5391,0
474,ماذا يجب أن تفعل إذا كان هناك جهاز غير معروف مرتبط بحسابك على وسائل التواصل الاجتماعي؟,general,ar,answered,ERROR,error,0,,0,5685,0
475,What is the year of issuance for the Cybersecurity Guidelines for Internet of Things?,general,en,answered,ERROR,error,0,,0,5106,0
476,ما هي المبادئ الأساسية لتطبيق اللوائح الأمنية السيبرانية للجهات الحكومية؟,cybersec,ar,answered,ERROR,error,0,,0,5358,0
477,What is the primary focus of the cybersecurity roles and responsibilities outlined in the passage?,cybersec,en,answered,ERROR,error,0,,0,5513,0
478,Who is eligible to participate in bug bounty programs according to the regulations?,general,en,answered,ERROR,error,0,,0,5263,0
479,كيف يتم تعريف مسؤوليات الجهات الحكومية فيما يتعلق بالأمن السيبراني في الفقرة؟,general,ar,answered,ERROR,error,0,,0,5380,0
480,How should security vulnerabilities be classified and managed according to the passage?,general,en,answered,ERROR,error,0,,0,5312,0
481,What should be removed after filling out the cybersecurity business continuity policy template?,cybersec,en,answered,ERROR,error,0,,0,5279,0
482,ما هي قائمة الأصول التي يجب التحقيق فيها بعد الفحص؟,general,ar,answered,ERROR,error,0,,0,5311,0
483,ما هي الضوابط الأساسية للأمن السيبراني التي يجب الالتزام بها؟,general,ar,answered,ERROR,error,0,,0,5056,0
484,What types of cybersecurity controls are emphasized in secure coding practices?,general,en,answered,ERROR,error,0,,0,5312,0
485,What is the purpose of the identity and access management regulations mentioned in the passage?,general,en,answered,ERROR,error,0,,0,5151,0
486,Which organization is mentioned as responsible for cybersecurity standards?,cybersec,en,answered,ERROR,error,0,,0,5238,0
487,What authority issued the guidelines for implementing cybersecurity controls applicable to banks?,cybersec,en,answered,ERROR,error,0,,0,5379,0
488,What capabilities must the AM software be configured with at a minimum?,general,en,answered,ERROR,error,0,,0,5473,0
489,ما الذي يجب أن يتضمنه كل مستند من حيث العلامة التجارية؟,cybersec,ar,answered,ERROR,error,0,,0,5193,0
490,What is one of the cybersecurity measures mentioned for asset management entities?,cybersec,en,answered,ERROR,error,0,,0,5311,0
491,ما الذي يجب إدخاله في مكان اسم المنظمة؟,general,ar,answered,ERROR,error,0,,0,5363,0
492,What authentication method is highlighted in the passage as a measure against cyber threats?,cybersec,en,answered,ERROR,error,0,,0,5331,0
493,How does the NCA suggest addressing cybersecurity risks for government entities?,general,en,answered,ERROR,error,0,,0,5441,0
494,ما هي الأنظمة التي يجب أن تتبعها المؤسسات المالية وفقًا للمتطلبات الأمنية؟,cybersec,ar,answered,ERROR,error,0,,0,5286,0
495,ما هو تصنيف الوثيقة المذكورة في الفقرة؟,cybersec,ar,answered,ERROR,error,0,,0,4978,0
496,ما هو نوع الوثائق التي يتم تصنيفها كدليل لتنفيذ ضوابط الأمن السيبراني للتكنولوجيا التشغيلية؟,cybersec,ar,answered,ERROR,error,0,,0,5418,0
497,ما هي المؤشرات الرئيسية التي يتم قياسها لتحسين أداء إدارة الثغرات؟,general,ar,answered,ERROR,error,0,,0,5390,0
498,ما هي مستويات الأهمية للمرافق المحددة في الوثيقة؟,cybersec,ar,answered,ERROR,error,0,,0,5336,0
499,ما هو الهدف الرئيسي من الضوابط الأمنية السيبرانية المذكورة في المقطع؟,general,ar,answered,ERROR,error,0,,0,5323,0
500,Which authority is responsible for the cybersecurity controls applicable to corporate entities?,cybersec,en,answered,ERROR,error,0,,0,5470,0
501,What is required for the reporting of security incidents according to the passage?,general,en,answered,ERROR,error,0,,0,5282,0
502,What should be removed after filling out the template?,general,en,answered,ERROR,error,0,,0,5251,0
503,Which authority issued the guidelines for cybersecurity controls applicable to banks?,cybersec,en,answered,ERROR,error,0,,0,4987,0
504,ما هي الضوابط الأمنية المتعلقة بالجهات الحكومية وفقًا للهيئة الوطنية للأمن السيبراني؟,general,ar,answered,ERROR,error,0,,0,5489,0
505,What is the purpose of the Vulnerability Assessment Procedure Template?,general,en,answered,ERROR,error,0,,0,5383,0
506,هل الوثيقة مخصصة للبنوك والمؤسسات المالية فقط؟,general,ar,answered,ERROR,error,0,,0,5280,0
507,What is the document classification of the Data Cybersecurity Controls applicable to banks?,cybersec,en,answered,ERROR,error,0,,0,5479,0
508,How many times is the title 'Guide to Operational Technology Cybersecurity Controls' mentioned in the passage?,cybersec,en,answered,ERROR,error,0,,0,5222,0
509,What are the potential consequences of incorrect disposal of IT equipment?,general,en,answered,ERROR,error,0,,0,5295,0
510,What is the purpose of the Cyber Awareness Guide mentioned in the passage?,general,en,answered,ERROR,error,0,,0,5097,0
511,ما هي الإجراءات التي يجب اتخاذها لمراقبة الامتثال لمقدمي الخدمات الخارجيين؟,cybersec,ar,answered,ERROR,error,0,,0,5359,0
512,Which regulatory framework is referenced for cryptography in banks?,general,en,answered,ERROR,error,0,,0,5298,0
513,Is it allowed to upload or install software on organization assets without prior authorization?,general,en,answered,ERROR,error,0,,0,5382,0
514,What must be reviewed regularly with external parties according to the cybersecurity requirements?,cybersec,en,answered,ERROR,error,0,,0,5522,0
515,How does the passage describe the relationship between cybersecurity and economic development?,cybersec,en,answered,ERROR,error,0,,0,5396,0
516,What type of information must be used for registration on social media by corporate entities?,general,en,answered,ERROR,error,0,,0,5322,0
517,ما هي الإجراءات اللازمة لإدارة سجلات الأحداث السيبرانية وفقًا للهيئة الوطنية للأمن السيبراني؟,cybersec,ar,answered,ERROR,error,0,,0,5433,0
518,What is the purpose of the cybersecurity awareness program mentioned in the passage?,cybersec,en,answered,ERROR,error,0,,0,5161,0
519,What must an organization identify and protect using a DDoS protection solution?,general,en,answered,ERROR,error,0,,0,5383,0
520,كيف يساهم الأمن السيبراني في تحقيق الأهداف الاستراتيجية للجهات الحكومية؟,cybersec,ar,answered,ERROR,error,0,,0,5499,0
521,Which standards are referenced in the OTCC document for cybersecurity governance?,cybersec,en,answered,ERROR,error,0,,0,5218,0
522,ما هي المهام الموكلة إلى الجهات الحكومية في مجال الأمن السيبراني؟,cybersec,ar,answered,ERROR,error,0,,0,5390,0
523,What is the significance of logging errors according to the cybersecurity controls?,general,en,answered,ERROR,error,0,,0,5515,0
524,How does the passage describe the process of assessing cybersecurity risks?,cybersec,en,answered,ERROR,error,0,,0,5126,0
525,What must be removed after filling out the template in the cybersecurity requirements checklist?,cybersec,en,answered,ERROR,error,0,,0,5415,0
526,ما هو نوع الكيانات التي تنطبق عليها ضوابط الأمن السيبراني وفقًا للمقطع؟,general,ar,answered,ERROR,error,0,,0,5530,0
527,What is the role of the National Cybersecurity Authority in relation to government entities?,cybersec,en,answered,ERROR,error,0,,0,5489,0
528,What is the frequency of the periodical review mentioned in the asset management standards?,general,en,answered,ERROR,error,0,,0,5160,0
529,ما هي الأدوات المستخدمة لإجراء الاختبارات الأمنية على البرمجيات؟,general,ar,answered,ERROR,error,0,,0,5393,0
530,What is the significance of cybersecurity controls in the context of software development according to the passage?,cybersec,en,answered,ERROR,error,0,,0,5613,0
531,What should be removed after filling out the template according to the passage?,general,en,answered,ERROR,error,0,,0,5216,0
532,What must entities comply with regarding the cybersecurity controls issued by the NCA?,general,en,answered,ERROR,error,0,,0,5353,0
533,ما هي الضوابط الأمنية التي يجب على البنوك الالتزام بها وفقًا للمبادئ التوجيهية للهيئة الوطنية للأمن السيبراني؟,cybersec,ar,answered,ERROR,error,0,,0,5208,0
534,ما هي المبادئ الأساسية للأمن السيبراني التي يجب على البنوك تطبيقها وفقاً للإرشادات؟,cybersec,ar,answered,ERROR,error,0,,0,5231,0
535,ما هي التنظيمات المحددة التي تنطبق على الكيانات الحكومية فيما يتعلق بإدارة الهوية والوصول؟,general,ar,answered,ERROR,error,0,,0,5066,0
536,To which entities do these cybersecurity controls specifically apply?,general,en,answered,ERROR,error,0,,0,5217,0
537,What is the significance of the Cybersecurity Risk Management methodology outlined in the passage?,cybersec,en,answered,ERROR,error,0,,0,5396,0
538,What specific cybersecurity controls are applicable to government entities according to the NCA?,general,en,answered,ERROR,error,0,,0,5634,0
539,What is the frequency of the periodical review for the database security policy?,general,en,answered,ERROR,error,0,,0,5378,0
540,How much is the total expenditure of government entities in the cybersecurity sector?,cybersec,en,answered,ERROR,error,0,,0,5458,0
541,What does the NCA emphasize regarding patch management for banks?,cybersec,en,answered,ERROR,error,0,,0,5327,0
542,What is the significance of DDoS in the context of cybersecurity mentioned in the passage?,cybersec,en,answered,ERROR,error,0,,0,5447,0
543,What is included in the cybersecurity awareness and training program?,cybersec,en,answered,ERROR,error,0,,0,5177,0
544,What is the purpose of the Standard Mobile Devices Security Template?,general,en,answered,ERROR,error,0,,0,5420,0
545,Which entity's cybersecurity controls does the passage pertain to?,cybersec,en,answered,ERROR,error,0,,0,5127,0
546,What is one of the potential risks related to read or write access to protected information?,cybersec,en,answered,ERROR,error,0,,0,5270,0
547,What is required for the management of account passwords according to the NCA?,general,en,answered,ERROR,error,0,,0,5526,0
548,What specific cybersecurity controls are mentioned for banks in the passage?,cybersec,en,answered,ERROR,error,0,,0,5503,0
549,What must be ensured regarding the effect of penetration testing on the production environment?,general,en,answered,ERROR,error,0,,0,5135,0
550,What must licensed entities provide to national entities according to the passage?,general,en,answered,ERROR,error,0,,0,5422,0
551,ما هي الأنظمة التي يجب أن تُركب على الخوادم المخصصة وفقًا لمتطلبات أنظمة التسجيل؟,cybersec,ar,answered,ERROR,error,0,,0,5267,0
552,Which policies must be implemented related to configuration and hardening security?,general,en,answered,ERROR,error,0,,0,5364,0
553,What cybersecurity controls are applicable to corporate entities as stated by the NCA?,general,en,answered,ERROR,error,0,,0,5250,0
554,What must be guaranteed regarding the ability to delete data upon expiry of the relationship with the service provider?,general,en,answered,ERROR,error,0,,0,5274,0
555,ما هي متطلبات تكوين كلمة المرور المعقدة؟,general,ar,answered,ERROR,error,0,,0,5123,0
556,ما هي المتطلبات المتعلقة بالإبلاغ عن الحوادث الأمنية كما هو موضح في النص؟,general,ar,answered,ERROR,error,0,,0,5430,0
557,ما هي الأنظمة التي تتعلق بها الضوابط الأمنية السيبرانية المذكورة في النص؟,general,ar,answered,ERROR,error,0,,0,5273,0
558,What types of cybersecurity resilience are mentioned for third-party and cloud computing?,cybersec,en,answered,ERROR,error,0,,0,5244,0
559,ما هي الإجراءات المقترحة لتحسين القدرات الأمنية في الكيانات الحكومية؟,cybersec,ar,answered,ERROR,error,0,,0,5018,0
560,ماذا يجب أن تفعل إذا كان هناك جهاز غير معروف مسجل في حسابك؟,general,ar,answered,ERROR,error,0,,0,5097,0
561,What classification must the results of all monitoring and scanning activities have at minimum?,cybersec,en,answered,ERROR,error,0,,0,5399,0
562,What is the significance of Multi-Factor Authentication in the context of cybersecurity controls?,cybersec,en,answered,ERROR,error,0,,0,5310,0
563,What information is included in the review dates table?,general,en,answered,ERROR,error,0,,0,5320,0
564,ما هي الجهة المسؤولة عن وضع متطلبات الأمن السيبراني المذكورة؟,cybersec,ar,answered,ERROR,error,0,,0,5600,0
565,From where must applications be installed according to the requirements?,general,en,answered,ERROR,error,0,,0,5073,0
566,What is the objective of data and information protection as per the passage?,general,en,answered,ERROR,error,0,,0,5364,0
567,What type of entities does the cybersecurity controls apply to according to the passage?,general,en,answered,ERROR,error,0,,0,5414,0
568,What is the objective of asset management as stated in the passage?,general,en,answered,ERROR,error,0,,0,5129,0
569,كيف يمكن استبدال اسم المنظمة في الوثيقة؟,general,ar,answered,ERROR,error,0,,0,5397,0
570,What must be configured to ensure multiple redundant logging systems?,cybersec,en,answered,ERROR,error,0,,0,5248,0
571,ما هي الإجراءات التي يجب اتباعها لإدارة الحوادث وفقًا لإرشادات الهيئة الوطنية للأمن السيبراني؟,cybersec,ar,answered,ERROR,error,0,,0,5614,0
572,What must personnel with access to the organization’s social media accounts be aware of regarding unusual events?,general,en,answered,ERROR,error,0,,0,5508,0
573,ماذا يحدث إذا تم تصنيف الحادث السيبراني تحت المستوى الرابع أو الخامس؟,cybersec,ar,answered,ERROR,error,0,,0,5276,0
574,What must be dedicated to the privileged technical team according to the cybersecurity requirements?,general,en,answered,ERROR,error,0,,0,5378,0
575,Who is responsible for the policy review and update according to the storage media policy?,general,en,answered,ERROR,error,0,,0,5411,0
576,ما هي السجلات التي يجب على المرخص الاحتفاظ بها لمدة خمسة وعشرين عاماً؟,cybersec,ar,answered,ERROR,error,0,,0,5422,0
577,"What is the purpose of the Workstations, Mobile Devices and BYOD Security Policy?",general,en,answered,ERROR,error,0,,0,5427,0
578,ما هي الجهات التي تخضع لتنظيم إدارة الهوية والوصول؟,general,ar,answered,ERROR,error,0,,0,5259,0
579,What is the purpose of pressing 'Ctrl' + 'H' in the document?,general,en,answered,ERROR,error,0,,0,5373,0
580,ما الذي يجب حذفه بعد الانتهاء من تحرير القالب؟,cybersec,ar,answered,ERROR,error,0,,0,5467,0
581,What is the purpose of the credentialed scan mentioned in the passage?,general,en,answered,ERROR,error,0,,0,5334,0
582,What must be employed to detect indicators of denial-of-service attacks against the organization's information and technology assets?,cybersec,en,answered,ERROR,error,0,,0,5271,0
583,Which authority is responsible for the implementation of the cybersecurity controls mentioned in the passage?,general,en,answered,ERROR,error,0,,0,5373,0
584,ما هي القرارات التي يجب على المرخص له الالتزام بها في حالة حدوث نزاعات مع المستفيدين؟,cybersec,ar,answered,ERROR,error,0,,0,5125,0
585,What must privileged access workstations be connected to?,general,en,answered,ERROR,error,0,,0,5332,0
586,What additional details must be included in logs according to the requirements?,cybersec,en,answered,ERROR,error,0,,0,5308,0
587,ما هي المهام المحددة التي يجب أن تقوم بها الجهات الحكومية في مجال الأمن السيبراني؟,cybersec,ar,answered,ERROR,error,0,,0,5301,0
588,ما الذي يجب أن يتضمنه سياق الوثيقة؟,cybersec,ar,answered,ERROR,error,0,,0,5129,0
589,ما هو الغرض من إرشادات تنفيذ CSCC؟,general,ar,answered,ERROR,error,0,,0,5564,0
590,ما هي العملية الرسمية التي يجب أن تصممها المنظمة لاستخدام الوسائط القابلة للإزالة؟,general,ar,answered,ERROR,error,0,,0,5502,0
591,What standards are referenced in the Asset Management section of the document?,cybersec,en,answered,ERROR,error,0,,0,5537,0
592,What is the duration of the license for providing services or products?,general,en,answered,ERROR,error,0,,0,5314,0
593,ما هي المتطلبات الأمنية المتعلقة بالشهادات الرقمية؟,general,ar,answered,ERROR,error,0,,0,5219,0
594,ما هي إدارة المخاطر المتعلقة بالأمن السيبراني في الأنظمة الصناعية؟,cybersec,ar,answered,ERROR,error,0,,0,5263,0
595,What is the focus of the cybersecurity requirements outlined in the passage?,cybersec,en,answered,ERROR,error,0,,0,5343,0
596,ما هي السياسة التي يجب اتباعها عند معالجة بيانات اختبار الاختراق؟,general,ar,answered,ERROR,error,0,,0,5520,0
597,ما هي أنواع اختبارات الاختراق التي يجب تحديدها في التمرين؟,general,ar,answered,ERROR,error,0,,0,5272,0
598,What must be defined related to business continuity at the organization?,cybersec,en,answered,ERROR,error,0,,0,5293,0
599,What type of entities does the passage specifically address regarding cybersecurity?,general,en,answered,ERROR,error,0,,0,5357,0
600,What is the first step to secure your X account?,general,en,answered,ERROR,error,0,,0,5240,0
601,What must be developed based on the work need regarding mobile devices and BYOD?,general,en,answered,ERROR,error,0,,0,5078,0
602,ما هي التدابير الأمنية السيبرانية المحددة للجهات الحكومية في النص؟,general,ar,answered,ERROR,error,0,,0,5185,0
603,What is the maximum duration for the issuance of a new certificate revocation list (CRL) for juristic persons?,general,en,answered,ERROR,error,0,,0,5427,0
604,What are the cybersecurity roles and responsibilities applicable to government entities according to the NCA?,cybersec,en,answered,ERROR,error,0,,0,5591,0
605,What is the significance of the exit strategy mentioned in the context of corporate cybersecurity?,general,en,answered,ERROR,error,0,,0,5268,0
606,ما هي التدابير المحددة لتعزيز الوعي بالأمن السيبراني؟,cybersec,ar,answered,ERROR,error,0,,0,5345,0
607,What specific cybersecurity controls are applicable to government entities?,general,en,answered,ERROR,error,0,,0,5254,0
608,What specific areas do the cybersecurity controls in this passage address?,general,en,answered,ERROR,error,0,,0,5090,0
609,ما هي المعلومات التي يجب تسجيلها وفقًا لمتطلبات هيئة النقد العربي السعودي للأمن السيبراني؟,cybersec,ar,answered,ERROR,error,0,,0,5406,0
610,ما الذي يجب مراقبته بانتظام من حسابات الوسائط الاجتماعية الرسمية للمنظمة؟,general,ar,answered,ERROR,error,0,,0,5300,0
611,What requirements must be adhered to regarding the localization of information and data?,cybersec,en,answered,ERROR,error,0,,0,5228,0
612,What must be detected regarding privileged user accounts?,cybersec,en,answered,ERROR,error,0,,0,5382,0
613,What is required before an entity can commence the provision of critical specialized cybersecurity services?,cybersec,en,answered,ERROR,error,0,,0,5465,0
614,ما هي الضوابط الأمنية التي تنطبق على البنوك حسب النص؟,general,ar,answered,ERROR,error,0,,0,5389,0
615,What types of devices are specified as not permitted for the mobile applications?,general,en,answered,ERROR,error,0,,0,5364,0
616,ما هو الهدف من الضوابط الأمنية السيبرانية المذكورة في المقطع؟,cybersec,ar,answered,ERROR,error,0,,0,5433,0
617,Who is responsible for reviewing and updating the DDoS protection standard?,general,en,answered,ERROR,error,0,,0,5357,0
618,ما الذي يجب أن تغطيه متطلبات الأمن السيبراني عند التعامل مع الأطراف الخارجية؟,cybersec,ar,answered,ERROR,error,0,,0,5355,0
619,What documents does an SME need to open a bank account?,bank_account,en,answered,ERROR,error,0,,0,5127,0
620,ما هو الهدف من معايير الترميز الآمن المذكورة في الفقرة؟,general,ar,answered,ERROR,error,0,,0,5436,0
621,ما هو اللون الذي يشير إلى أن المشاركة محظورة تمامًا في بروتوكول إشارة المرور؟,cybersec,ar,answered,ERROR,error,0,,0,5365,0
622,Who were appointed and involved in the identification of the project/change?,cybersec,en,answered,ERROR,error,0,,0,5171,0
623,What responsibilities are associated with the development of tools for cybersecurity?,cybersec,en,answered,ERROR,error,0,,0,5456,0
624,ما هي الخطط التي يجب تضمينها في خطط استمرارية الأعمال؟,cybersec,ar,answered,ERROR,error,0,,0,5500,0
625,ما هي العناصر التي يجب إزالتها بعد إجراء التعديلات على النموذج؟,general,ar,answered,ERROR,error,0,,0,5602,0
626,ما هو التركيز الرئيسي للضوابط الأمنية المعمول بها على الجهات الحكومية؟,general,ar,answered,ERROR,error,0,,0,5365,0
627,What type of training is emphasized in the cybersecurity awareness program?,general,en,answered,ERROR,error,0,,0,4997,0
628,ما هي المعلومات الحساسة التي يجب عدم نشرها على حسابات التواصل الاجتماعي الرسمية؟,general,ar,answered,ERROR,error,0,,0,5412,0
629,What does the passage indicate about the importance of cybersecurity measures?,general,en,answered,ERROR,error,0,,0,5248,0
630,What type of policies are included in the identity and access management framework?,general,en,answered,ERROR,error,0,,0,5152,0
631,Who is responsible for documenting the implementation of cybersecurity controls in the IT Project or Change Management process?,cybersec,en,answered,ERROR,error,0,,0,5385,0
632,What is the purpose of the Cybersecurity Business Continuity Policy Template?,cybersec,en,answered,ERROR,error,0,,0,5434,0
633,What is the purpose of providing guidance on cybersecurity to supervisors and employees?,cybersec,en,answered,ERROR,error,0,,0,5302,0
634,ما هي معايير النسخ الاحتياطي وإدارة الاسترداد المذكورة في التحكم في الأمن السيبراني؟,cybersec,ar,answered,ERROR,error,0,,0,5249,0
635,What is considered one of the most important assets contributing to the achievement of the strategic objectives of the Kingdom's Vision 2030?,general,en,answered,ERROR,error,0,,0,5101,0
636,What is meant by 'Segregation of Duties' in the context of Privileged Access Management?,cybersec,en,answered,ERROR,error,0,,0,5359,0
637,What is required for workstations and mobile devices in terms of data protection?,general,en,answered,ERROR,error,0,,0,5359,0
638,What actions are defined for each identified vulnerability?,general,en,answered,ERROR,error,0,,0,5239,0
639,What is the significance of the version number mentioned in the NCA document?,cybersec,en,answered,ERROR,error,0,,0,5144,0
640,To whom is the regulatory framework applicable?,general,en,answered,ERROR,error,0,,0,5300,0
641,ما هي الفئات المرخصة بموجب فئة الترخيص المتخصص؟,cybersec,ar,answered,ERROR,error,0,,0,5431,0
642,ما هي أهمية تسجيل الأحداث الرئيسية التي تم تنفيذها في البيئة؟,cybersec,ar,answered,ERROR,error,0,,0,5562,0
643,Which authority's cybersecurity requirements are aligned with this standard?,general,en,answered,ERROR,error,0,,0,5293,0
644,What specific aspect of cybersecurity does the passage address?,general,en,answered,ERROR,error,0,,0,5025,0
645,What should not be present in the security questions for account recovery?,general,en,answered,ERROR,error,0,,0,5211,0
646,What are the essential cybersecurity controls mentioned in the passage?,general,en,answered,ERROR,error,0,,0,5107,0
647,What measures are suggested for ensuring the integrity of banking data?,cybersec,en,answered,ERROR,error,0,,0,5299,0
648,What is the role of a Cybersecurity Architect according to the NCA?,cybersec,en,answered,ERROR,error,0,,0,5130,0
649,What types of transactions are prohibited according to the cybersecurity controls?,general,en,answered,ERROR,error,0,,0,5026,0
650,What type of entities are the cybersecurity controls for IoT devices applicable to in this passage?,general,en,answered,ERROR,error,0,,0,5252,0
651,What is the purpose of the cybersecurity requirements checklist for IT projects?,cybersec,en,answered,ERROR,error,0,,0,5220,0
652,ما هي الجهات التي يجب عليها تنفيذ برامج التوعية بالأمن السيبراني؟,cybersec,ar,answered,ERROR,error,0,,0,5149,0
653,How does the NCA define managed services in relation to cybersecurity?,cybersec,en,answered,ERROR,error,0,,0,5160,0
654,Which authority is responsible for the cybersecurity controls applicable to government entities?,general,en,answered,ERROR,error,0,,0,5179,0
655,ما هي الكيانات التي تغطيها إرشادات الأمن السيبراني لأجهزة إنترنت الأشياء في هذا النص؟,general,ar,answered,ERROR,error,0,,0,5019,0
656,ما هي السياسة التي يجب أن تتوافق معها كلمات المرور الجديدة؟,general,ar,answered,ERROR,error,0,,0,5393,0
657,ما هي الضوابط الأساسية للأمن السيبراني المذكورة في النص؟,general,ar,answered,ERROR,error,0,,0,5207,0
658,What is the purpose of the cybersecurity controls mentioned in the NCA guidelines?,cybersec,en,answered,ERROR,error,0,,0,5166,0
659,ما هي الحلول الأمنية التي يجب إدارتها للأجهزة الطرفية؟,cybersec,ar,answered,ERROR,error,0,,0,5306,0
660,ما هي الإجراءات التي يجب اتخاذها لضمان جودة الأنظمة الأمنية وفقًا للمقطع؟,cybersec,ar,answered,ERROR,error,0,,0,5178,0
661,What is one of the requirements for the AM software regarding updates?,general,en,answered,ERROR,error,0,,0,5218,0
662,ما هي الأدوات التي يجب تطويرها لتعزيز القدرات الأمنية وفقًا للنص؟,cybersec,ar,answered,ERROR,error,0,,0,5381,0
663,What should be done to replace <organization name> in the document?,cybersec,en,answered,ERROR,error,0,,0,5331,0
664,How does the passage define the importance of cybersecurity in government entities?,cybersec,en,answered,ERROR,error,0,,0,5282,0
665,How should the organization name be replaced in the document?,general,en,answered,ERROR,error,0,,0,5442,0
666,ما هي أهمية الحسابات الافتراضية في سياق ضوابط الأمن السيبراني؟,cybersec,ar,answered,ERROR,error,0,,0,5176,0
667,ما الذي يركز عليه الدليل بشأن إدارة أصول الدفاع السيبراني؟,cybersec,ar,answered,ERROR,error,0,,0,5196,0
668,ما هي أهمية تنفيذ ضوابط الأمن السيبراني للبنوك؟,general,ar,answered,ERROR,error,0,,0,5240,0
669,What is the main focus of the cybersecurity guidelines mentioned in the passage?,general,en,answered,PASS,generative,7,0.1318,620,31191,0
670,How does the NCA define the role of government entities in relation to cybersecurity?,cybersec,en,answered,PASS,generative,8,0.9816,778,28578,0
671,What is the full title of the guidelines mentioned in the passage?,general,en,answered,PASS,generative,8,0.0433,313,61870,0
672,What is the purpose of the Cybersecurity Awareness and Training Program?,general,en,answered,PASS,generative,6,0.9975,627,28704,0
673,Which vulnerabilities are mentioned as critical in the secure coding practices?,general,en,answered,NOT_FOUND,generative,0,0.1656,76,22826,0
674,ما هي الإجراءات التي يجب أن تتبعها الجهات الحكومية لضمان تنفيذ البرنامج التوعوي؟,cybersec,ar,answered,PASS,generative,8,0.0801,404,87081,0
675,What does the term 'Cybersecurity' include according to the definitions provided?,cybersec,en,answered,PASS,generative,8,0.9108,621,55261,0
676,What is the classification version mentioned for wireless network security controls?,general,en,answered,ERROR,error,0,,0,56891,0
677,What is the purpose of the Penetration Testing Standard Template?,general,en,answered,ERROR,error,0,,0,7297,0
678,ما هي أهمية RASS في إطار الأمن السيبراني؟,cybersec,ar,answered,ERROR,error,0,,0,5282,0
679,ما هي الضوابط الأمنية السيبرانية المطبقة على الكيانات الحكومية وفقًا للهيئة الوطنية للأمن السيبراني؟,general,ar,answered,ERROR,error,0,,0,5077,0
680,What types of incidents should be monitored according to the cybersecurity controls?,cybersec,en,answered,ERROR,error,0,,0,5592,0
681,ما هي المراحل التي تشملها عملية إعداد الوثيقة؟,cybersec,ar,answered,ERROR,error,0,,0,5428,0
682,Which functions are involved in the implementation and execution of the DDoS protection standard?,general,en,answered,ERROR,error,0,,0,5287,0
683,من أنت؟,identity,ar,identity,PASS,identity,0,,276,2041,0
684,What was conducted to evaluate cybersecurity risks of the project/change?,cybersec,en,answered,ERROR,error,0,,0,5422,0
685,ما هي الإدارة التي يجب إنشاؤها في الجهة المعنية بالأمن السيبراني؟,cybersec,ar,answered,ERROR,error,0,,0,5650,0
686,Which authority issued the cybersecurity guidelines for IoT?,general,en,answered,ERROR,error,0,,0,5333,0
687,ما هي المتطلبات التي يجب على المنظمة تلبيتها لحماية أصولها من هجمات DDoS؟,general,ar,answered,ERROR,error,0,,0,5415,0
688,What must be obtained before connecting personal devices to the organization's networks?,general,en,answered,ERROR,error,0,,0,5457,0
689,What cybersecurity controls must banks implement according to the passage?,general,en,answered,ERROR,error,0,,0,5248,0
690,What does the asset inventory include regarding the technical details of each application?,general,en,answered,ERROR,error,0,,0,5156,0
691,What must be removed after filling out the template according to the guidance box?,general,en,answered,ERROR,error,0,,0,5437,0
692,What is the responsibility of <organization name>’s personnel regarding the cybersecurity document procedure?,cybersec,en,answered,ERROR,error,0,,0,5254,0
693,What type of entities does the passage focus on regarding cybersecurity controls?,cybersec,en,answered,ERROR,error,0,,0,5294,0
694,What is one of the roles of the National Cybersecurity Authority in capacity building?,general,en,answered,ERROR,error,0,,0,5303,0
695,What is the focus of the cybersecurity business continuity regulations?,cybersec,en,answered,ERROR,error,0,,0,5444,0
696,What specific controls are detailed for banks in the passage?,cybersec,en,answered,ERROR,error,0,,0,5300,0
697,What is the purpose of the cybersecurity controls mentioned in the passage?,cybersec,en,answered,ERROR,error,0,,0,5212,0
698,What is the significance of the compliance with identity and access management regulations for government entities?,general,en,answered,ERROR,error,0,,0,5144,0
699,What type of configurations does the passage emphasize for government entities?,general,en,answered,ERROR,error,0,,0,5411,0
700,ما هي الجهة المسؤولة عن تنفيذ تنظيمات إدارة الوسائط المذكورة في النص؟,general,ar,answered,ERROR,error,0,,0,5283,0
701,ما هي المعايير التي يجب مراجعتها كل ستة أشهر للأنظمة الحرجة؟,general,ar,answered,ERROR,error,0,,0,5392,0
702,كيف يمكن إدخال شعار المؤسسة في المستند؟,general,ar,answered,ERROR,error,0,,0,5193,0
703,How is the on-premise deployment of DDoS protection solutions performed?,general,en,answered,ERROR,error,0,,0,5436,0
704,ما هي الضوابط الأمنية السيبرانية التي تنطبق على البنوك وفقًا للهيئة الوطنية للأمن السيبراني؟,cybersec,ar,answered,ERROR,error,0,,0,5168,0
705,ما هي الجهة المسؤولة عن الأمن السيبراني المذكورة في النص؟,cybersec,ar,answered,ERROR,error,0,,0,5352,0
706,Who is granted access to the central location according to the Vulnerability Management Policy?,general,en,answered,ERROR,error,0,,0,5381,0
707,What must be defined for each identified vulnerability based on their risk level?,general,en,answered,ERROR,error,0,,0,5254,0
708,What classification is given to the document regarding its public accessibility?,general,en,answered,ERROR,error,0,,0,5339,0
709,What specific cybersecurity controls are referenced in relation to banks in the passage?,general,en,answered,ERROR,error,0,,0,5427,0
710,What responsibilities are assigned to government entities in relation to cybersecurity?,cybersec,en,answered,ERROR,error,0,,0,5146,0
711,What is the main focus of the compliance requirements outlined in the passage?,cybersec,en,answered,ERROR,error,0,,0,5106,0
712,How does the NCA define the responsibilities of banks in cybersecurity?,cybersec,en,answered,ERROR,error,0,,0,5305,0
713,What segments of entities can the licensee work with in the cybersecurity licensing framework?,cybersec,en,answered,ERROR,error,0,,0,5232,0
714,من يجب أن يتم إبلاغه كتابياً بشأن إلغاء قسم الأمن السيبراني؟,cybersec,ar,answered,ERROR,error,0,,0,5388,0
715,Which standards are referenced in the operational technology cybersecurity controls?,cybersec,en,answered,ERROR,error,0,,0,5486,0
716,Which vulnerabilities are specifically mentioned in the context of secure coding standards?,general,en,answered,ERROR,error,0,,0,4975,0
717,ما هي السياسات والإجراءات المتعلقة بالأمن السيبراني التي يجب اتباعها وفقًا للOTCC؟,cybersec,ar,answered,ERROR,error,0,,0,5194,0
718,What is the significance of the term 'RIA' in the context of secure coding?,general,en,answered,ERROR,error,0,,0,5153,0
719,ما هي السياسات والإجراءات المتعلقة بإدارة مخاطر الأمن السيبراني المذكورة في النص؟,general,ar,answered,ERROR,error,0,,0,5317,0
720,What is the primary focus of the cybersecurity controls applicable to banks as stated in the passage?,cybersec,en,answered,ERROR,error,0,,0,5235,0
721,What is the significance of the date mentioned in the email security policies?,general,en,answered,ERROR,error,0,,0,5246,0
722,What is the main focus of the cybersecurity controls implementation as stated in the passage?,cybersec,en,answered,ERROR,error,0,,0,5107,0
723,Who is responsible for updating the control version details?,general,en,answered,ERROR,error,0,,0,5582,0
724,ما هو اسم الوثيقة التي تتعلق بالتحكم في الأمن السيبراني للأنظمة الحرجة؟,general,ar,answered,ERROR,error,0,,0,5460,0
725,Which specific cybersecurity measures are recommended for social media accounts?,general,en,answered,ERROR,error,0,,0,5094,0
726,ما هي متطلبات سياسة النسخ الاحتياطي والاسترداد المعتمدة من المنظمة؟,general,ar,answered,ERROR,error,0,,0,5293,0
727,Who is responsible for complying with the document development procedure?,cybersec,en,answered,ERROR,error,0,,0,5329,0
728,ما هي البيانات التي يجب ألا تحتوي عليها أصول التكنولوجيا لإدارة حسابات وسائل التواصل الاجتماعي؟,general,ar,answered,ERROR,error,0,,0,5480,0
729,What methods and tools must be used to detect vulnerabilities according to the NCA?,general,en,answered,ERROR,error,0,,0,5295,0
730,What are the basic cybersecurity controls applicable to banks according to the NCA?,cybersec,en,answered,ERROR,error,0,,0,5007,0
731,What is SAMA?,general,en,answered,ERROR,error,0,,0,2253,0
732,What must be used when sending sensitive information via email or communication systems?,general,en,answered,ERROR,error,0,,0,5286,0
733,What must be ensured centrally for all DBMSs?,general,en,answered,ERROR,error,0,,0,5174,0
734,What authentication method is mentioned as necessary for email security?,general,en,answered,ERROR,error,0,,0,5288,0
735,What is the purpose of the cybersecurity controls mentioned in the passage?,general,en,answered,ERROR,error,0,,0,5247,0
736,What should be done after filling out the template according to the guidance box?,general,en,answered,ERROR,error,0,,0,5161,0
737,What is the first step to replace <organization name> in the document?,general,en,answered,ERROR,error,0,,0,5327,0
738,What steps should be followed to replace <organization name> in the document?,general,en,answered,ERROR,error,0,,0,5534,0
739,What is required for the handling of personal data under the general licensing category?,general,en,answered,ERROR,error,0,,0,5003,0
740,ما هي المجالات الرئيسية التي تركز عليها إرشادات الأمن السيبراني لأجهزة إنترنت الأشياء؟,general,ar,answered,ERROR,error,0,,0,5307,0
741,Which cybersecurity framework is referenced in the OTCC controls?,cybersec,en,answered,ERROR,error,0,,0,5291,0
742,ما هي الأدوار والمسؤوليات المذكورة في الفقرة؟,cybersec,ar,answered,ERROR,error,0,,0,5333,0
743,What are the cybersecurity applications management requirements related to?,cybersec,en,answered,ERROR,error,0,,0,5423,0
744,How many tables are mentioned in the document regarding cybersecurity controls?,cybersec,en,answered,ERROR,error,0,,0,5207,0
745,What is the purpose of the guidance box mentioned in the passage?,general,en,answered,ERROR,error,0,,0,5435,0
746,What is the focus of the cybersecurity resilience aspects mentioned in the passage?,cybersec,en,answered,ERROR,error,0,,0,5565,0
747,ما هو الهدف من الحفاظ على تشغيل وظيفة تسجيل السجلات بشكل مستمر؟,cybersec,ar,answered,ERROR,error,0,,0,5174,0
748,What version of the X.509 standard is referenced in the document?,general,en,answered,ERROR,error,0,,0,5366,0
749,What types of assets are excluded from the scope of bug bounty programs?,cybersec,en,answered,ERROR,error,0,,0,5529,0
750,What must be edited appropriately in the backup policy template?,general,en,answered,ERROR,error,0,,0,5459,0
751,ما هي متطلبات الأمن الأساسية التي تتناولها إرشادات NOG 104؟,cybersec,ar,answered,ERROR,error,0,,0,5467,0
752,What type of entities do the cybersecurity controls apply to according to the passage?,cybersec,en,answered,ERROR,error,0,,0,5227,0
753,What could happen if <organization name>’s logging infrastructure is left unprotected?,cybersec,en,answered,ERROR,error,0,,0,5291,0
754,What is the primary focus of the cybersecurity controls mentioned in the passage?,cybersec,en,answered,ERROR,error,0,,0,5274,0
755,What type of projects does the cybersecurity framework apply to?,cybersec,en,answered,ERROR,error,0,,0,5576,0
756,What is the primary focus of the cybersecurity controls mentioned in the passage?,general,en,answered,ERROR,error,0,,0,5196,0
757,ما الذي يجب إدخاله في اسم المنظمة في الوثيقة؟,general,ar,answered,ERROR,error,0,,0,5298,0
758,How does the document suggest handling cybersecurity incidents?,cybersec,en,answered,ERROR,error,0,,0,5312,0
759,What should be replaced with the organization's full name in the document?,general,en,answered,ERROR,error,0,,0,5270,0
760,ما هو السياق الذي تتعلق به ضوابط الأمن السيبراني المذكورة في وثيقة الهيئة الوطنية للأمن السيبراني؟,cybersec,ar,answered,ERROR,error,0,,0,5305,0
761,What does the acronym ERM stand for in the context of cybersecurity risk management?,cybersec,en,answered,ERROR,error,0,,0,5254,0
762,What recommendations are provided for threat containment in the cybersecurity controls?,general,en,answered,ERROR,error,0,,0,5214,0
763,What is the primary focus of the cybersecurity controls mentioned in the passage?,cybersec,en,answered,ERROR,error,0,,0,5100,0
764,ما هو الهدف من إدارة التصحيحات في الأمن السيبراني للبنوك؟,cybersec,ar,answered,ERROR,error,0,,0,5268,0
765,What does the term 'Defense-in-Depth' refer to in the context of cybersecurity controls?,cybersec,en,answered,ERROR,error,0,,0,5308,0
766,كيف تعرف الهيئة الوطنية للأمن السيبراني الخدمات المدارة فيما يتعلق بالأمن السيبراني؟,cybersec,ar,answered,ERROR,error,0,,0,5504,0
767,What must be developed and approved for penetration testing according to the passage?,general,en,answered,ERROR,error,0,,0,5414,0
768,ما هي الجهات التي تستهدفها الضوابط الأمنية السيبرانية الأساسية وفقاً للفقرة؟,cybersec,ar,answered,ERROR,error,0,,0,5478,0
769,What must be added to the list if there are locally approved international agreements related to cybersecurity?,cybersec,en,answered,ERROR,error,0,,0,5270,0
770,Who must have access to the official social media accounts of the organization?,general,en,answered,ERROR,error,0,,0,5311,0
771,Which entities are subject to the identity and access management regulations?,general,en,answered,ERROR,error,0,,0,5052,0
772,What is the national standard for cybersecurity mentioned in the passage?,general,en,answered,ERROR,error,0,,0,5481,0
773,What does the passage state about cybersecurity incident management?,cybersec,en,answered,ERROR,error,0,,0,5159,0
774,ما هي الوثائق المطلوبة لتقديم طلب الحصول على الشهادة؟,general,ar,answered,ERROR,error,0,,0,5368,0
775,What should be done to the items highlighted in turquoise and green?,general,en,answered,ERROR,error,0,,0,5282,0
776,What standard was used for evaluating the cybersecurity risks of the project/change?,cybersec,en,answered,ERROR,error,0,,0,5424,0
777,What is the purpose of the cybersecurity controls mentioned in the passage?,general,en,answered,ERROR,error,0,,0,5052,0
778,What is the objective of event alerting as mentioned in the passage?,cybersec,en,answered,ERROR,error,0,,0,5174,0
779,ما هي أنواع الضوابط السيبرانية التي تم الإشارة إليها في الفقرة؟,cybersec,ar,answered,ERROR,error,0,,0,5166,0
780,ما هي الشروط التي يجب أن تلتزم بها الكيان للحصول على الترخيص؟,cybersec,ar,answered,ERROR,error,0,,0,5485,0
781,What is the document classification of the GOSMACC Implementation guideline?,general,en,answered,ERROR,error,0,,0,5195,0
782,What year is referenced for the cybersecurity controls applicable to government entities?,cybersec,en,answered,ERROR,error,0,,0,5493,0
783,ما هو دور فصل الواجبات في ضوابط الأمن السيبراني؟,cybersec,ar,answered,ERROR,error,0,,0,5244,0
784,What classification is assigned to the document regarding organizations' social media accounts?,general,en,answered,ERROR,error,0,,0,5348,0
785,ما هي الأنظمة التي تشملها الأنظمة الأمنية السيبرانية؟,cybersec,ar,answered,ERROR,error,0,,0,5352,0
786,ما هو الجانب المحدد للأمن السيبراني الذي تتناوله هذه الفقرة للكيانات الحكومية؟,general,ar,answered,ERROR,error,0,,0,5214,0
787,What type of segmentation is required when connecting industrial production networks to other networks within the organization?,cybersec,en,answered,ERROR,error,0,,0,5251,0
788,ما هي الجهة التي وضعت إرشادات الأمن السيبراني المذكورة؟,general,ar,answered,ERROR,error,0,,0,5312,0
789,Which organizations are mentioned as entities applicable under the OTCC?,cybersec,en,answered,ERROR,error,0,,0,5391,0
790,What are the two tiers issued within the cybersecurity licensing category?,cybersec,en,answered,ERROR,error,0,,0,4977,0
791,من هم أصحاب المصلحة الذين يجب تحديدهم في عملية إدارة الثغرات؟,general,ar,answered,ERROR,error,0,,0,5032,0
792,ما هي المعلومات التي يجب أن تحتوي عليها قائمة الأصول لكل طرف ثالث ومورد؟,general,ar,answered,ERROR,error,0,,0,5225,0
793,What organization is responsible for the Guide to Operational Technology Cybersecurity Controls?,cybersec,en,answered,ERROR,error,0,,0,5197,0
794,ما الذي تؤكد عليه الهيئة الوطنية للأمن السيبراني بشأن إدارة تصحيحات الأمن السيبراني للبنوك؟,cybersec,ar,answered,ERROR,error,0,,0,5651,0
795,ما هو نوع الأجهزة الذي تغطيه الإرشادات المذكورة في النص؟,general,ar,answered,ERROR,error,0,,0,5405,0
796,What are the topics covered under the licensing regulations?,cybersec,en,answered,ERROR,error,0,,0,5279,0
797,ما هي مسؤوليات الموظفين المتعلقة بالأمن السيبراني التي يجب تحديدها في الوصف الوظيفي؟,general,ar,answered,ERROR,error,0,,0,5373,0
798,What is required to mitigate the risks associated with XXE and SQL Injection vulnerabilities?,general,en,answered,ERROR,error,0,,0,5139,0
799,What is the intended audience for the cybersecurity guidelines discussed?,general,en,answered,ERROR,error,0,,0,5299,0
800,What must be verified in the case of user identity?,general,en,answered,ERROR,error,0,,0,5277,0
801,كم عدد الجداول المشار إليها في الوثيقة المتعلقة بمبادئ الأمن السيبراني؟,cybersec,ar,answered,ERROR,error,0,,0,5373,0
802,What does the CSCC Implementation Guidelines document classify as 'Public'?,general,en,answered,ERROR,error,0,,0,5398,0
803,How does the passage suggest government entities should approach cybersecurity?,general,en,answered,ERROR,error,0,,0,5379,0
804,What is the primary focus of the cybersecurity guidelines mentioned in the passage?,general,en,answered,ERROR,error,0,,0,5249,0
805,What must the licensee provide to NCA as part of their compliance requirements?,cybersec,en,answered,ERROR,error,0,,0,5234,0
806,ما هو الغرض من جدول المراجعة؟,cybersec,ar,answered,ERROR,error,0,,0,5130,0
807,ما هي الجوانب المحددة للضوابط الأمنية السيبرانية المذكورة في الفقرة؟,general,ar,answered,ERROR,error,0,,0,5479,0
808,What must be verified for a juristic person applying for a certificate?,general,en,answered,ERROR,error,0,,0,5382,0
809,"What types of services are included in the classification of cybersecurity services, products, and solutions?",cybersec,en,answered,ERROR,error,0,,0,5029,0
810,ما هي السياسة المتعلقة بالالتزام التي تم ذكرها في النص؟,cybersec,ar,answered,ERROR,error,0,,0,4981,0
811,What must a licensed entity do immediately if there is a change in ownership?,cybersec,en,answered,ERROR,error,0,,0,5216,0
812,ما هي الحاجة التي قد تؤدي إلى إنشاء وثيقة جديدة للأمن السيبراني؟,cybersec,ar,answered,ERROR,error,0,,0,5044,0
813,ما هي الإجراءات التي قد تتخذ في حالة انتهاك هذه السياسة؟,cybersec,ar,answered,ERROR,error,0,,0,5464,0
814,What type of cybersecurity controls does the NCA emphasize for implementation?,cybersec,en,answered,ERROR,error,0,,0,5458,0
815,ما هي السياسات المعتمدة التي يجب اتباعها لتشفير قواعد البيانات؟,general,ar,answered,ERROR,error,0,,0,5177,0
816,What is the purpose of the asset management policies applicable to banks?,general,en,answered,ERROR,error,0,,0,5320,0
817,What is the frequency of the periodical review rate mentioned in the backup policy template?,general,en,answered,ERROR,error,0,,0,5324,0
818,ما هي الجهات المعنية بالتحكمات الأمنية السيبرانية المذكورة في الفقرة؟,general,ar,answered,ERROR,error,0,,0,5163,0
819,What are the key components of the cybersecurity strategy mentioned in the passage?,cybersec,en,answered,ERROR,error,0,,0,5407,0
820,What cybersecurity controls are applicable to banks as per the passage?,general,en,answered,ERROR,error,0,,0,5330,0
821,pep edd requirements,kyc_aml,en,answered,ERROR,error,0,,0,2422,0
822,What is the classification of the document mentioned in the passage?,general,en,answered,ERROR,error,0,,0,5280,0
823,Is the document intended for public use?,general,en,answered,ERROR,error,0,,0,5265,0
824,What must be synchronized with three redundant central time servers?,cybersec,en,answered,ERROR,error,0,,0,5182,0
825,Can the NCA form teams from public agencies and private entities?,general,en,answered,ERROR,error,0,,0,5383,0
826,ما هي العناصر الأساسية لمتطلبات الأمن السيبراني في تطوير البرمجيات وفقًا للنص؟,cybersec,ar,answered,ERROR,error,0,,0,5338,0
827,What is the significance of the cybersecurity controls for banks as per the guidelines?,cybersec,en,answered,ERROR,error,0,,0,5237,0
828,What should be edited appropriately in turquoise?,general,en,answered,ERROR,error,0,,0,5242,0
829,Which authority is responsible for the cryptography regulations applicable to banks?,general,en,answered,ERROR,error,0,,0,5132,0
830,What must the authority base its decision on when revoking a license?,general,en,answered,ERROR,error,0,,0,5413,0
831,What measures are suggested for ensuring cybersecurity effectiveness?,cybersec,en,answered,ERROR,error,0,,0,5358,0
832,What should be done after filling out the mobile devices security standard template?,general,en,answered,ERROR,error,0,,0,5346,0
833,What is the purpose of identifying cybersecurity threats according to the passage?,cybersec,en,answered,ERROR,error,0,,0,5234,0
834,ما هي الإجراءات التي يجب أن يكون الموظفون على علم بها عند التعامل مع الأحداث غير العادية؟,general,ar,answered,ERROR,error,0,,0,5195,0
835,What should be removed after filling out the template?,cybersec,en,answered,ERROR,error,0,,0,5355,0
836,What is the objective of ensuring the protection of mobile devices in the context of social media?,general,en,answered,ERROR,error,0,,0,5199,0
837,ما هو الإجراء الذي يجب اتباعه بعد تحديد الثغرة؟,general,ar,answered,ERROR,error,0,,0,5080,0
838,What must the entity submit as part of the initial service delivery plan?,cybersec,en,answered,ERROR,error,0,,0,5425,0
839,What are the basic principles of cybersecurity that banks must implement according to the NCA?,cybersec,en,answered,ERROR,error,0,,0,5078,0
840,What is required for the evaluation of cybersecurity threats according to the passage?,cybersec,en,answered,ERROR,error,0,,0,5199,0
841,What is the purpose of integrating and analyzing security data from extended sources?,general,en,answered,ERROR,error,0,,0,5311,0
842,What is the minimum version of the standard referenced in the passage?,general,en,answered,ERROR,error,0,,0,5213,0
843,What action plan must be developed after the penetration testing report?,general,en,answered,ERROR,error,0,,0,5509,0
844,What year was the GOSMACC Implementation guideline published?,general,en,answered,ERROR,error,0,,0,5488,0
845,What types of cybersecurity services are included in the classification mentioned in the passage?,cybersec,en,answered,ERROR,error,0,,0,5257,0
846,How does the passage suggest managing mobile device security?,general,en,answered,ERROR,error,0,,0,5301,0
847,ما هو المعيار الذي يجب أن يؤخذ في الاعتبار في حالة وجود تناقض بين وثيقة OTCC والمعايير الأخرى؟,cybersec,ar,answered,ERROR,error,0,,0,5157,0
848,ما هي التدابير الأمنية السيبرانية المحددة التي تم تسليط الضوء عليها للبنوك في النص؟,cybersec,ar,answered,ERROR,error,0,,0,5360,0
849,ما هي المخاطر التي تهدف المعايير إلى تقليلها؟,general,ar,answered,ERROR,error,0,,0,5323,0
850,Who must be alerted about cybersecurity patches according to the Patch Management Policy?,general,en,answered,ERROR,error,0,,0,5229,0
851,Which section outlines the roles and responsibilities in the email security policies?,general,en,answered,ERROR,error,0,,0,5369,0
852,How does the passage describe the relationship between cybersecurity and governance?,general,en,answered,ERROR,error,0,,0,5058,0
853,Which specific cybersecurity control is referenced in the context of banks?,cybersec,en,answered,ERROR,error,0,,0,5310,0
854,What technologies should the DDoS protection solution utilize to prevent new threats?,general,en,answered,ERROR,error,0,,0,5238,0
855,What must be verified by rerunning the vulnerability scan?,general,en,answered,ERROR,error,0,,0,5487,0
856,ما هي العواقب المحتملة إذا لم يتم تكوين التنبيه على أنظمة التسجيل؟,cybersec,ar,answered,ERROR,error,0,,0,5323,0
857,ما هي المسؤوليات المتعلقة بإدارة مخاطر الأمن السيبراني المذكورة في الفقرة؟,general,ar,answered,ERROR,error,0,,0,5133,0
858,ما هو نوع البرمجيات الخبيثة الذي يتحدث عنه النص؟,cybersec,ar,answered,ERROR,error,0,,0,5131,0
859,What is the maximum time frame within which licensed services must be provided after license issuance?,cybersec,en,answered,ERROR,error,0,,0,5314,0
860,كيف يتم تعريف مصطلح 'التوافر' في سياق الأمن السيبراني وفقًا للمقطع؟,cybersec,ar,answered,ERROR,error,0,,0,5331,0
861,ما هي المتطلبات الأمنية المتعلقة بتطوير البرمجيات المذكورة في النص؟,cybersec,ar,answered,ERROR,error,0,,0,4957,0
862,ما هي المخاطر التي تهدف السياسة إلى تقليلها؟,general,ar,answered,ERROR,error,0,,0,5059,0
863,What is the role of the NCA in regulating cybersecurity for banks?,cybersec,en,answered,ERROR,error,0,,0,5176,0
864,What type of network must management communication channels use?,general,en,answered,ERROR,error,0,,0,5211,0
865,What type of entities do the cybersecurity controls discussed in this passage apply to?,general,en,answered,ERROR,error,0,,0,5103,0
866,ما هي المتطلبات الأمنية المذكورة في القائمة؟,cybersec,ar,answered,ERROR,error,0,,0,5373,0
867,Which control ID is associated with the standards mentioned in the passage?,cybersec,en,answered,ERROR,error,0,,0,5254,0
868,What does the table of contents include?,general,en,answered,ERROR,error,0,,0,5255,0
869,كيف يجب إدخال اسم المنظمة في الوثيقة بأكملها؟,general,ar,answered,ERROR,error,0,,0,5273,0
870,ما هو الغرض من تقييم الثغرات؟,general,ar,answered,ERROR,error,0,,0,5288,0
871,Which control IDs are referenced in the operational technology cybersecurity controls for government entities?,cybersec,en,answered,ERROR,error,0,,0,5451,0
872,ما الذي يجب القيام به لاستبدال اسم المنظمة في الوثيقة؟,general,ar,answered,ERROR,error,0,,0,5254,0
873,ما هي متطلبات الالتزام المتعلقة بالشهادات الرقمية؟,general,ar,answered,ERROR,error,0,,0,5285,0
874,ما هو دور التشفير في سياق تنظيمات البنوك؟,general,ar,answered,ERROR,error,0,,0,5272,0
875,What does the OTCC Implementation guideline focus on?,cybersec,en,answered,ERROR,error,0,,0,5158,0
876,What entities does the Framework apply to regarding cybersecurity-related services?,cybersec,en,answered,ERROR,error,0,,0,5100,0
877,What information is required to be inserted in the version control details?,general,en,answered,ERROR,error,0,,0,5188,0
878,ما هي الحقوق التي يجب أن تُدار بناءً على الحاجة التجارية؟,general,ar,answered,ERROR,error,0,,0,5138,0
879,Which royal decree is referenced in the passage regarding cybersecurity controls?,general,en,answered,ERROR,error,0,,0,5538,0
880,What does the regulatory document specify about the requirements for service providers issuing digital certificates?,general,en,answered,ERROR,error,0,,0,5451,0
881,ما هي أهمية إجراء التدقيقات حسب ضوابط الأمن السيبراني؟,general,ar,answered,ERROR,error,0,,0,5220,0
882,ما هي اللغة الملزمة لجميع الأمور المتعلقة بمعنى أو تفسير هذا المستند؟,cybersec,ar,answered,ERROR,error,0,,0,5321,0
883,Which authority is responsible for the implementation of the essential cybersecurity controls for government entities?,cybersec,en,answered,ERROR,error,0,,0,5351,0
884,When was the Statute of the National Cybersecurity Authority amended?,general,en,answered,ERROR,error,0,,0,5248,0
885,ما هي الخدمات التي يجب أن تقدمها مزودو الخدمات السيبرانية المرخصين؟,general,ar,answered,ERROR,error,0,,0,5363,0
886,ما الذي يجب أن يتضمنه نموذج التكوين الآمن والتقوية فيما يتعلق بالتوقيت؟,general,ar,answered,ERROR,error,0,,0,5245,0
887,What is the purpose of the cybersecurity controls for banks as described in the passage?,general,en,answered,ERROR,error,0,,0,5052,0
888,What mandates does the NCA have as the National Authority in Charge of Cybersecurity in the Kingdom?,cybersec,en,answered,ERROR,error,0,,0,5293,0
889,ما هو تصنيف الوثيقة لدليل ضوابط الأمن السيبراني للأنظمة الحرجة؟,general,ar,answered,ERROR,error,0,,0,5051,0
890,من يمكنه نشر المعلومات الحساسة على وسائل التواصل الاجتماعي؟,general,ar,answered,ERROR,error,0,,0,5133,0
891,What must workstations and mobile devices accounts be centrally managed through?,general,en,answered,ERROR,error,0,,0,5049,0
892,What types of information must not be displayed in error messages?,general,en,answered,ERROR,error,0,,0,5199,0
893,What is the purpose of the cybersecurity controls mentioned in the passage?,cybersec,en,answered,ERROR,error,0,,0,5213,0
894,How does the passage define the term 'Availability' in the context of cybersecurity?,cybersec,en,answered,ERROR,error,0,,0,5126,0
895,How are the cybersecurity requirements structured in the context of software development?,cybersec,en,answered,ERROR,error,0,,0,5238,0
896,ما هي الأجهزة التي يجب أن تتوافق مع إجراءات الأمن السيبراني المذكورة؟,general,ar,answered,ERROR,error,0,,0,5321,0
897,What must be adjusted or created to implement the cybersecurity document?,cybersec,en,answered,ERROR,error,0,,0,5347,0
898,What technologies should the DDoS protection solution utilize to prevent new threats?,general,en,answered,ERROR,error,0,,0,5138,0
899,What must be removed after filling out the template for the backup policy?,general,en,answered,ERROR,error,0,,0,5357,0
900,What must the DDoS protection solution guarantee regarding time to mitigation?,general,en,answered,ERROR,error,0,,0,5443,0
901,What type of entities are the essential cybersecurity controls aimed at according to the passage?,cybersec,en,answered,ERROR,error,0,,0,5221,0
902,What specific cybersecurity controls are outlined for government entities in this passage?,general,en,answered,ERROR,error,0,,0,5176,0
903,Which authority is responsible for the implementation of the media management regulations?,general,en,answered,ERROR,error,0,,0,5318,0
904,ما هي الفترة الزمنية التي يجب مراجعة المعايير الأساسية الأمنية فيها للأنظمة الحرجة؟,general,ar,answered,ERROR,error,0,,0,5217,0
905,ما هي أهمية 'التحقق متعدد العوامل' كما هو مذكور في الفقرة؟,cybersec,ar,answered,ERROR,error,0,,0,5336,0
906,What is the primary focus of the cybersecurity controls applicable to banks as stated in the passage?,cybersec,en,answered,ERROR,error,0,,0,5058,0
907,How does the NCA define the responsibilities of banks regarding cybersecurity?,cybersec,en,answered,ERROR,error,0,,0,5496,0
908,ما هي الأنشطة الأساسية التي يجب أن تشملها الكيان المتقدم للحصول على الترخيص؟,cybersec,ar,answered,ERROR,error,0,,0,5144,0
909,ما هي أهمية الاستجابة التلقائية والإخطار في سياق الأمن السيبراني للبنوك؟,general,ar,answered,ERROR,error,0,,0,5331,0
910,Which authority is responsible for the cybersecurity requirements in software development?,cybersec,en,answered,ERROR,error,0,,0,7991,0
911,Who decides the effective date of the cybersecurity document?,cybersec,en,answered,ERROR,error,0,,0,5342,0
912,ما هي المسؤوليات المتعلقة بالأمن السيبراني وفقًا للنص؟,cybersec,ar,answered,ERROR,error,0,,0,5340,0
913,إلى أي نوع من الكيانات تنطبق ضوابط الأمن السيبراني المذكورة في هذه الفقرة؟,general,ar,answered,ERROR,error,0,,0,5322,0
914,Who is responsible for updating the database security policy?,general,en,answered,ERROR,error,0,,0,5296,0
915,Which specific cybersecurity control is mentioned in the passage related to backup and recovery management?,cybersec,en,answered,ERROR,error,0,,0,5264,0
916,كيف تعرف الهيئة الوطنية للأمن السيبراني الاستخدام المقبول في سياق الأمن السيبراني؟,general,ar,answered,ERROR,error,0,,0,5581,0
917,ما هي المخاطر المحتملة الناتجة عن عدم وجود برنامج مكافحة البرمجيات الخبيثة؟,general,ar,answered,ERROR,error,0,,0,5326,0
918,What are the roles and responsibilities outlined in the acceptable use policy?,general,en,answered,ERROR,error,0,,0,5330,0
919,How does the Framework aim to stimulate the growth of the cybersecurity sector in the Kingdom?,cybersec,en,answered,ERROR,error,0,,0,5431,0
920,ما هي المناطق التي يجب وضع جامع السجلات فيها؟,cybersec,ar,answered,ERROR,error,0,,0,5246,0
921,هل الإرشادات تتعلق بالأمن السيبراني للأجهزة الخاصة؟,general,ar,answered,ERROR,error,0,,0,5387,0
922,ما هو نوع الأجهزة الذي تركز عليه ضوابط الأمن السيبراني في هذه الفقرة؟,general,ar,answered,ERROR,error,0,,0,5245,0
923,ما هي العناصر الأساسية التي يجب أن تتضمنها ضوابط الأمن السيبراني للبنوك؟,general,ar,answered,ERROR,error,0,,0,5302,0
924,What type of entities are the cybersecurity controls applicable to as mentioned in the passage?,cybersec,en,answered,ERROR,error,0,,0,5194,0
925,How often must the cybersecurity function review DBA-related event logs?,general,en,answered,ERROR,error,0,,0,5069,0
926,متى يجب مراجعة الإجراء وفقًا للنص؟,general,ar,answered,ERROR,error,0,,0,5360,0
927,كيف تحدد الهيئة الوطنية للأمن السيبراني مسؤوليات البنوك في الأمن السيبراني؟,cybersec,ar,answered,ERROR,error,0,,0,5355,0
928,What does the cybersecurity guidance specifically address?,general,en,answered,ERROR,error,0,,0,5287,0
929,How often is the periodical review rate for the mobile devices security standard?,general,en,answered,ERROR,error,0,,0,5278,0
930,Which authority's cybersecurity requirements are aligned with this standard?,general,en,answered,ERROR,error,0,,0,5307,0
931,What are the minimum configuration requirements for the HIPS?,general,en,answered,ERROR,error,0,,0,5283,0
932,What must the licensee follow for conducting compliance assessments?,cybersec,en,answered,ERROR,error,0,,0,5082,0
933,What is the role of the National Cybersecurity Authority mentioned in the passage?,cybersec,en,answered,ERROR,error,0,,0,5437,0
934,ما هي المعايير التي يجب اتباعها في اختبار البرمجيات وفقًا للنص؟,cybersec,ar,answered,ERROR,error,0,,0,5039,0
935,What is required for the implementation of the cybersecurity strategy by the entity?,cybersec,en,answered,ERROR,error,0,,0,5348,0
936,ما هي المعلومات التي يجب استخدامها للتسجيل في وسائل التواصل الاجتماعي من قبل الكيانات المؤسسية؟,general,ar,answered,ERROR,error,0,,0,5216,0
937,ما هي الكيانات التي تنطبق عليها ضوابط الأمن السيبراني كما هو مذكور في المقطع؟,cybersec,ar,answered,ERROR,error,0,,0,5276,0
938,ما هو رقم التحكم المرتبط بالمعايير المذكورة في الفقرة؟,cybersec,ar,answered,ERROR,error,0,,0,5185,0
939,What types of entities are primarily targeted by the cybersecurity services provided by NCA?,cybersec,en,answered,ERROR,error,0,,0,5345,0
940,What policy is used to analyze vulnerabilities and their associated risks?,general,en,answered,ERROR,error,0,,0,5053,0
941,Which control IDs are mentioned in the context of third-party cybersecurity?,cybersec,en,answered,ERROR,error,0,,0,5366,0
942,What is the purpose of the guidance box mentioned in the document?,cybersec,en,answered,ERROR,error,0,,0,5166,0
943,What specific cybersecurity controls are outlined for the lifecycle management of banking systems?,cybersec,en,answered,ERROR,error,0,,0,5274,0
944,ما هي المعلومات التي تحتويها قائمة الأشكال في الوثيقة؟,general,ar,answered,ERROR,error,0,,0,5258,0
945,What is the purpose of the cybersecurity controls mentioned in the passage?,cybersec,en,answered,ERROR,error,0,,0,5336,0
946,ما هي الكيانات التي تنطبق عليها ضوابط الأمن السيبراني وفقًا للمقطع؟,general,ar,answered,ERROR,error,0,,0,5431,0
947,What type of evidence may the NCA require from the licensee?,cybersec,en,answered,ERROR,error,0,,0,5483,0
948,ما الذي يجب أن يتضمنه العقد المتعلق بالإطار التنظيمي من أحكام بشأن انتهاء الترخيص؟,cybersec,ar,answered,ERROR,error,0,,0,5207,0
949,How often must reviews and hardening of configurations of the organization’s social media accounts be performed?,general,en,answered,ERROR,error,0,,0,5521,0
950,What is the purpose of the Risk Treatment Plan mentioned in the passage?,cybersec,en,answered,ERROR,error,0,,0,5364,0
951,What is the primary focus of the cybersecurity controls applicable to banks?,cybersec,en,answered,ERROR,error,0,,0,5380,0
952,What must be conducted to discover vulnerabilities of all forms?,general,en,answered,ERROR,error,0,,0,5129,0
953,Which security solutions generate event logs according to the passage?,cybersec,en,answered,ERROR,error,0,,0,5290,0
954,What type of entities are the cybersecurity controls for IoT devices applicable to in this passage?,general,en,answered,ERROR,error,0,,0,5299,0
955,What is the significance of Multi-Factor Authentication in the context of the passage?,cybersec,en,answered,ERROR,error,0,,0,5291,0
956,ما هو الرقم المرجعي للسياسات والإجراءات المتعلقة بالأمن السيبراني المذكورة في الفقرة؟,cybersec,ar,answered,ERROR,error,0,,0,5317,0
957,ما هي طريقة المصادقة التي تم تسليط الضوء عليها في الفقرة كإجراء ضد التهديدات السيبرانية؟,cybersec,ar,answered,ERROR,error,0,,0,5288,0
958,ما الذي تشجع NCA المؤسسات على القيام به إذا لم يكن هناك حاجة لتطبيق ضابط أو فرعي؟,cybersec,ar,answered,ERROR,error,0,,0,5415,0
959,How does the passage suggest ensuring the effectiveness of cybersecurity measures?,cybersec,en,answered,ERROR,error,0,,0,5305,0
960,How many phases are outlined in the Vulnerability Management Process?,general,en,answered,ERROR,error,0,,0,5546,0
961,ما هو الهدف من الضوابط الأمنية المذكورة في الفقرة؟,general,ar,answered,ERROR,error,0,,0,5212,0
962,ما هي الأدوار والمسؤوليات المتعلقة بالأمن السيبراني للجهات الحكومية وفقًا للهيئة الوطنية للأمن السيبراني؟,cybersec,ar,answered,ERROR,error,0,,0,5084,0
963,What type of network security solutions are discussed in the passage?,general,en,answered,ERROR,error,0,,0,5165,0
964,What is the purpose of the Single Sign-On (SSO) mentioned in the passage?,cybersec,en,answered,ERROR,error,0,,0,5262,0
965,What is the purpose of encryption according to the OWASP A2:2021 guidelines?,general,en,answered,ERROR,error,0,,0,5190,0
966,What is required to be documented in the vulnerabilities management process?,cybersec,en,answered,ERROR,error,0,,0,5298,0
967,ما هو برنامج التوعية والتدريب بالأمن السيبراني؟,general,ar,answered,ERROR,error,0,,0,5230,0
968,Which entities are required to implement the cybersecurity awareness programs?,cybersec,en,answered,ERROR,error,0,,0,5262,0
969,What specific controls are outlined for third-party and cloud computing in the passage?,general,en,answered,ERROR,error,0,,0,5082,0
970,What should be done with items highlighted in green?,general,en,answered,ERROR,error,0,,0,5546,0
971,What must be implemented to retrieve logs properly from unsupported systems?,cybersec,en,answered,ERROR,error,0,,0,5374,0
972,What types of unauthorized activities can attackers perform through access to your social media accounts?,general,en,answered,ERROR,error,0,,0,5135,0
973,كيف يجب تكوين حل حماية DDoS لإرسال السجلات؟,general,ar,answered,ERROR,error,0,,0,5056,0
974,What is the primary focus of the cybersecurity controls applicable to government entities?,general,en,answered,ERROR,error,0,,0,5264,0
975,What does the Framework aim to enhance in terms of human capabilities?,cybersec,en,answered,ERROR,error,0,,0,5453,0
976,Which documents are mentioned as being aligned with the penetration testing requirements?,general,en,answered,ERROR,error,0,,0,5398,0
977,ما هي السياسات المتعلقة باستمرارية الأعمال في مجال الأمن السيبراني التي تم الإشارة إليها؟,cybersec,ar,answered,ERROR,error,0,,0,5483,0
978,What is the significance of the checklist for cybersecurity requirements in software development?,cybersec,en,answered,ERROR,error,0,,0,5338,0
979,What is the objective of maintaining the continuous operation of log capturing functionality?,cybersec,en,answered,ERROR,error,0,,0,5329,0
980,ما هو تصنيف وثيقة مشاركة المعلومات في الملحق؟,cybersec,ar,answered,ERROR,error,0,,0,5371,0
981,What must be reported to the authority before sharing any cybersecurity-related information?,general,en,answered,ERROR,error,0,,0,5345,0
982,What is the purpose of the cybersecurity controls mentioned in the passage?,general,en,answered,ERROR,error,0,,0,5377,0
983,What are the two main areas of focus in the cybersecurity guidelines for IoT devices?,general,en,answered,ERROR,error,0,,0,5067,0
984,What are the key components outlined in the cybersecurity awareness program for banks?,cybersec,en,answered,ERROR,error,0,,0,5345,0
985,What is required for obtaining a license to provide services or products within the cybersecurity framework?,general,en,answered,ERROR,error,0,,0,5522,0
986,ما هي المدة الزمنية المطلوبة لإجراء اختبار الاختراق على الأنظمة المقدمة عن بعد؟,general,ar,answered,ERROR,error,0,,0,5143,0
987,Who is responsible for communicating the effective date of the cybersecurity document?,cybersec,en,answered,ERROR,error,0,,0,5567,0
988,What is the purpose of the Guide to Telework Cybersecurity Controls?,general,en,answered,ERROR,error,0,,0,5273,0
989,How often must security patches for all mobile devices be applied?,general,en,answered,ERROR,error,0,,0,5305,0
990,What is the purpose of the updates made to the basic cybersecurity controls document?,cybersec,en,answered,ERROR,error,0,,0,5123,0
991,Which specific controls are referenced for secure coding in the banking sector?,general,en,answered,ERROR,error,0,,0,5183,0
992,What should be documented in case of changes to the security requirements?,cybersec,en,answered,ERROR,error,0,,0,5088,0
993,هل الوثيقة تتعلق بالتحكم في الأمن السيبراني للأنظمة الحرجة فقط؟,general,ar,answered,ERROR,error,0,,0,5496,0
994,What is the primary focus of the cybersecurity guidelines mentioned in the passage?,general,en,answered,ERROR,error,0,,0,5112,0
995,ما هي الإجراءات المتعلقة بنقل الترخيص؟,cybersec,ar,answered,ERROR,error,0,,0,5493,0
996,How are cybersecurity incidents classified and prioritized according to the framework?,cybersec,en,answered,ERROR,error,0,,0,5208,0
997,How many sections are mentioned in the table of contents?,general,en,answered,ERROR,error,0,,0,5310,0
998,How does the passage describe the relationship between cybersecurity controls and government entities?,cybersec,en,answered,ERROR,error,0,,0,5296,0
999,ما هي متطلبات الأمن السيبراني المتعلقة بحماية قواعد بيانات <اسم المنظمة>؟,general,ar,answered,ERROR,error,0,,0,5297,0
1000,ما هي متطلبات الأمان لمزودي خدمات إصدار الشهادات الرقمية وفقًا للمعيار المذكور؟,general,ar,answered,ERROR,error,0,,0,5446,0
1001,ما هي الأنواع الممنوعة من التطبيقات وفقاً لمعايير البرمجة الآمنة؟,general,ar,answered,ERROR,error,0,,0,5314,0
1002,ما هي التدابير المقترحة لحماية الأمن السيبراني داخل الجهات الحكومية؟,cybersec,ar,answered,ERROR,error,0,,0,5348,0
1003,What is the significance of zero-day malware protection mentioned in the passage?,cybersec,en,answered,ERROR,error,0,,0,5497,0
1004,What risk implication is mentioned regarding the inventory of third parties and suppliers?,general,en,answered,ERROR,error,0,,0,5312,0
1005,ما الذي يجب التأكد منه بشأن سلامة المعلومات المخزنة على الأجهزة المحمولة؟,general,ar,answered,ERROR,error,0,,0,5319,0
1006,What components are included in the Identity and Access Management controls?,cybersec,en,answered,ERROR,error,0,,0,5331,0
1007,What is the periodic review rate for the cybersecurity policy?,cybersec,en,answered,ERROR,error,0,,0,5367,0
1008,What is the focus of the cybersecurity controls mentioned in the passage?,cybersec,en,answered,ERROR,error,0,,0,5221,0
1009,ما هو نطاق معيار إدارة سجلات الأحداث السيبرانية والمراقبة؟,cybersec,ar,answered,ERROR,error,0,,0,5426,0
1010,What types of activities must be detected in inbound and outbound communications?,cybersec,en,answered,ERROR,error,0,,0,5315,0
1011,ما اسمك؟,identity,ar,identity,PASS,identity,0,,276,2054,0
1012,ما هو الهدف من إرشادات الأمن السيبراني لإنترنت الأشياء؟,general,ar,answered,ERROR,error,0,,0,5121,0
1013,ما هي المتطلبات للوصول إلى الحسابات العامة وفقًا للوائح أمان البريد الإلكتروني؟,general,ar,answered,ERROR,error,0,,0,5652,0
1014,ما هي الجهة المسؤولة عن محتوى التقرير كما هو مذكور في الفقرة؟,cybersec,ar,answered,ERROR,error,0,,0,5092,0
1015,What document is issued by NCA that permits the provision of cybersecurity services in the Kingdom?,cybersec,en,answered,ERROR,error,0,,0,5085,0
1016,What specific cybersecurity measures are banks required to implement according to the NCA?,cybersec,en,answered,ERROR,error,0,,0,5219,0
1017,What is the purpose of the control version details section in the policy?,general,en,answered,ERROR,error,0,,0,5258,0
1018,What must be documented in the organization's Vulnerability Management Process?,general,en,answered,ERROR,error,0,,0,5111,0
1019,What must be changed at first login for all accounts?,general,en,answered,ERROR,error,0,,0,5126,0
1020,ما هي الأساليب التي يجب اتباعها لتحديد المخاطر الأمنية كما هو موضح في النص؟,cybersec,ar,answered,ERROR,error,0,,0,5286,0
1021,ما هي الكيانات التي تنطبق عليها ضوابط الأمن السيبراني الأساسية المذكورة في الفقرة؟,cybersec,ar,answered,ERROR,error,0,,0,5279,0
1022,What could result from the unavailability of log functionality?,cybersec,en,answered,ERROR,error,0,,0,5428,0
1023,ما هو محظور عند فتح رسائل البريد الإلكتروني المشبوهة أو غير المتوقعة؟,general,ar,answered,ERROR,error,0,,0,5185,0
1024,What is the primary focus of the screening or vetting regulations mentioned in the passage?,general,en,answered,ERROR,error,0,,0,5332,0
1025,What types of certificates are referenced in the context of cybersecurity for banks?,general,en,answered,ERROR,error,0,,0,5393,0
1026,ما هي الخطوات الرئيسية في عملية تحديد مستويات المرافق؟,cybersec,ar,answered,ERROR,error,0,,0,5365,0
1027,ما هي الميزات المطلوبة لمنصات برامج مكافآت الأخطاء؟,cybersec,ar,answered,ERROR,error,0,,0,5363,0
1028,كيف يتم التحقيق في أي انحراف في عملية المسح؟,general,ar,answered,ERROR,error,0,,0,5624,0
1029,ما هي الضوابط الأساسية للأمن السيبراني المذكورة في الفقرة؟,cybersec,ar,answered,ERROR,error,0,,0,4976,0
1030,What is the primary focus of the essential cybersecurity controls implementation guide for government entities?,cybersec,en,answered,ERROR,error,0,,0,5313,0
1031,What must be configured to alert personnel of security-related events originating from the firewall?,cybersec,en,answered,ERROR,error,0,,0,5407,0
1032,"What is prohibited regarding hardware, tools, or applications on the laptop?",general,en,answered,ERROR,error,0,,0,5155,0
1033,What are the key components of secure configuration and hardening mentioned in the passage?,general,en,answered,ERROR,error,0,,0,5146,0
1034,ما هو رقم تعريف التحكم المرتبط بالأمان البدني في الوثيقة؟,cybersec,ar,answered,ERROR,error,0,,0,5155,0
1035,What must be monitored to prevent impersonation of the organization on social media?,general,en,answered,ERROR,error,0,,0,5178,0
1036,What type of attacks does the passage specifically address?,cybersec,en,answered,ERROR,error,0,,0,5199,0
1037,ما هو التركيز الأساسي لإرشادات الأمن السيبراني المذكورة في الفقرة؟,general,ar,answered,ERROR,error,0,,0,5247,0
1038,ما هي الجهة المسؤولة عن إرشادات الأمن السيبراني المطبقة على البنوك؟,general,ar,answered,ERROR,error,0,,0,5084,0
1039,What types of applications are prohibited according to the secure coding standards?,general,en,answered,ERROR,error,0,,0,5283,0
1040,Hello,out_of_scope,en,out_of_scope,PASS,out_of_scope,0,,76,2032,0
1041,Which authority is responsible for the cybersecurity controls applicable to banks?,general,en,answered,ERROR,error,0,,0,5355,0
1042,What does this policy aim to define regarding cybersecurity?,cybersec,en,answered,ERROR,error,0,,0,5194,0
1043,What types of software must not be allowed to connect to the organization's network?,general,en,answered,ERROR,error,0,,0,5297,0
1044,Which authority issued the cybersecurity guidelines for IoT?,general,en,answered,ERROR,error,0,,0,5223,0
1045,ما هي الجهة المسؤولة عن تنفيذ الضوابط الأمنية السيبرانية للبنوك؟,general,ar,answered,ERROR,error,0,,0,5037,0
1046,ما هو نوع الأجهزة التي تتناولها إرشادات الأمن السيبراني بشكل محدد؟,general,ar,answered,ERROR,error,0,,0,5368,0
1047,What are the steps involved in the Vulnerability Assessment Procedure?,general,en,answered,ERROR,error,0,,0,5387,0
1048,What type of projects does the cybersecurity checklist specifically apply to?,cybersec,en,answered,ERROR,error,0,,0,5079,0
1049,ما هي المسؤوليات المرتبطة بأمن المعلومات في الجهات الحكومية؟,cybersec,ar,answered,ERROR,error,0,,0,5314,0
1050,What is the risk implication related to the information exchanged with third parties and suppliers?,general,en,answered,ERROR,error,0,,0,5314,0
1051,What is the purpose of the cybersecurity controls for government entities according to the NCA?,general,en,answered,ERROR,error,0,,0,5134,0
1052,What are the two levels of cybersecurity controls mentioned in the passage?,general,en,answered,ERROR,error,0,,0,5376,0
1053,What is the primary aim of the National Cybersecurity Authority (NCA)?,cybersec,en,answered,ERROR,error,0,,0,5174,0
1054,ما الذي يجب إدخاله في الوثيقة بدلاً من اسم المنظمة؟,general,ar,answered,ERROR,error,0,,0,5424,0
1055,من يحدد صلاحيات وواجبات المدير التنفيذي لكل مركز؟,general,ar,answered,ERROR,error,0,,0,5398,0
1056,ما هي الجهة المسؤولة عن تطبيق الضوابط الأساسية للأمن السيبراني المذكورة في الفقرة؟,cybersec,ar,answered,ERROR,error,0,,0,5560,0
1057,What type of services does the regulatory framework cover for cybersecurity?,general,en,answered,ERROR,error,0,,0,5117,0
1058,What should be cleared after all edits have been made?,general,en,answered,ERROR,error,0,,0,5471,0
1059,What action should be taken after filling out the template according to the passage?,cybersec,en,answered,ERROR,error,0,,0,5163,0
1060,ما هو الهدف من سياسة اختبار الاختراق؟,general,ar,answered,ERROR,error,0,,0,5200,0
1061,Which entities are subject to the cybersecurity controls outlined in the passage?,cybersec,en,answered,ERROR,error,0,,0,5062,0
1062,Which aspect of data protection is highlighted in the passage?,cybersec,en,answered,ERROR,error,0,,0,5253,0
1063,Which specific cybersecurity controls are mentioned for banks in the provided passage?,cybersec,en,answered,ERROR,error,0,,0,5221,0
1064,Which personnel are required to undergo security screening?,general,en,answered,ERROR,error,0,,0,4954,0
1065,What is the risk implication of unavailable log functionality?,cybersec,en,answered,ERROR,error,0,,0,5505,0
1066,ما هي المتطلبات الخاصة بتكوينات كلمة المرور المعقدة وفقًا للرقابة الأمنية للأجهزة المحمولة؟,general,ar,answered,ERROR,error,0,,0,5386,0
1067,What cybersecurity controls are applicable to banks according to the NCA guidelines?,cybersec,en,answered,ERROR,error,0,,0,5243,0
1068,Which standards are referenced in the OTCC Methodology and Mapping Annex for cybersecurity event logs and monitoring management?,cybersec,en,answered,ERROR,error,0,,0,5366,0
1069,What is the purpose of secure coding standards as mentioned in the passage?,general,en,answered,ERROR,error,0,,0,5132,0
1070,ما هي الجوانب التي تغطيها إرشادات الأمن السيبراني المتعلقة بالأطراف الثالثة؟,general,ar,answered,ERROR,error,0,,0,5159,0
1071,ما هي المتطلبات الأمنية السيبرانية المحددة للجهات الحكومية وفقًا لمبادئ الهيئة الوطنية للأمن السيبراني؟,cybersec,ar,answered,ERROR,error,0,,0,5136,0
1072,Which regulatory authority oversees the asset management regulations for banks?,general,en,answered,ERROR,error,0,,0,5389,0
1073,What does the passage indicate about the importance of cybersecurity in banking?,cybersec,en,answered,ERROR,error,0,,0,5440,0
1074,What must be documented in the internal records of the licensed entity?,general,en,answered,ERROR,error,0,,0,5054,0
1075,What are the cybersecurity controls applicable to software development for banks and fintech entities?,cybersec,en,answered,ERROR,error,0,,0,5398,0
1076,What is the primary focus of the cybersecurity business continuity policies mentioned in the passage?,cybersec,en,answered,ERROR,error,0,,0,5153,0
1077,What is the significance of secure coding standards for banks?,general,en,answered,ERROR,error,0,,0,5202,0
1078,What type of entities do the cybersecurity controls apply to according to the passage?,cybersec,en,answered,ERROR,error,0,,0,5543,0
1079,Okay thanks,out_of_scope,en,out_of_scope,PASS,out_of_scope,0,,76,2039,0
1080,How long must event logs be retained for all assets?,cybersec,en,answered,ERROR,error,0,,0,5220,0
1081,What should be removed after filling out the template?,general,en,answered,ERROR,error,0,,0,5261,0
1082,ما هي وظيفة تحليل الأدلة التي يجب أن تؤديها حلول الحماية من هجمات DDoS؟,general,ar,answered,ERROR,error,0,,0,5402,0
1083,What should be removed after filling out the template?,cybersec,en,answered,ERROR,error,0,,0,5505,0
1084,ما هو تصنيف الوثيقة وفقًا لملحق منهجية ورسم خرائط OTCC؟,cybersec,ar,answered,ERROR,error,0,,0,5048,0
1085,ما هي المتطلبات الأمنية لنظام IACS وفقًا للوثيقة؟,cybersec,ar,answered,ERROR,error,0,,0,5503,0
1086,What must be restricted to Database Administrators only according to the policy?,general,en,answered,ERROR,error,0,,0,5537,0
1087,What must be reviewed periodically according to the cybersecurity requirements?,cybersec,en,answered,ERROR,error,0,,0,5272,0
1088,Who appoints the governor of the NCA?,general,en,answered,ERROR,error,0,,0,5270,0
1089,What must be managed to ensure unauthorized persons do not access systems and data during a disaster?,cybersec,en,answered,ERROR,error,0,,0,5266,0
1090,How does the NCA define the implementation of cybersecurity controls?,cybersec,en,answered,ERROR,error,0,,0,5386,0
1091,كيف يتم تصنيف الحوادث السيبرانية التي يتم الإبلاغ عنها عبر هاسين؟,cybersec,ar,answered,ERROR,error,0,,0,5565,0
1092,What specific regulations apply to government entities regarding identity and access management?,general,en,answered,ERROR,error,0,,0,5408,0
1093,Which specific aspect of cybersecurity governance is addressed in the passage?,cybersec,en,answered,ERROR,error,0,,0,5285,0
1094,What is the document classification of the Guide to Cloud Cybersecurity Controls?,cybersec,en,answered,ERROR,error,0,,0,5320,0
1095,ما هي الممارسات الموصى بها لتأمين الأجهزة المحمولة حسب النص؟,general,ar,answered,ERROR,error,0,,0,5544,0
1096,Who must be contracted before utilizing the services of a cloud service provider?,cybersec,en,answered,ERROR,error,0,,0,5348,0
1097,What is the role of the cybersecurity authority in relation to government entities?,cybersec,en,answered,ERROR,error,0,,0,5313,0
1098,What roles are defined for government entities in the context of cybersecurity?,cybersec,en,answered,ERROR,error,0,,0,5326,0
1099,What type of resilience is discussed in relation to IoT devices?,general,en,answered,ERROR,error,0,,0,5098,0
1100,What is the primary focus of the cybersecurity controls applicable to government entities?,cybersec,en,answered,ERROR,error,0,,0,5351,0
1101,ما هو الهدف من تنبيه الأحداث كما هو مذكور في الفقرة؟,cybersec,ar,answered,ERROR,error,0,,0,5194,0
1102,ما هي التدابير الموصى بها لضمان أمان العمليات المصرفية؟,cybersec,ar,answered,ERROR,error,0,,0,5232,0
1103,How does the regulation address phishing emails in relation to Multi-Factor Authentication?,cybersec,en,answered,ERROR,error,0,,0,5207,0
1104,What type of controls does the NCA focus on for government entities?,cybersec,en,answered,ERROR,error,0,,0,5173,0
1105,What specific cybersecurity controls are applicable to government entities according to the passage?,cybersec,en,answered,ERROR,error,0,,0,5241,0
1106,What is monitored to ensure the continuous function of vulnerability management?,general,en,answered,ERROR,error,0,,0,5015,0
1107,What does the passage suggest regarding the management of cybersecurity defense assets?,cybersec,en,answered,ERROR,error,0,,0,5104,0
1108,What is the importance of conducting audits as per the cybersecurity controls?,general,en,answered,ERROR,error,0,,0,5231,0
1109,What should be done to replace '<organization name>' in the document?,general,en,answered,ERROR,error,0,,0,5276,0
1110,What controls are discussed in the passage regarding cybersecurity for banks?,cybersec,en,answered,ERROR,error,0,,0,5199,0
1111,What is the purpose of the cybersecurity controls mentioned in the passage?,general,en,answered,ERROR,error,0,,0,4850,0
1112,Which regulatory authority is referenced in the context of cybersecurity controls for banks?,cybersec,en,answered,ERROR,error,0,,0,5129,0
1113,ما الذي يجب تحديثه عند إضافة الأصول الجديدة؟,general,ar,answered,ERROR,error,0,,0,5201,0
1114,Which regulatory policies and procedures must be followed for managed services?,cybersec,en,answered,ERROR,error,0,,0,5188,0
1115,What type of entities does the cybersecurity controls apply to according to the passage?,general,en,answered,ERROR,error,0,,0,4885,0
1116,How often should the review of the Penetration Testing Standard Template occur?,general,en,answered,ERROR,error,0,,0,5434,0
1117,ما هي الميزات التي يجب تعطيلها على الأجهزة المحمولة؟,general,ar,answered,ERROR,error,0,,0,5290,0
1118,ما هي الجهات التي يجب عليها تطبيق الضوابط الأمنية السيبرانية وفقاً للوثيقة المحدثة؟,cybersec,ar,answered,ERROR,error,0,,0,5133,0
1119,What type of controls does the National Cybersecurity Authority emphasize for banks?,cybersec,en,answered,ERROR,error,0,,0,5103,0
1120,What is included in the periodic cybersecurity review?,general,en,answered,ERROR,error,0,,0,5295,0
1121,Are the cybersecurity controls applicable to non-financial institutions?,general,en,answered,ERROR,error,0,,0,5293,0
1122,What is the focus of the cybersecurity controls mentioned in the passage?,general,en,answered,ERROR,error,0,,0,5308,0
1123,ما هي الخطوات التي يجب اتخاذها عند تقييم الثغرات الأمنية؟,general,ar,answered,ERROR,error,0,,0,5344,0
1124,What type of entities are these cybersecurity controls applicable to?,cybersec,en,answered,ERROR,error,0,,0,5222,0
1125,ما هي العلاقة بين التحكمات الأمنية السيبرانية والجهات الحكومية كما هو موضح في النص؟,general,ar,answered,ERROR,error,0,,0,5300,0
1126,What are the implications of non-compliance with the cybersecurity regulations outlined in the text?,general,en,answered,ERROR,error,0,,0,5354,0
1127,ما هي المسؤوليات التي تتعلق بالأمن السيبراني المذكورة في النص؟,cybersec,ar,answered,ERROR,error,0,,0,5110,0
1128,What is the main focus of the cybersecurity awareness programs applicable to banks?,cybersec,en,answered,ERROR,error,0,,0,5247,0
1129,ما هي الوثيقة التي يجب إصدارها من قبل مزود التدمير لتأكيد عملية التخلص الآمن؟,general,ar,answered,ERROR,error,0,,0,5178,0
1130,What does the passage state about the classification of cybersecurity controls?,cybersec,en,answered,ERROR,error,0,,0,5042,0
1131,What is excluded from the mechanism for providing services under the Specialized License Category?,cybersec,en,answered,ERROR,error,0,,0,5538,0
1132,What must be regularly patched and updated according to the organization's policies?,general,en,answered,ERROR,error,0,,0,5169,0
1133,What types of incidents must be reported according to the cybersecurity controls?,general,en,answered,ERROR,error,0,,0,5277,0
1134,What type of cybersecurity controls are applicable to banks according to the passage?,cybersec,en,answered,ERROR,error,0,,0,5067,0
1135,ما الذي يجب أن تحميه حلول حماية DDoS داخل بيئة تكنولوجيا المعلومات للمنظمة؟,general,ar,answered,ERROR,error,0,,0,5272,0
1136,ما هي العناصر التي يجب أن تحميها حلول حماية DDoS داخل بيئة تكنولوجيا المعلومات للمنظمة؟,general,ar,answered,ERROR,error,0,,0,5221,0
1137,Which region has the highest percentage of cybersecurity products and services?,cybersec,en,answered,ERROR,error,0,,0,5389,0
1138,ما هو الهدف من إنشاء مستودع تقارير المسح؟,general,ar,answered,ERROR,error,0,,0,4906,0
1139,ما هي الأنشطة السابقة التي استندت إليها متطلبات الأمن السيبراني؟,cybersec,ar,answered,ERROR,error,0,,0,5370,0
1140,What must the licensee inform the NCA about immediately regarding any legal or regulatory action?,cybersec,en,answered,ERROR,error,0,,0,5237,0
1141,What should be prepared and submitted regarding specific cybersecurity threats?,cybersec,en,answered,ERROR,error,0,,0,5095,0
1142,ما هي الشروط اللازمة للحصول على ترخيص متخصص - 2؟,cybersec,ar,answered,ERROR,error,0,,0,5523,0
1143,How does the passage define the relationship between cybersecurity and the banking sector?,cybersec,en,answered,ERROR,error,0,,0,5415,0
1144,What must a licensee obtain before publishing any data related to cybersecurity?,cybersec,en,answered,ERROR,error,0,,0,5236,0
1145,Under what Royal Order was the NCA's statute approved?,cybersec,en,answered,ERROR,error,0,,0,5535,0
1146,What is the frequency for the periodical review of the penetration testing policy?,general,en,answered,ERROR,error,0,,0,5420,0
1147,Which email authentication protocols are mentioned in the passage?,cybersec,en,answered,ERROR,error,0,,0,5122,0
1148,What specific aspect of cybersecurity does this passage address for government entities?,general,en,answered,ERROR,error,0,,0,5262,0
1149,What is the main objective of the Storage Media Policy?,general,en,answered,ERROR,error,0,,0,5136,0
1150,ما هي المصادر التي يجب تنزيل تطبيقات وسائل التواصل الاجتماعي منها؟,general,ar,answered,ERROR,error,0,,0,5370,0
1151,ما هي المتطلبات المحددة لإدارة كلمات المرور كما هو موضح في التنظيمات؟,general,ar,answered,ERROR,error,0,,0,5167,0
1152,What does the cybersecurity framework aim to achieve for government entities?,cybersec,en,answered,ERROR,error,0,,0,5347,0
1153,What should be done with items highlighted in turquoise in the Storage Media Security Policy Template?,general,en,answered,ERROR,error,0,,0,5345,0
1154,What must be prohibited regarding the data of critical systems' databases?,general,en,answered,ERROR,error,0,,0,5402,0
1155,What type of protection does the Intrusion Prevention System provide according to the passage?,cybersec,en,answered,ERROR,error,0,,0,5366,0
1156,Who is responsible for the policy review and update?,cybersec,en,answered,ERROR,error,0,,0,5330,0
1157,What does the passage mention regarding the risk management methodology for banks?,cybersec,en,answered,ERROR,error,0,,0,5292,0
1158,What is the role of the Critical National Infrastructure in relation to cybersecurity?,cybersec,en,answered,ERROR,error,0,,0,5269,0
1159,ما هي المتطلبات القانونية والتنظيمية المتعلقة بتخزين البيانات في المملكة؟,general,ar,answered,ERROR,error,0,,0,5476,0
1160,How does the Facility Level Identification Tool affect the applicability of controls?,cybersec,en,answered,ERROR,error,0,,0,5196,0
1161,ما هي المرحلة الأولى من إجراءات تقييم الثغرات؟,general,ar,answered,ERROR,error,0,,0,5383,0
1162,What types of assets are excluded from the scope of the bug bounty programs?,general,en,answered,ERROR,error,0,,0,5044,0
1163,ما هو نوع الدفاع السيبراني الذي يتم الإشارة إليه في النص؟,general,ar,answered,ERROR,error,0,,0,5213,0
1164,What is the significance of the SAGA mentioned in the passage?,cybersec,en,answered,ERROR,error,0,,0,5539,0
1165,What is the role of the cybersecurity controls according to the passage?,cybersec,en,answered,ERROR,error,0,,0,5341,0
1166,How often should the cybersecurity requirements be reviewed according to the checklist?,cybersec,en,answered,ERROR,error,0,,0,5345,0
1167,ما هو الهدف من الضوابط الأمنية السيبرانية المذكورة في الفقرة؟,cybersec,ar,answered,ERROR,error,0,,0,5399,0
1168,What must be implemented on endpoint system components for high-risk information and technology assets?,cybersec,en,answered,ERROR,error,0,,0,5541,0
1169,To which entities do the cybersecurity controls for Internet of Things devices apply?,general,en,answered,ERROR,error,0,,0,5114,0
1170,What is the purpose of patch management in cybersecurity for banks?,cybersec,en,answered,ERROR,error,0,,0,5526,0
1171,ما هو الهدف من تأمين أجهزة التوجيه وفقًا للنص؟,general,ar,answered,ERROR,error,0,,0,5390,0
1172,ما هي الجهات التي يجب عليها تنفيذ برامج التوعية بالأمن السيبراني؟,cybersec,ar,answered,ERROR,error,0,,0,5343,0
1173,What must be in place and reviewed annually for the DBMS?,general,en,answered,ERROR,error,0,,0,5197,0
1174,ما هي المخاطر المحتملة الناتجة عن عدم توفر وظيفة السجل؟,cybersec,ar,answered,ERROR,error,0,,0,5148,0
1175,ما هو الغرض من إرشادات تنفيذ TCC؟,general,ar,answered,ERROR,error,0,,0,5178,0
1176,إلى أي نوع من الكيانات تنطبق هذه الضوابط الأمنية السيبرانية؟,general,ar,answered,ERROR,error,0,,0,5312,0
1177,كيف تصف الفقرة العلاقة بين ضوابط الأمن السيبراني والكيانات الحكومية؟,cybersec,ar,answered,ERROR,error,0,,0,5406,0
1178,What is the purpose of secure configuration and hardening in cybersecurity?,cybersec,en,answered,ERROR,error,0,,0,5274,0
1179,What are the criteria mentioned for independent testing in cybersecurity?,cybersec,en,answered,ERROR,error,0,,0,5065,0
1180,ما هي المعلومات التي لا يجوز نشرها عبر وسائل الإعلام دون إذن؟,general,ar,answered,ERROR,error,0,,0,5166,0
1181,ما هي العلاقة بين الضوابط الأمنية السيبرانية وعمليات البنوك كما هو موضح في النص؟,cybersec,ar,answered,ERROR,error,0,,0,5225,0
1182,What should be done after the cybersecurity documents are approved?,cybersec,en,answered,ERROR,error,0,,0,5224,0
1183,ما هو السياق الرئيسي لتنفيذ الضوابط الأمنية السيبرانية المذكورة في الفقرة؟,cybersec,ar,answered,ERROR,error,0,,0,5155,0
1184,What is the purpose of the cybersecurity controls mentioned in the passage?,general,en,answered,ERROR,error,0,,0,5181,0
1185,ما هي الخطوات اللازمة لتغيير اسم المنظمة في المستند؟,cybersec,ar,answered,ERROR,error,0,,0,5236,0
1186,ما هي إرشادات الأمن السيبراني لإنترنت الأشياء؟,general,ar,answered,ERROR,error,0,,0,5134,0
1187,What defines corrective actions for each identified vulnerability?,general,en,answered,ERROR,error,0,,0,5434,0
1188,What specific cybersecurity requirements are listed for software development?,cybersec,en,answered,ERROR,error,0,,0,5582,0
1189,How does the passage describe the process of selecting cybersecurity awareness program contents?,cybersec,en,answered,ERROR,error,0,,0,5305,0
1190,What is one of the key components of the cybersecurity controls for banks mentioned in the passage?,cybersec,en,answered,ERROR,error,0,,0,5260,0
1191,What document is applicable to industrial control systems or operational technologies residing in critical facilities?,cybersec,en,answered,ERROR,error,0,,0,5110,0
1192,What is required for the modification of certificates in the context of digital signatures?,general,en,answered,ERROR,error,0,,0,5413,0
1193,What does the cybersecurity governance framework include?,general,en,answered,ERROR,error,0,,0,5364,0
1194,ما هو الغرض من نموذج التكوين الآمن والتقوية؟,general,ar,answered,ERROR,error,0,,0,5667,0
1195,What aspect of cybersecurity does the document address for banks?,cybersec,en,answered,ERROR,error,0,,0,5260,0
1196,What may happen if there is a violation of this procedure?,general,en,answered,ERROR,error,0,,0,5460,0
1197,ما هي الكيانات التي تم تنفيذ الضوابط الأمنية السيبرانية الأساسية لها في هذه الفقرة؟,cybersec,ar,answered,ERROR,error,0,,0,5395,0
1198,What is the context of the cybersecurity controls mentioned in the passage?,general,en,answered,ERROR,error,0,,0,5327,0
1199,What is required for the integrity of logs to be maintained in government entities?,general,en,answered,ERROR,error,0,,0,5296,0
1200,What is the focus of the vulnerabilities management applicable to banks?,cybersec,en,answered,ERROR,error,0,,0,5286,0
1201,What are the cybersecurity controls applicable to banks as outlined by the National Cybersecurity Authority?,general,en,answered,ERROR,error,0,,0,5229,0
1202,Which authority is responsible for the cybersecurity regulations mentioned in the passage?,general,en,answered,ERROR,error,0,,0,5372,0
1203,What type of accounts must be used when setting up social media accounts for the organization?,general,en,answered,ERROR,error,0,,0,5289,0
1204,How often should the asset inventory be checked for accuracy?,general,en,answered,ERROR,error,0,,0,5113,0
1205,What should be removed after filling out the Asset Acceptable Use Policy Template?,general,en,answered,ERROR,error,0,,0,5199,0
1206,What activities are included in Vulnerability Management?,cybersec,en,answered,ERROR,error,0,,0,5105,0
1207,كيف يجب إدارة الثغرات التي أبلغ عنها مزود خدمة الحوسبة السحابية؟,general,ar,answered,ERROR,error,0,,0,5394,0
1208,What is the purpose of the Secure Configuration and Hardening Standard Template?,general,en,answered,ERROR,error,0,,0,5271,0
1209,ما هي الأهداف التي تسعى المملكة لتحقيقها في ظل رؤية 2030؟,general,ar,answered,ERROR,error,0,,0,5429,0
1210,What is the purpose of the cybersecurity controls discussed in the passage?,cybersec,en,answered,ERROR,error,0,,0,5439,0
1211,ما هي العلاقة بين OTCC و ECC Domain 5؟,cybersec,ar,answered,ERROR,error,0,,0,5454,0
1212,What type of entities does the cybersecurity control framework apply to according to the passage?,cybersec,en,answered,ERROR,error,0,,0,5199,0
1213,Which entities are the cybersecurity controls applicable to?,general,en,answered,ERROR,error,0,,0,5279,0
1214,What is the significance of the cybersecurity controls mentioned in the passage for banks?,cybersec,en,answered,ERROR,error,0,,0,5297,0
1215,ما هو المبدأ الذي يجب تطبيقه على الأذونات المعينة للتطبيقات المثبتة على الأجهزة المحمولة؟,general,ar,answered,ERROR,error,0,,0,5023,0
1216,ما هي الإجراءات التي يجب اتخاذها قبل تقديم الاستراتيجية الوطنية للأمن السيبراني؟,general,ar,answered,ERROR,error,0,,0,5419,0
1217,What is the document classification of the Data Cybersecurity Controls?,cybersec,en,answered,ERROR,error,0,,0,5109,0
1218,What should be replaced with the name of the organization in the document?,cybersec,en,answered,ERROR,error,0,,0,5150,0
1219,What are the two license categories mentioned in the regulatory framework?,cybersec,en,answered,ERROR,error,0,,0,5445,0
1220,What must be developed for each failed or incomplete penetration testing exercise?,general,en,answered,ERROR,error,0,,0,5272,0
1221,What is the context of the document issued by the NCA?,cybersec,en,answered,ERROR,error,0,,0,5436,0
1222,What procedures should be followed for incident management as per the NCA guidelines?,cybersec,en,answered,ERROR,error,0,,0,5139,0
1223,What is the periodic review rate mentioned in the passage?,general,en,answered,ERROR,error,0,,0,5307,0
1224,What is the significance of the cybersecurity roles and responsibilities for government entities?,cybersec,en,answered,ERROR,error,0,,0,5183,0
1225,ماذا يجب على الكيان المرخص القيام به إذا حدث تغيير في الملكية؟,cybersec,ar,answered,ERROR,error,0,,0,5346,0
1226,ما هي أهمية إدارة المفاتيح في الأمان السيبراني؟,general,ar,answered,ERROR,error,0,,0,5340,0
1227,What are the cybersecurity controls applicable to banks as per the National Cybersecurity Authority?,cybersec,en,answered,ERROR,error,0,,0,5336,0
1228,What is the purpose of the cybersecurity controls outlined for wireless networks?,general,en,answered,ERROR,error,0,,0,5319,0
1229,How does the passage describe the governance of cybersecurity?,general,en,answered,ERROR,error,0,,0,5528,0
1230,Which authority is responsible for the guidelines on cybersecurity controls for banks?,cybersec,en,answered,ERROR,error,0,,0,5300,0
1231,How do the cybersecurity controls aim to enhance data protection for banks?,cybersec,en,answered,ERROR,error,0,,0,5138,0
1232,What may result from a lack of configuration standards?,general,en,answered,ERROR,error,0,,0,5416,0
1233,ما هو نطاق تطبيق نموذج أمان الأجهزة المحمولة؟,general,ar,answered,ERROR,error,0,,0,5025,0
1234,كيف يتم فتح حسابات للمراكز ذات الميزانيات المنفصلة؟,general,ar,answered,ERROR,error,0,,0,5410,0
1235,What are the acceptable use policies mentioned in the passage?,cybersec,en,answered,ERROR,error,0,,0,5397,0
1236,What is the objective of event logging according to the passage?,cybersec,en,answered,ERROR,error,0,,0,5188,0
1237,What is the purpose of the asset management standard according to the NCA?,general,en,answered,ERROR,error,0,,0,4953,0
1238,What must be recorded regarding the compliance requirements of an asset?,general,en,answered,ERROR,error,0,,0,5226,0
1239,ما الذي يجب أن يتضمنه تقرير اختبار الاختراق الفاشل أو غير المكتمل؟,general,ar,answered,ERROR,error,0,,0,5162,0
1240,هل يجب أن تشمل المسحات مناطق خارج المنشآت؟,cybersec,ar,answered,ERROR,error,0,,0,5404,0
1241,What obligations remain with the licensed entity in relation to the authority?,general,en,answered,ERROR,error,0,,0,5537,0
1242,ما هو الهدف من إدارة الأصول كما هو مذكور في الفقرة؟,general,ar,answered,ERROR,error,0,,0,5216,0
1243,What are the requirements for obtaining a Tier I or Tier II license under the General License Category?,cybersec,en,answered,ERROR,error,0,,0,5443,0
1244,What are the implications of failing to comply with the cybersecurity requirements?,cybersec,en,answered,ERROR,error,0,,0,5381,0
1245,ما هي الإجراءات التي يجب اتباعها في إدارة الهوية والوصول وفقًا للتنظيم؟,general,ar,answered,ERROR,error,0,,0,5124,0
1246,What are the basic principles of cybersecurity outlined in the document?,cybersec,en,answered,ERROR,error,0,,0,5277,0
1247,من هو المسؤول عن تنفيذ السياسة المتعلقة بوسائط التخزين وفقًا للسياسة المعتمدة؟,general,ar,answered,ERROR,error,0,,0,5235,0
1248,ما هي إدارة الثغرات المتعلقة بأنظمة التحكم الصناعية والتكنولوجيا التشغيلية؟,cybersec,ar,answered,ERROR,error,0,,0,5369,0
1249,What is the document classification of the OTCC Methodology and Mapping Annex?,cybersec,en,answered,ERROR,error,0,,0,5398,0
1250,What type of documents are mentioned as being subject to compliance requirements?,cybersec,en,answered,ERROR,error,0,,0,5361,0
1251,What type of segmentation is required when connecting industrial networks with external networks?,cybersec,en,answered,ERROR,error,0,,0,5437,0
1252,How does the passage describe the relationship between cybersecurity roles and the protection of data?,cybersec,en,answered,ERROR,error,0,,0,5421,0
1253,ما الهدف الذي يسعى هذا الإطار لتحقيقه فيما يتعلق بالأمن السيبراني في المملكة؟,cybersec,ar,answered,ERROR,error,0,,0,5393,0
1254,What is the significance of the Network Diagram mentioned in the context of cybersecurity?,cybersec,en,answered,ERROR,error,0,,0,5519,0
1255,ما هي الجهة المسؤولة عن دليل ضوابط الأمن السيبراني للتكنولوجيا التشغيلية؟,cybersec,ar,answered,ERROR,error,0,,0,5158,0
1256,What is the frequency of the periodical review for the Social Media Security Standard Template?,general,en,answered,ERROR,error,0,,0,5167,0
1257,ما هي المهام التي تشملها ولاية الهيئة الوطنية للأمن السيبراني؟,cybersec,ar,answered,ERROR,error,0,,0,5238,0
1258,What is the purpose of the cybersecurity requirements checklist mentioned in the passage?,cybersec,en,answered,ERROR,error,0,,0,5071,0
1259,من هو مالك المعيار وفقًا للنص؟,general,ar,answered,ERROR,error,0,,0,5412,0
1260,What could lead to an increased risk of unidentified and possible unauthorized events in the application?,cybersec,en,answered,ERROR,error,0,,0,5475,0
1261,What year is indicated in the title of the OTCC Implementation guide?,cybersec,en,answered,ERROR,error,0,,0,5139,0
1262,ما هي الإجراءات التي يجب اتخاذها للكشف عن نقاط الوصول اللاسلكية غير المصرح بها؟,cybersec,ar,answered,ERROR,error,0,,0,5420,0
1263,What must <organization name> do with storage media devices until they are disposed of or sanitized?,general,en,answered,ERROR,error,0,,0,5408,0
1264,What specific cybersecurity controls are applicable to banks according to the passage?,cybersec,en,answered,ERROR,error,0,,0,5241,0
1265,What is the objective of ensuring protection against cybersecurity risks related to third parties in social media?,general,en,answered,ERROR,error,0,,0,5236,0
1266,Who is responsible for the standard implementation and execution?,general,en,answered,ERROR,error,0,,0,5262,0
1267,What types of assessments are included in the cybersecurity controls?,cybersec,en,answered,ERROR,error,0,,0,5291,0
1268,كيف تعرف الفقرة دور البنوك في الحفاظ على الأمن السيبراني؟,cybersec,ar,answered,ERROR,error,0,,0,5217,0
1269,ما هي المخاطر التي تهدف هذه المعايير إلى تقليلها؟,general,ar,answered,ERROR,error,0,,0,5229,0
1270,ما الذي يجب أن يتم تطبيقه في حالة وجود أخطاء في النظام؟,general,ar,answered,ERROR,error,0,,0,5239,0
1271,To whom does the cybersecurity event logs and monitoring management standard apply?,cybersec,en,answered,ERROR,error,0,,0,5167,0
1272,What is the purpose of the vulnerabilities management policy?,general,en,answered,ERROR,error,0,,0,5442,0
1273,ما هي الأهداف من استخدام أجهزة المراقبة وفقًا للنص؟,cybersec,ar,answered,ERROR,error,0,,0,5179,0
1274,What are the objectives of analyzing cybersecurity activities as stated in the passage?,cybersec,en,answered,ERROR,error,0,,0,5448,0
1275,What is the purpose of the standard template for penetration testing?,general,en,answered,ERROR,error,0,,0,5352,0
1276,Who is responsible for ensuring compliance with the cybersecurity policy?,cybersec,en,answered,ERROR,error,0,,0,5266,0
1277,ما هي المبادئ الأساسية للأمن السيبراني المذكورة في الفقرة؟,cybersec,ar,answered,ERROR,error,0,,0,5424,0
1278,What is the title of the regulation concerning Secure Data Disposal?,general,en,answered,ERROR,error,0,,0,5134,0
1279,What authority's cybersecurity controls are applicable to software development for fintech entities?,cybersec,en,answered,ERROR,error,0,,0,5259,0
1280,ما هي المتطلبات المتعلقة بنسخ البيانات الاحتياطية للأنظمة الحرجة؟,cybersec,ar,answered,ERROR,error,0,,0,5184,0
1281,كيف يصف النص إدارة الهوية في سياق الأمن السيبراني للبنوك؟,general,ar,answered,ERROR,error,0,,0,5489,0
1282,ما هي الموضوعات المذكورة في فهرس المحتويات لهذه الفقرة؟,general,ar,answered,ERROR,error,0,,0,5121,0
1283,What must be monitored to ensure that unauthorized content is not posted on the organization’s social media accounts?,general,en,answered,ERROR,error,0,,0,5086,0
1284,What must be prepared after finalizing the vulnerability assessment?,general,en,answered,ERROR,error,0,,0,5306,0
1285,What type of information must the asset inventory contain for each third party and supplier?,general,en,answered,ERROR,error,0,,0,5318,0
1286,ما الذي يجب إعداده فيما يتعلق بأسباب وجود الوثيقة؟,cybersec,ar,answered,ERROR,error,0,,0,5349,0
1287,What is the purpose of the cybersecurity controls mentioned in the passage?,cybersec,en,answered,ERROR,error,0,,0,5344,0
1288,ما هي الاستراتيجيات المقترحة لتعزيز الأمن السيبراني؟,cybersec,ar,answered,ERROR,error,0,,0,5317,0
1289,What is the role of segregation of duties in cybersecurity controls?,cybersec,en,answered,ERROR,error,0,,0,5366,0
1290,What measures should be taken to ensure the control over cybersecurity risks before signing contracts?,cybersec,en,answered,ERROR,error,0,,0,5403,0
1291,ما هي الأنشطة التي تشملها خدمات الاختبار السيبراني؟,general,ar,answered,ERROR,error,0,,0,5502,0
1292,ما هي الفئات الفرعية التي تشملها فئة الترخيص لخدمات الأمن السيبراني؟,cybersec,ar,answered,ERROR,error,0,,0,5454,0
1293,What type of violations must be included in the Human Resources violations regulation?,general,en,answered,ERROR,error,0,,0,5314,0
1294,Which specific controls are referenced in the passage for banks?,general,en,answered,ERROR,error,0,,0,5318,0
1295,What must be ensured regarding the enablement of critical systems logs?,cybersec,en,answered,ERROR,error,0,,0,5413,0
1296,ما هي المتطلبات المحددة المذكورة لتنفيذ ضوابط الأمن السيبراني؟,cybersec,ar,answered,ERROR,error,0,,0,5251,0
1297,What is the regulatory authority mentioned in the asset management regulations?,general,en,answered,ERROR,error,0,,0,5185,0
1298,What should be removed after filling out the template?,general,en,answered,ERROR,error,0,,0,5151,0
1299,Which entities are specifically mentioned as being subject to these cybersecurity controls?,general,en,answered,ERROR,error,0,,0,5208,0
1300,What should be done to replace <organization name> in the document?,cybersec,en,answered,ERROR,error,0,,0,5106,0
1301,ما هو التركيز الرئيسي للوائح الفحص أو التحقق المذكورة في النص؟,general,ar,answered,ERROR,error,0,,0,5514,0
1302,Which specific controls are mentioned in the context of patch management?,cybersec,en,answered,ERROR,error,0,,0,5295,0
1303,What type of materials must be protected according to the passage?,general,en,answered,ERROR,error,0,,0,5275,0
1304,Which cybersecurity governance aspects are specified for banks and financial institutions?,cybersec,en,answered,ERROR,error,0,,0,5325,0
1305,What are the main domains covered in the Cybersecurity Guidelines for Internet of Things?,general,en,answered,ERROR,error,0,,0,5428,0
1306,ما هي المتطلبات الأمنية المتعلقة بتطوير البرمجيات للجهات الحكومية؟,cybersec,ar,answered,ERROR,error,0,,0,5147,0
1307,Which types of computing are mentioned in relation to cybersecurity?,general,en,answered,ERROR,error,0,,0,5070,0
1308,What must be done regularly to detect and assess technical vulnerabilities?,general,en,answered,ERROR,error,0,,0,5062,0
1309,What is the purpose of the cybersecurity guidelines for IoT devices?,general,en,answered,ERROR,error,0,,0,5366,0
1310,What types of data are classified as confidential according to the NCA?,cybersec,en,answered,ERROR,error,0,,0,5449,0
1311,How does the NCA suggest government entities should implement cybersecurity measures?,general,en,answered,ERROR,error,0,,0,5686,0
1312,What should be updated after the revocation of a cybersecurity document?,cybersec,en,answered,ERROR,error,0,,0,5312,0
1313,ما هي المعلومات المطلوبة لتسجيلها في جرد الأصول؟,general,ar,answered,ERROR,error,0,,0,5346,0
1314,من هو رئيس قسم الأمن السيبراني الذي يجب أن يتم إبلاغه بالوثيقة المعتمدة؟,cybersec,ar,answered,ERROR,error,0,,0,5146,0
1315,How does the NCA define acceptable use in the context of cybersecurity?,general,en,answered,ERROR,error,0,,0,5100,0
1316,What are the main objectives of the cybersecurity incident response mentioned?,cybersec,en,answered,ERROR,error,0,,0,5350,0
1317,What are the roles of a cybersecurity researcher according to the passage?,cybersec,en,answered,ERROR,error,0,,0,5573,0
1318,What is the role of the National Cybersecurity Authority in relation to banks?,cybersec,en,answered,ERROR,error,0,,0,5015,0
1319,ما هي السياسة المتعلقة بإدارة الأصول في إدارة الثغرات؟,general,ar,answered,ERROR,error,0,,0,5552,0
1320,What is the recommended frequency for changing the passcode of the mobile device?,general,en,answered,ERROR,error,0,,0,5009,0
1321,ما هي الالتزامات المفروضة على مقدمي خدمات استجابة الحوادث السيبرانية؟,cybersec,ar,answered,ERROR,error,0,,0,5541,0
1322,ما الذي يجب توثيقه في حالة حدوث تغييرات في المتطلبات الأمنية؟,cybersec,ar,answered,ERROR,error,0,,0,5038,0
1323,ما هي السلطة القضائية الحصرية المتعلقة بضوابط الأمن السيبراني للبيانات؟,cybersec,ar,answered,ERROR,error,0,,0,5071,0
1324,What phases are involved in the document development procedure?,cybersec,en,answered,ERROR,error,0,,0,5393,0
1325,ما هي أهمية مراجعة الأمن السيبراني الدورية؟,general,ar,answered,ERROR,error,0,,0,5365,0
1326,what r the aml rules,kyc_aml,en,answered,ERROR,error,0,,0,5597,0
1327,What percentage of cybersecurity products and services is provided by the Riyadh region?,cybersec,en,answered,ERROR,error,0,,0,5344,0
1328,What must all entities comply with according to the National Cybersecurity Authority?,general,en,answered,ERROR,error,0,,0,5429,0
1329,What are the four main domains of ECC that are included in the OTCC?,cybersec,en,answered,ERROR,error,0,,0,5456,0
1330,ما هي الإجراءات الأمنية المطلوبة لتطبيقات المصارف وفقًا لنص الفقرة؟,general,ar,answered,ERROR,error,0,,0,5314,0
1331,Which sector's cybersecurity controls are specified in this passage?,cybersec,en,answered,ERROR,error,0,,0,5244,0
1332,What should be implemented based on the organization's Patch Management Policy?,general,en,answered,ERROR,error,0,,0,5328,0
1333,Which authority's cybersecurity requirements are aligned with this policy?,cybersec,en,answered,ERROR,error,0,,0,5034,0
1334,What is the significance of the 'NCS - 1' reference in the passage?,general,en,answered,ERROR,error,0,,0,5264,0
1335,من هو مالك المعيار وفقًا للنص؟,general,ar,answered,ERROR,error,0,,0,5253,0
1336,What action should be taken to replace <organization name> in the document?,general,en,answered,ERROR,error,0,,0,5116,0
1337,How does the NCA define the cybersecurity controls applicable to banks?,general,en,answered,ERROR,error,0,,0,5365,0
1338,لماذا يعتبر تسجيل السجلات بشكل غير متسق مشكلة أمنية؟,cybersec,ar,answered,ERROR,error,0,,0,5200,0
1339,What is the purpose of the Asset Acceptable Use Policy?,general,en,answered,ERROR,error,0,,0,5100,0
1340,ما هي أهمية الحفاظ على سلامة السجلات للكيانات الحكومية؟,general,ar,answered,ERROR,error,0,,0,5133,0
1341,What privacy policies must bug bounty program platforms adhere to?,cybersec,en,answered,ERROR,error,0,,0,5501,0
1342,What type of cybersecurity controls are applicable to banks according to the passage?,general,en,answered,ERROR,error,0,,0,5094,0
1343,ما هو الغرض من الجدول الزمني للمراجعة المذكور في النص؟,general,ar,answered,ERROR,error,0,,0,5204,0
1344,What should be monitored to ensure compliance with the cybersecurity controls?,general,en,answered,ERROR,error,0,,0,5498,0
1345,What should be done with guidance boxes after filling out the template?,general,en,answered,ERROR,error,0,,0,5444,0
1346,What is prohibited regarding the use of techniques to bypass Proxy or Firewall?,general,en,answered,ERROR,error,0,,0,5369,0
1347,What does the Traffic Light Protocol (TLP) comprise?,cybersec,en,answered,ERROR,error,0,,0,5252,0
1348,ما هي أهمية استمرارية الأعمال في الأمن السيبراني؟,cybersec,ar,answered,ERROR,error,0,,0,5209,0
1349,How does the passage suggest ensuring the integrity of cybersecurity measures?,general,en,answered,ERROR,error,0,,0,5536,0
1350,Which specific projects are addressed by the cybersecurity requirements?,cybersec,en,answered,ERROR,error,0,,0,5172,0
1351,How long must the licensee maintain records of the cybersecurity services provided?,cybersec,en,answered,ERROR,error,0,,0,5353,0
1352,ما هو اسم الله المذكور في الوثيقة؟,cybersec,ar,answered,ERROR,error,0,,0,5204,0
1353,How does the passage describe the relationship between cybersecurity roles and strategic objectives?,cybersec,en,answered,ERROR,error,0,,0,5393,0
1354,ما الذي يجب التأكد منه بشأن سلامة المعلومات المخزنة على الأجهزة المحمولة؟,general,ar,answered,ERROR,error,0,,0,5259,0
1355,What type of entities does the cybersecurity controls in this passage apply to?,cybersec,en,answered,ERROR,error,0,,0,5175,0
1356,What types of penetration testing approaches are defined in the exercise?,general,en,answered,ERROR,error,0,,0,5256,0
1357,ما هي التقنيات التي يجب توفيرها لإزالة البيانات عن بعد من الأجهزة المحمولة؟,general,ar,answered,ERROR,error,0,,0,5337,0
1358,What must be defined and applied for cloud-based and hosted applications?,general,en,answered,ERROR,error,0,,0,5351,0
1359,ما هو الهدف من التحكمات السيبرانية المطبقة على الكيانات الحكومية؟,general,ar,answered,ERROR,error,0,,0,5479,0
1360,ما هي الثغرات التي تم ذكرها كحرجة في ممارسات الترميز الآمن؟,general,ar,answered,ERROR,error,0,,0,5378,0
1361,ما هي المعايير التي يجب أن تتماشى معها معايير التشفير الداخلية للمنظمة؟,general,ar,answered,ERROR,error,0,,0,5264,0
1362,What must be reviewed at specified time periods to ensure they meet retention requirements?,general,en,answered,ERROR,error,0,,0,5287,0
1363,What must take precedence in case of a discrepancy between the OTCC document and other standards?,cybersec,en,answered,ERROR,error,0,,0,5204,0
1364,ما هي الضوابط الأمنية التي يجب على البنوك الالتزام بها وفقاً لإرشادات الهيئة الوطنية للأمن السيبراني؟,cybersec,ar,answered,ERROR,error,0,,0,5413,0
1365,What is a 'Backup Code' used for in two-factor authentication?,general,en,answered,ERROR,error,0,,0,5489,0
1366,What authority provides the guidelines for essential cybersecurity controls applicable to government entities?,cybersec,en,answered,ERROR,error,0,,0,5554,0
1367,ما هو الهدف الرئيسي من الضوابط الأمنية السيبرانية المطبقة على البنوك كما هو مذكور في النص؟,cybersec,ar,answered,ERROR,error,0,,0,5122,0
1368,What is the role of cybersecurity governance according to the passage?,cybersec,en,answered,ERROR,error,0,,0,5223,0
1369,What must be reviewed periodically according to the cybersecurity requirements for ICS/OT?,cybersec,en,answered,ERROR,error,0,,0,5133,0
1370,What can result from improper management of the inventory on information and technology assets related to social media?,general,en,answered,ERROR,error,0,,0,4922,0
1371,ما هي متطلبات الأمن السيبراني المتعلقة بأنظمة التحكم الصناعية والتكنولوجيا التشغيلية؟,cybersec,ar,answered,ERROR,error,0,,0,5466,0
1372,What is the significance of the RASS in the cybersecurity framework?,cybersec,en,answered,ERROR,error,0,,0,5291,0
1373,What must be forwarded to a centralized log analytics or SIEM system according to the requirements?,cybersec,en,answered,ERROR,error,0,,0,5601,0
1374,كيف يصف النص العلاقة بين الأمن السيبراني والتنمية الاقتصادية؟,cybersec,ar,answered,ERROR,error,0,,0,5250,0
1375,ما هي المتطلبات اللازمة للحصول على ترخيص من الفئة الأولى أو الثانية؟,cybersec,ar,answered,ERROR,error,0,,0,5098,0
1376,What is the primary focus of the secure coding standards mentioned in the passage?,general,en,answered,ERROR,error,0,,0,5317,0
1377,ما هي المهام المحددة للأدوار السيبرانية داخل الجهات الحكومية؟,cybersec,ar,answered,ERROR,error,0,,0,5560,0
1378,What must be conducted before allowing mobile devices access to critical systems?,general,en,answered,ERROR,error,0,,0,5274,0
1379,Which entities are required to comply with the identity and access management regulations?,general,en,answered,ERROR,error,0,,0,5251,0
1380,ما هي الأنشطة غير الطبيعية التي يتم اكتشافها بواسطة نظام منع التطفل (IPS)؟,cybersec,ar,answered,ERROR,error,0,,0,5306,0
1381,How does the passage describe the importance of data protection for banks?,general,en,answered,ERROR,error,0,,0,5071,0
1382,ما هي العناصر الإلزامية التي يجب أن تتضمنها الوثائق المتعلقة بالأمن السيبراني؟,cybersec,ar,answered,ERROR,error,0,,0,5231,0
1383,What must be ensured regarding the protection of storage media until they are destroyed or sanitized?,general,en,answered,ERROR,error,0,,0,5323,0
1384,ما هي الآلية التي يجب اتباعها لتقديم تقرير الحادث السيبراني؟,general,ar,answered,ERROR,error,0,,0,5175,0
1385,What is the role of the ANID mentioned in the passage?,general,en,answered,ERROR,error,0,,0,5057,0
1386,What is the primary focus of the essential cybersecurity controls implementation as per the NCA?,cybersec,en,answered,ERROR,error,0,,0,4762,0
1387,ما هي التقنيات المستخدمة في حماية الأمن السيبراني المذكورة في النص؟,cybersec,ar,answered,ERROR,error,0,,0,122082,0
1388,ما هي الجهة المسؤولة عن وضع ضوابط الأمن السيبراني للبنوك؟,general,ar,answered,PASS,generative,8,0.661,284,94602,0
1389,What is the purpose of the cybersecurity roles and responsibilities outlined in the passage?,cybersec,en,answered,PASS,generative,7,0.9363,635,59320,0
1390,Which entities are required to apply the essential cybersecurity controls according to the NCA?,cybersec,en,answered,PASS,generative,7,0.9965,441,52897,0
1391,What is the focus of the training programs mentioned in the cybersecurity controls?,cybersec,en,answered,PASS,generative,5,0.9694,754,22800,0
1392,ما هي العناصر الأساسية التي يجب تضمينها في برنامج التوعية بالأمن السيبراني؟,cybersec,ar,answered,PASS,generative,8,0.8471,517,21320,0
1393,ما هي العناصر الرئيسية في سياسات الأمن السيبراني المذكورة في النص؟,cybersec,ar,answered,PASS,generative,8,0.0844,539,49580,0
1394,What types of backup systems must cover all critical systems' components?,general,en,answered,PASS,generative,6,0.996,535,55623,0
1395,من هو مالك المعيار لحماية DDoS؟,general,ar,answered,ERROR,error,0,,0,122085,0
1396,What actions are required if a cybersecurity incident occurs?,cybersec,en,answered,PASS,generative,7,0.904,707,57077,0
1397,Which authority is responsible for the cybersecurity controls applicable to government entities?,cybersec,en,answered,PASS,generative,8,0.9927,495,32052,0
1398,ما هي المؤشرات الرئيسية للأداء لإدارة الثغرات؟,general,ar,answered,PARTIAL,generative,0,0.0101,34,68876,0
1399,ما هي الالتزامات المتعلقة بإشعار الهيئة عند حدوث تغيير في ملكية الكيان المرخص؟,general,ar,answered,PASS,generative,8,0.3374,304,99748,0
1400,What specific cybersecurity controls are applicable to banks as mentioned by the NCA?,cybersec,en,answered,PASS,generative,7,0.9927,712,39757,0
1401,What type of devices does the cybersecurity control specifically address?,general,en,answered,PASS,generative,8,0.9417,524,42399,0
1402,Which entities are required to implement the cybersecurity awareness programs?,cybersec,en,answered,PASS,generative,6,0.9641,642,48998,0
1403,What specific cybersecurity controls are outlined for IoT devices in this passage?,general,en,answered,NOT_FOUND,generative,0,0.9774,76,105665,0
1404,ماذا يجب أن يحدث بعد اعتماد الوثائق المتعلقة بالأمن السيبراني؟,cybersec,ar,answered,PASS,generative,8,0.1199,287,104516,0
1405,What is the significance of the term 'Repudiation' in the context of cybersecurity controls for banks?,cybersec,en,answered,NOT_FOUND,generative,0,0.467,76,100028,0
1406,ما هي المعايير الدولية التي تم الإشارة إليها في الوثيقة؟,cybersec,ar,answered,PARTIAL,generative,0,0.0104,34,84747,0
1407,ما هي الإجراءات المتبعة للاستجابة للحوادث الأمنية كما هو موضح في النص؟,cybersec,ar,answered,PASS,generative,8,0.6116,498,104554,0
1408,What is the purpose of a Web Application Firewall as mentioned in the passage?,cybersec,en,answered,PASS,generative,8,0.7663,663,97251,0
1409,What policy must backup and recovery for mobile devices adhere to?,general,en,answered,PASS,generative,7,0.965,535,112899,0
1410,ما هي الوثيقة التي تصدرها الهيئة الوطنية للأمن السيبراني لتحديد أهلية الأفراد لتقديم خدمات الأمن السيبراني؟,cybersec,ar,answered,ERROR,error,0,,0,48565,0
1411,What is the significance of the roles outlined in the passage for cybersecurity compliance?,cybersec,en,answered,ERROR,error,0,,0,122067,0
1412,ما هي الوثيقة التي تتعلق بالتحكم في أمن الحسابات على وسائل التواصل الاجتماعي؟,general,ar,answered,PASS,generative,8,0.3969,304,77900,0
1413,What is the version number of the national standards for encryption mentioned in the document?,general,en,answered,PASS,generative,8,0.5621,387,120535,0
1414,كيف يجب إدخال اسم المنظمة في الوثيقة؟,cybersec,ar,answered,PASS,generative,8,0.2592,393,95099,0
1415,What must be included in the cybersecurity event logs according to the NCA?,cybersec,en,answered,PASS,generative,8,0.9916,735,35944,0
1416,What type of attacks does the SAMA guidance specifically address?,general,en,answered,NOT_FOUND,generative,0,0.4816,76,40697,0
1417,What is added to the exception list according to the procedure?,general,en,answered,PASS,generative,8,0.7517,194,89918,0
1418,What must be used to ensure continuous improvement of vulnerabilities management requirements?,general,en,answered,PASS,generative,8,0.9967,347,58727,0
1419,What type of controls does the passage describe for banks?,cybersec,en,answered,PASS,generative,8,0.7434,416,95651,0
1420,ما هي الكيانات التي تنطبق عليها ضوابط الأمن السيبراني وفقًا للهيئة الوطنية للأمن السيبراني؟,cybersec,ar,answered,PASS,generative,8,0.7871,359,84181,0
1421,What must disbursement from the accounts be made in accordance with?,general,en,answered,PASS,generative,8,0.92,505,96371,0
1422,What is the focus of the cybersecurity guidance mentioned in this passage?,general,en,answered,PASS,generative,8,0.1257,652,73057,0
1423,Which specific cybersecurity measures are highlighted in the passage?,cybersec,en,answered,PASS,generative,8,0.1771,730,34050,0
1424,What must the licensee do with the information related to the cybersecurity incident before handing it over to the National Cybersecurity Authority?,cybersec,en,answered,PASS,generative,7,0.9995,742,39775,0
1425,What is the significance of the GIS in the context of cybersecurity for banks?,cybersec,en,answered,NOT_FOUND,generative,0,0.3723,76,77263,0
1426,What must be aligned with NCA’s regulatory cybersecurity requirements?,cybersec,en,answered,PASS,generative,8,0.9972,389,38923,0
1427,What is the context of the cybersecurity controls described in the passage?,general,en,answered,PASS,cached,5,0.7212,775,11146,0
1428,ما الذي يجب أن يتم التحقق منه إذا كان ذلك ممكنًا بالنسبة لحسابات وسائل التواصل الاجتماعي الرسمية للمنظمة؟,general,ar,answered,PASS,generative,8,0.3911,542,70970,0
1429,ما هو نوع الكيانات التي تنطبق عليها الضوابط الأمنية المذكورة في هذا النص؟,general,ar,answered,PASS,generative,6,0.1111,273,51839,0
1430,ما نوع الكيانات التي تنطبق عليها الضوابط السيبرانية المذكورة في هذه الفقرة؟,general,ar,answered,PASS,generative,7,0.1124,218,73768,0
1431,ما هي الضوابط الأمنية المتعلقة بالبنوك المذكورة في النص؟,general,ar,answered,PASS,generative,8,0.4797,475,111514,0
1432,What type of synchronization must secure baselines and configurations include?,general,en,answered,PASS,generative,8,0.9842,418,105047,0
1433,Who must conduct the assessments according to the regulatory framework?,cybersec,en,answered,PASS,generative,8,0.9695,426,36318,0
1434,What must high-risk information and technology assets maintain in the event of network connectivity failure?,cybersec,en,answered,NOT_FOUND,generative,0,0.1138,76,116299,0
1435,Which entities are required to implement the cybersecurity controls described?,general,en,answered,PASS,generative,7,0.9378,579,37289,0
1436,من يجب أن يكون لديه حق الوصول إلى وثائق معايير الأمان الأساسية؟,general,ar,answered,PASS,generative,7,0.018,481,58768,0
1437,What must take precedence in case of a discrepancy between the OTCC document and other standards?,cybersec,en,answered,PASS,generative,8,0.9985,476,116624,0
1438,Which entities does the cybersecurity resilience guidance apply to?,general,en,answered,ERROR,error,0,,0,122123,0
1439,What must the document development process include according to SAMA?,cybersec,en,answered,PASS,generative,8,0.9876,307,78058,0
1440,What is the significance of the term 'Operational Technology' as mentioned in the passage?,cybersec,en,answered,PASS,generative,8,0.1562,757,68798,0
1441,What is the role of cryptography in the context of banking regulations?,general,en,answered,PASS,generative,8,0.7353,651,94471,0
1442,Who is responsible for the development and maintenance of the cybersecurity document?,cybersec,en,answered,PASS,generative,8,0.9769,328,44928,0
1443,ما هي الجهة المسؤولة عن تنفيذ ضوابط الأمن السيبراني المذكورة في الفقرة؟,general,ar,answered,PASS,generative,7,0.7804,290,85603,0
1444,What is required for the assessment of cybersecurity controls?,cybersec,en,answered,PASS,generative,7,0.9768,502,51462,0
1445,What types of attacks must monitoring tools detect against the organization's information and technology assets?,cybersec,en,answered,PASS,generative,8,0.9974,593,57054,0
1446,ما هي السياسة التي تحدد الوصول إلى الموقع المركزي؟,general,ar,answered,PASS,generative,8,0.0011,473,44202,0
1447,What is the primary focus of the guidelines mentioned in the passage?,cybersec,en,answered,PASS,generative,8,0.032,646,64080,0
1448,ما هو نطاق سياسة تخزين الوسائط؟,general,ar,answered,PASS,generative,8,0.6032,327,82535,0
1449,What is the main focus of the OTCC methodology?,cybersec,en,answered,PASS,generative,8,0.6579,767,50707,0
1450,What is the significance of cybersecurity governance as mentioned in the passage?,general,en,answered,PASS,generative,8,0.3231,763,82628,0
1451,ما هو الهدف من الضوابط المتعلقة بالأمن السيبراني المذكورة في الفقرة؟,general,ar,answered,PASS,generative,6,0.7348,573,49431,0
1452,What is the risk implication of inconsistent log recording?,cybersec,en,answered,PASS,generative,8,0.9608,524,64422,0
1453,What does the section on License Cancellation & Suspension address?,cybersec,en,answered,PASS,generative,8,0.337,716,54202,0
1454,"What are the potential impacts of a Level 1 facility on Health, Safety, and Environment?",cybersec,en,answered,PASS,generative,7,0.9835,630,57952,0
1455,ما هو التصنيف المعطى لوثيقة إرشادات GOSMACC؟,general,ar,answered,PARTIAL,generative,0,0.0017,34,72270,0
1456,What must be included in the electronic signature according to the regulations?,general,en,answered,PASS,generative,7,0.3768,419,98214,0
1457,What is one of the objectives of the Framework related to cybersecurity in the Kingdom?,cybersec,en,answered,PASS,generative,7,0.9983,565,67119,0
1458,Which entities are the guidelines for cybersecurity controls specifically applicable to?,cybersec,en,answered,PASS,generative,8,0.9939,497,31260,0
1459,What is the security program requirement for IACS asset owners?,cybersec,en,answered,PASS,generative,6,0.9746,420,45906,0
1460,What does the passage specify about the cybersecurity controls for IoT devices?,general,en,answered,NOT_FOUND,generative,0,0.9506,76,91566,0
1461,What is required for the classification of critical infrastructures?,general,en,answered,PASS,generative,7,0.4585,663,29210,0
1462,Which authority is responsible for the implementation guidelines mentioned in the passage?,cybersec,en,answered,PASS,generative,7,0.2602,468,83166,0
1463,What are the key components of cybersecurity resilience mentioned in the passage?,cybersec,en,answered,PASS,generative,8,0.6453,713,108773,0
1464,ما هي الإجراءات التي يجب اتخاذها عند حدوث حادثة أمنية سيبرانية؟,cybersec,ar,answered,PASS,generative,8,0.7829,525,82401,0
1465,ما هي المجالات المحددة التي تتناولها ضوابط الأمن السيبراني في هذه الفقرة؟,general,ar,answered,PASS,generative,7,0.1451,622,31533,0
1466,What must all stakeholders confirm after the change is released to production?,cybersec,en,answered,PASS,generative,8,0.99,347,74003,0
1467,ما هي الخدمات التي تشملها تصنيفات الأمن السيبراني في المملكة؟,cybersec,ar,answered,PASS,generative,7,0.78,457,83481,0
1468,What is the purpose of the supporting document in the cybersecurity document development process?,cybersec,en,answered,PASS,generative,8,0.9893,596,43188,0
1469,What are the roles and responsibilities related to cybersecurity mentioned in the passage?,cybersec,en,answered,PASS,generative,8,0.9537,822,28347,0
1470,Which entities are subject to the cybersecurity roles and responsibilities outlined in the passage?,cybersec,en,answered,PASS,generative,7,0.9288,591,36310,0
1471,ما هو الهدف الرئيسي من الضوابط الأمنية السيبرانية المطبقة على البنوك كما هو موضح من قبل الهيئة الوطنية للأمن السيبراني؟,cybersec,ar,answered,PASS,generative,6,0.8534,404,57998,0
1472,What activities are to be planned and organized in cybersecurity competitions according to the passage?,general,en,answered,PASS,generative,8,0.9112,457,85295,0
1473,What are the implications of not maintaining an asset inventory for an organization?,general,en,answered,PASS,generative,8,0.9927,640,59978,0
1474,What is the term used for the management of cybersecurity risks in government entities?,general,en,answered,PASS,generative,8,0.9504,494,50537,0
1475,How is cybersecurity resilience related to business continuity management?,cybersec,en,answered,PASS,generative,6,0.9978,764,47906,0
1476,What is the purpose of the cybersecurity awareness programs mentioned in the passage?,cybersec,en,answered,PASS,generative,7,0.9236,1072,54197,0
1477,What types of threats does the policy aim to protect against?,general,en,answered,PASS,generative,8,0.928,537,86407,0
1478,How does the passage describe the implementation of cybersecurity measures?,general,en,answered,PASS,generative,7,0.6361,975,62206,0
1479,What is the objective of the Cybersecurity Incident and Threat Management?,general,en,answered,PASS,generative,8,0.9991,630,25675,0
1480,Is the cybersecurity governance applicable to private entities?,general,en,answered,PASS,generative,6,0.99,574,37746,0
1481,What entities are the cybersecurity controls applicable to according to the NCA?,cybersec,en,answered,PASS,generative,7,0.9976,642,28812,0
1482,Which specific cybersecurity measures are highlighted for banks in the text?,cybersec,en,answered,PASS,generative,8,0.9101,680,79909,0
1483,What is the purpose of the detailed optional document in the cybersecurity document development process?,cybersec,en,answered,PASS,generative,8,0.9906,525,59902,0
1484,What is the purpose of the secure configuration and hardening standard?,general,en,answered,PASS,generative,8,0.9977,745,42961,0
1485,ما هي الخطوات اللازمة لتعديل اسم المنظمة في الوثيقة؟,general,ar,answered,PASS,generative,8,0.1326,278,55688,0
1486,What is the role of internal audits as mentioned in the passage?,cybersec,en,answered,PASS,generative,8,0.5548,779,62848,0
1487,ما هو الهدف الرئيسي من الضوابط الأمنية السيبرانية المذكورة في الفقرة؟,cybersec,ar,answered,PASS,cached,6,0.7348,573,7734,0
1488,What must be ensured regarding the desktop and screen in the office?,general,en,answered,PASS,generative,5,0.0846,519,35938,0
1489,What types of entities are the cybersecurity controls applicable to according to the NCA?,cybersec,en,answered,PASS,cached,7,0.9976,642,12291,0
1490,What is the focus of the cybersecurity guidelines mentioned in the passage?,general,en,answered,PASS,cached,7,0.1318,620,9279,0
1491,ما هو التركيز الرئيسي لإرشادات الأمن السيبراني المذكورة في الفقرة؟,general,ar,answered,PASS,generative,8,0.2941,372,62548,0
1492,What type of requirements were considered in designing cybersecurity controls?,cybersec,en,answered,PASS,generative,7,0.9953,408,59864,0
1493,Which specific network security solutions are mentioned for small and medium enterprises?,general,en,answered,PASS,generative,8,0.9745,743,65363,0
1494,What type of assistance can the NCA seek to carry out cybersecurity activities?,general,en,answered,PASS,generative,7,0.856,669,75156,0
1495,What is the role of technical services in cybersecurity according to the passage?,general,en,answered,PASS,generative,8,0.6847,698,117974,0
1496,What is the purpose of the guidelines mentioned in the passage?,general,en,answered,PASS,generative,7,0.0675,555,58426,0
1497,What is the purpose of the guide mentioned in the passage?,cybersec,en,answered,PASS,generative,6,0.2624,692,98711,0
1498,What does the passage refer to as the basic principles of cybersecurity?,cybersec,en,answered,NOT_FOUND,generative,0,0.1769,76,48683,0
1499,How many sections are listed under the cryptography policy?,general,en,answered,NOT_FOUND,generative,0,0.046,76,25494,0
1500,Which authority is responsible for the implementation guidelines on cybersecurity controls for banks?,cybersec,en,answered,PASS,generative,8,0.9927,530,65961,0
1501,Which authority's guidelines are referenced in the passage?,cybersec,en,answered,ERROR,error,0,,0,122072,0
1502,What role do non-disclosure agreements play in the cybersecurity framework for banks?,cybersec,en,answered,ERROR,error,0,,0,122026,0
1503,ما هي الفئات التي تتطلب متطلبات الأمن السيبراني في تطوير البرمجيات وفقًا للنص؟,cybersec,ar,answered,ERROR,error,0,,0,122042,0
1504,What standards are mentioned for cybersecurity in industrial control systems?,cybersec,en,answered,ERROR,error,0,,0,122042,0
1505,How does changing your Google password affect other services?,general,en,answered,FAIL,out_of_scope,0,,76,2401,0
1506,Which specific control is associated with the management of access in operational technology?,cybersec,en,answered,ERROR,error,0,,0,122083,0
1507,ما هو التركيز الرئيسي للوائح حوكمة الأمن السيبراني المذكورة في الفقرة؟,cybersec,ar,answered,PASS,generative,7,0.0166,461,91773,0
1508,What can lead to hacking according to the document?,cybersec,en,answered,ERROR,error,0,,0,122065,0
1509,What type of plans must be developed to address high risk cybersecurity incidents?,cybersec,en,answered,ERROR,error,0,,0,122062,0
1510,What specific qualifications must the licensee have according to the NCA?,cybersec,en,answered,PASS,generative,7,0.9736,565,104511,0
1511,What measures are suggested for improving cybersecurity capabilities in government entities?,cybersec,en,answered,ERROR,error,0,,0,122056,0
1512,ما هي الجهة المسؤولة عن تنظيم الأمن السيبراني للبنوك؟,general,ar,answered,PASS,generative,8,0.5885,249,59336,0
1513,What type of personnel must undergo security screening according to the passage?,general,en,answered,PASS,generative,5,0.3171,639,54003,0
1514,What principle must be followed during the auditing and verification process?,cybersec,en,answered,PASS,generative,8,0.027,740,35918,0
1515,What processes are involved in the management of digital signatures and electronic seals?,general,en,answered,NOT_FOUND,generative,0,0.0472,76,114518,0
1516,ما هي المتطلبات المتعلقة بالتحكم في الأمن السيبراني للبنوك كما ذكرت الهيئة؟,general,ar,answered,PASS,generative,8,0.9463,446,82000,0
1517,What does the passage specify regarding the update of secure configurations?,general,en,answered,PASS,generative,7,0.5756,814,59877,0
1518,ما هي المتطلبات العامة للحصول على الترخيص في فئة الترخيص المتخصص؟,general,ar,answered,PASS,generative,8,0.5007,565,60175,0
1519,Which entities are the cybersecurity controls for IoT devices applicable to?,general,en,answered,PASS,generative,8,0.9965,434,58368,0
1520,What are the specific cybersecurity controls mentioned for banks in the passage?,cybersec,en,answered,PASS,generative,8,0.8997,808,75640,0
1521,What are the main domains listed in the cybersecurity management framework?,cybersec,en,answered,PASS,generative,6,0.9834,430,45945,0
1522,ما هي البيانات التي يجب أن تحافظ عليها <اسم المنظمة> وفقًا لهذا المعيار؟,general,ar,answered,PASS,generative,8,0.6102,482,38586,0
1523,What should be removed after filling out the template?,general,en,answered,PASS,generative,8,0.9945,397,41570,0
1524,ما الهدف من المراقبة المستمرة لأصول المعلومات والتكنولوجيا؟,cybersec,ar,answered,PASS,generative,7,0.7419,380,52564,0
1525,What is the purpose of the standard related to DDoS attacks?,general,en,answered,PASS,generative,8,0.9982,614,36783,0
1526,How does the passage describe the relationship between Privileged Access Management and cybersecurity?,general,en,answered,PASS,generative,6,0.9417,667,119006,0
1527,ما هو التحكم السيبراني المحدد المذكور لأجهزة إنترنت الأشياء في هذه الفقرة؟,general,ar,answered,PARTIAL,generative,0,0.5911,34,100832,0
1528,ماذا يجب أن تفعل المنظمة في حالة عدم الامتثال لأي بند؟,general,ar,answered,PASS,generative,7,0.0196,423,40839,0
1529,Who must assist in the creation of the required backup processes and procedures?,general,en,answered,PASS,generative,7,0.9966,403,37889,0
1530,What information must be recorded in the asset inventory for business applications?,general,en,answered,PASS,generative,8,0.9991,778,49821,0
1531,What must be performed for automated monitoring regarding social media accounts?,general,en,answered,PASS,generative,8,0.9943,787,50633,0
1532,ما هي الإجراءات المحددة المقترحة لصيد التهديدات وفقًا للنص؟,general,ar,answered,ERROR,error,0,,0,122054,0
1533,ما هي الأدوات المذكورة في سياسات إدارة الأصول؟,general,ar,answered,PASS,generative,8,0.0105,403,59042,0
1534,What must be ensured regarding non-disclosure clauses and data removal by third parties?,general,en,answered,PASS,generative,8,0.9467,581,39815,0
1535,What type of documentation is required to be retained?,cybersec,en,answered,PASS,generative,8,0.5361,730,45051,0
1536,What must be included in the results of the cybersecurity review and audit?,cybersec,en,answered,PASS,generative,7,0.9971,434,45830,0
1537,ما هو تصنيف الوثيقة المذكورة في الفقرة؟,cybersec,ar,answered,PASS,generative,8,0.4743,193,74123,0
1538,What types of entities are included in the cybersecurity controls applicable to government entities?,cybersec,en,answered,PASS,generative,7,0.9953,569,75695,0
1539,What are some negative impacts that can arise from unauthorized disclosure of classified data?,cybersec,en,answered,ERROR,error,0,,0,122031,0
1540,What is the significance of the cybersecurity framework mentioned in the passage?,cybersec,en,answered,PASS,generative,7,0.4807,835,69865,0
1541,What is the version number mentioned in the identity and access management regulation?,general,en,answered,PASS,generative,8,0.8071,275,47841,0
1542,What is required from the licensed entity when applying for the cancellation of their license?,general,en,answered,PASS,generative,8,0.8444,475,52601,0
1543,ما هي المكونات الرئيسية لإدارة الأمن السيبراني المذكورة في النص؟,cybersec,ar,answered,PASS,generative,8,0.9322,481,66668,0
1544,ما هي أهمية تدابير الأمن السيبراني كما هو موضح في النص؟,general,ar,answered,ERROR,error,0,,0,122043,0
1545,ما هي الجهة التي تقدم الإرشادات الخاصة بالتحكمات الأساسية للأمن السيبراني؟,cybersec,ar,answered,ERROR,error,0,,0,122051,0
1546,ما هي المدة القصوى لمراجعة الأنظمة الحرجة بعد أي تغيير كبير في البنية التحتية؟,general,ar,answered,PASS,generative,8,0.6683,405,66054,0
1547,What must be provided to senior management regarding vulnerabilities?,general,en,answered,PASS,generative,8,0.7545,573,43326,0
1548,ما هي الضوابط المتعلقة بإدارة دورة حياة الأنظمة المصرفية وفقاً للهيئة الوطنية للأمن السيبراني؟,cybersec,ar,answered,PASS,generative,8,0.2164,401,38888,0
1549,What are the cybersecurity controls applicable to government entities according to the NCA?,general,en,answered,PASS,generative,8,0.9972,891,41809,0
1550,What must be restricted and limited to authorized users only regarding backups?,general,en,answered,PASS,generative,8,0.9925,393,61651,0
1551,How often must penetration testing be conducted on telework systems?,general,en,answered,PASS,generative,8,0.9984,342,66860,0
1552,ما هي الجهة المسؤولة عن وضع الضوابط الأمنية المذكورة في الفقرة؟,cybersec,ar,answered,PASS,generative,7,0.0336,294,49160,0
1553,What is required before a licensed entity can take any action that would change its ownership?,cybersec,en,answered,PASS,generative,8,0.9651,602,56221,0
1554,How does the NCA address the risks associated with cybersecurity in banks?,cybersec,en,answered,PASS,generative,6,0.9409,709,46121,0
1555,What must asset owners do at defined and regular intervals?,general,en,answered,PASS,generative,8,0.9793,505,61390,0
1556,ما هي المؤشرات الاقتصادية الرئيسية التي تم تسليط الضوء عليها في التقرير؟,cybersec,ar,answered,PASS,generative,7,0.1429,510,51215,0
1557,What could result from failure to configure log storage space with sufficient log capacity?,cybersec,en,answered,PASS,generative,8,0.9985,540,53005,0
1558,What should be removed after filling out the template?,cybersec,en,answered,PASS,cached,8,0.9945,397,6846,0
1559,Which aspects of data protection are highlighted in the cybersecurity controls for banks?,cybersec,en,answered,ERROR,error,0,,0,122093,0
1560,What layers must the DDoS protection solution provide multi-layered protection against?,general,en,answered,ERROR,error,0,,0,122033,0
1561,How can you remove an unknown device linked to your account?,general,en,answered,PASS,generative,8,0.8989,316,80385,0
1562,ما هي الأنواع المحددة من وسائط التخزين التي يجب حظر استخدامها؟,general,ar,answered,PASS,generative,8,0.2599,332,55845,0
1563,What type of content published on social media accounts must be regularly monitored and reviewed?,general,en,answered,PASS,generative,8,0.9102,548,54677,0
1564,ما هو الهدف الرئيسي من الأدوار والمسؤوليات المتعلقة بالأمن السيبراني المذكورة في الفقرة؟,cybersec,ar,answered,PASS,generative,7,0.8762,478,71614,0
1565,ما هو المطلوب فيما يتعلق بالأمن السيبراني المتعلق بالحوسبة السحابية؟,cybersec,ar,answered,ERROR,error,0,,0,122053,0
1566,What is the task description for validating scan results?,general,en,answered,PASS,generative,8,0.9674,257,45582,0
1567,What is the main aim of the Human Resources Cybersecurity Policy Template?,general,en,answered,PASS,generative,8,0.9973,676,74544,0
1568,ما المخاطر المترتبة على عدم وجود سجل كامل للأصول المادية؟,general,ar,answered,PASS,generative,8,0.0393,235,50704,0
1569,What is the purpose of the secure coding standards mentioned in the passage?,general,en,answered,PASS,generative,8,0.8638,783,63863,0
1570,ما هو التركيز الرئيسي للدليل المقدم من الهيئة الوطنية للأمن السيبراني؟,cybersec,ar,answered,PASS,generative,7,0.1436,326,62670,0
1571,"What must be ensured regarding unattended, lost, and/or stolen devices?",general,en,answered,PASS,generative,7,0.997,236,65982,0
1572,What is the purpose of the Bug Bounty programs as stated by the NCA?,general,en,answered,NOT_FOUND,generative,0,0.1776,76,44070,0
1573,What does the ECC Domain 5 focus on regarding cybersecurity controls?,cybersec,en,answered,PASS,generative,7,0.9859,748,53713,0
1574,What are the roles and responsibilities outlined for government entities in the context of cybersecurity?,cybersec,en,answered,PASS,generative,8,0.9957,796,40331,0
1575,What role is responsible for the implementation and execution of the standard?,general,en,answered,PASS,generative,8,0.9703,521,45592,0
1576,Which HTTP methods are stated to be prohibited in the secure coding practices?,general,en,answered,ERROR,error,0,,0,122065,0
1577,What is the main focus of the cybersecurity controls applicable to banks as outlined by the NCA?,cybersec,en,answered,PASS,cached,7,0.9927,712,31039,0
1578,ما هي المخاطر المترتبة على عدم وجود أو عدم الحفاظ على جرد الأصول؟,general,ar,answered,PASS,generative,8,0.0048,339,77449,0
1579,ما هي الأنظمة التي تنطبق عليها ضوابط الأمن السيبراني لتكنولوجيا التشغيل؟,cybersec,ar,answered,PASS,generative,8,0.7245,369,63996,0
1580,Which entity is responsible for implementing the cybersecurity controls outlined in the passage?,cybersec,en,answered,PASS,cached,8,0.9337,589,5923,0
1581,Which standards are referenced in relation to cybersecurity resilience?,cybersec,en,answered,NOT_FOUND,generative,0,0.5487,76,55748,0
1582,What specific controls are outlined for the cybersecurity of government entities?,general,en,answered,PASS,generative,7,0.9865,720,63830,0
1583,What information must be collected and stored in the asset inventory for each physical asset?,general,en,answered,ERROR,error,0,,0,29277,0
1584,What color highlights should be cleared after edits?,cybersec,en,answered,PASS,generative,8,0.9773,428,43019,0
1585,How do cybersecurity roles contribute to the protection of sensitive information?,cybersec,en,answered,NOT_FOUND,generative,0,0.466,76,49628,0
1586,ما هي المتطلبات الخاصة بنظام بوابة البريد الإلكتروني وفقًا للمعايير المذكورة؟,general,ar,answered,PASS,generative,7,0.0367,458,68490,0
1587,What is required for the correctness of the cybersecurity document?,cybersec,en,answered,PASS,generative,8,0.9525,492,37205,0
1588,What types of events are generated from data transfer to external storage?,cybersec,en,answered,PASS,generative,8,0.9792,325,38836,0
1589,What percentage of the cybersecurity market is attributed to private sector entities?,cybersec,en,answered,PASS,generative,8,0.9934,453,74082,0
1590,What specific requirements are banks expected to adhere to regarding cybersecurity as mentioned in the passage?,cybersec,en,answered,PASS,generative,8,0.897,911,118126,0
1591,ما هي المنهجية المذكورة لإدارة مخاطر الأمن السيبراني في الكيانات الحكومية؟,cybersec,ar,answered,PASS,generative,8,0.8166,524,36898,0
1592,What should be done before publishing services or systems online?,general,en,answered,PASS,generative,8,0.0439,462,73438,0
1593,What is the document classification of the OTCC Methodology and Mapping Annex?,cybersec,en,answered,PASS,generative,8,0.9985,287,57669,0
1594,ما هي الأنظمة المستخدمة في إدارة المفاتيح؟,general,ar,answered,ERROR,error,0,,0,122045,0
1595,What happens to personnel who violate the policy?,general,en,answered,PASS,generative,8,0.7111,366,53573,0
1596,What must personnel undertake before being granted access to the organization's systems?,general,en,answered,PASS,generative,7,0.9945,549,47401,0
1597,What specific cybersecurity control is emphasized for government entities in the passage?,general,en,answered,PASS,generative,8,0.9704,358,59346,0
1598,What should be done to replace the organization name in the document?,general,en,answered,PASS,generative,8,0.9862,435,49258,0
1599,ما الذي يجب على الكيان المرخص الالتزام به فيما يتعلق بالقرارات الصادرة عن الهيئة الوطنية للأمن السيبراني؟,cybersec,ar,answered,PASS,generative,8,0.996,457,80658,0
1600,What is the focus of the cybersecurity controls applicable to banks and financial institutions?,cybersec,en,answered,PASS,generative,8,0.995,684,50718,0
1601,What must be maintained and renewed according to the regulatory framework?,cybersec,en,answered,PASS,generative,8,0.7038,804,65473,0
1602,What is the first step to replace the organization name in the document?,general,en,answered,PASS,cached,8,0.9862,435,10004,0
1603,ما هي الجهة المسؤولة عن تنفيذ الضوابط الأساسية للأمن السيبراني للجهات الحكومية؟,cybersec,ar,answered,ERROR,error,0,,0,122048,0
1604,What is the purpose of the Secure Configuration and Hardening Standard Template?,general,en,answered,ERROR,error,0,,0,122034,0
1605,What does the passage specify about cybersecurity controls for IoT devices?,general,en,answered,ERROR,error,0,,0,122030,0
1606,ما هي الضوابط المحددة التي تم الإشارة إليها في الفقرة للبنوك؟,general,ar,answered,PARTIAL,generative,0,0.131,34,65977,0
1607,ما هو نوع المشاريع التي تنطبق عليها قائمة التحقق لمتطلبات الأمن السيبراني؟,cybersec,ar,answered,PASS,generative,8,0.7884,395,37790,0
1608,من المسؤول عن مراجعة الجدول الزمني للتحديثات؟,cybersec,ar,answered,PASS,generative,7,0.0277,354,37291,0
1609,What must an entity obtain before commencing the provision of critical specialized cybersecurity services?,cybersec,en,answered,ERROR,error,0,,0,122033,0
1610,What type of scan is performed to provide a definitive list of required patches and misconfigurations?,general,en,answered,NOT_FOUND,generative,0,0.312,76,44152,0
1611,Which authority's requirements does this policy align with?,general,en,answered,PASS,generative,7,0.9927,539,55236,0
1612,"What types of services are included in the classification of cybersecurity services, products, and solutions?",cybersec,en,answered,PASS,generative,7,0.9876,775,32939,0
1613,ما هي الجهة المعنية بتنظيم الأمن السيبراني المذكورة في النص؟,general,ar,answered,PASS,generative,8,0.6168,223,42633,0
1614,ما هي الضوابط الأمنية التي يجب أن تتبعها الجهات الحكومية؟,general,ar,answered,PASS,generative,7,0.1229,462,116801,0
1615,What specific actions are suggested for threat hunting according to the passage?,general,en,answered,ERROR,error,0,,0,122043,0
1616,What could happen if alerting is not configured on logging systems?,cybersec,en,answered,ERROR,error,0,,0,122023,0
1617,Which entities are subject to the cybersecurity controls outlined by the NCA?,general,en,answered,PASS,cached,7,0.9976,642,4091,0
1618,What is the significance of Identity and Access Management in the context of cybersecurity for government entities?,general,en,answered,ERROR,error,0,,0,122074,0
1619,What specific email-related threat is highlighted in the passage?,cybersec,en,answered,PASS,generative,8,0.0741,623,70865,0
1620,Which entities are required to apply the cybersecurity controls as per the updated document?,cybersec,en,answered,PASS,generative,8,0.968,547,32127,0
1621,What risks may arise from not implementing standard builds?,general,en,answered,PASS,generative,8,0.9848,271,34877,0
1622,كيف تم إعادة تقييم التغيير الطارئ بعد التنفيذ؟,cybersec,ar,answered,PASS,generative,8,0.4942,187,36078,0
1623,ما هي الجهة التي تشرف على تنفيذ المعايير المذكورة في الوثيقة؟,general,ar,answered,PASS,generative,8,0.0131,237,42201,0
1624,Who must develop and approve the technical security standards for the DBMSs?,general,en,answered,PASS,generative,8,0.987,330,48100,0
1625,What is the purpose of the cybersecurity guidelines mentioned in the passage?,general,en,answered,PASS,generative,8,0.3593,618,53298,0
1626,What is the purpose of the penetration testing policy?,general,en,answered,ERROR,error,0,,0,122054,0
1627,What is the purpose of Honeynets/Honeypots according to the passage?,general,en,answered,NOT_FOUND,generative,0,0.0036,76,45174,0
1628,ما هي المتطلبات التي تتماشى مع سياسة الأمن السيبراني المذكورة؟,general,ar,answered,PASS,generative,8,0.7426,364,44728,0
1629,How often must the cybersecurity function review the standard?,general,en,answered,PASS,generative,8,0.9989,324,33088,0
1630,ما هي الضوابط المحددة للأمن السيبراني للجهات الحكومية؟,general,ar,answered,PASS,generative,8,0.8414,548,34006,0
1631,What is NORA?,general,en,answered,PARTIAL,generative,0,,407,2369,0
1632,ما هي المتطلبات التي يجب الوفاء بها للحصول على الترخيص؟,general,ar,answered,PASS,generative,8,0.922,431,41237,0
1633,What principle must be adhered to in the management of vulnerabilities according to the NCA?,cybersec,en,answered,PASS,generative,6,0.7668,746,30719,0
1634,ما هي التدابير المقترحة لتقييم تأثير التغييرات في اللوائح المتعلقة بالأمن السيبراني؟,cybersec,ar,answered,PARTIAL,generative,0,0.463,34,25470,0
1635,What are the risks associated with improper detection in DDoS protection?,general,en,answered,ERROR,error,0,,0,122053,0
1636,ما هي المستويات التي تحدد مجموعة الضوابط التي يجب تطبيقها لتحقيق الامتثال لوثيقة OTCC؟,cybersec,ar,answered,PASS,generative,8,0.4385,400,36377,0
1637,ما هي التعديلات التي يتم مراقبتها على معلمات السجل الأمني/التدقيق؟,cybersec,ar,answered,PASS,generative,8,0.0018,240,28699,0
1638,ما الذي يجب إزالته بعد ملء النموذج؟,general,ar,answered,PASS,generative,8,0.8755,229,32681,0
1639,What must be communicated to the concerned parties regarding the cybersecurity document?,cybersec,en,answered,PASS,generative,8,0.7111,544,44435,0
1640,What is the first step in the Vulnerability Assessment Procedure Template?,general,en,answered,PASS,generative,8,0.9754,394,34788,0
1641,ما هي المتطلبات المتعلقة بإدارة الثغرات وفقًا للهيئة الوطنية للأمن السيبراني؟,cybersec,ar,answered,PASS,generative,7,0.7058,460,44469,0
1642,ما هي المعايير التي يجب اتباعها لضمان أمان البرمجة في المؤسسات المالية؟,general,ar,answered,PASS,generative,8,0.3441,317,78472,0
1643,ما هي الإجراءات المتبعة لحماية المعلومات الحساسة كما هو موضح في النص؟,general,ar,answered,PASS,generative,7,0.6864,308,40955,0
1644,ما هي المبادئ الأساسية للأمن السيبراني التي تم تسليط الضوء عليها في النص؟,cybersec,ar,answered,PASS,generative,7,0.5226,333,44849,0
1645,What is updated during the remediation of vulnerabilities?,general,en,answered,PASS,generative,8,0.7344,473,31593,0
1646,Who are the intended stakeholders of the cybersecurity controls?,cybersec,en,answered,PASS,generative,6,0.6769,578,36022,0
1647,What must organizations proactively search for regarding unauthorized access?,cybersec,en,answered,PASS,generative,7,0.9982,387,30670,0
1648,Which authority is responsible for the secure coding standards applicable to banks?,general,en,answered,PASS,generative,8,0.9687,601,32439,0
1649,ما هي متطلبات معايير الأمان الأساسية وفقًا للنص؟,general,ar,answered,PASS,generative,8,0.1132,442,36142,0
1650,What must be removed after filling out the penetration testing template?,general,en,answered,PASS,generative,8,0.9958,409,37881,0
1651,ما هي ساما؟,general,ar,answered,PASS,generative,1,0.9368,324,9134,0
1652,What must be developed after the completion of the penetration testing process?,general,en,answered,PASS,generative,8,0.9979,539,41195,0
1653,What is the purpose of the central location mentioned in the passage?,general,en,answered,PASS,generative,8,0.3867,408,39359,0
1654,Which section addresses Identity and Access Management?,cybersec,en,answered,PASS,generative,8,0.8673,774,35930,0
1655,What activities are individuals and non-government agencies licensed to engage in by the NCA?,general,en,answered,PASS,generative,7,0.9919,515,44287,0
1656,What roles and responsibilities are outlined for cybersecurity within government entities?,cybersec,en,answered,PASS,cached,8,0.9957,796,4579,0
1657,ما هي الأصول التي تغطيها هذه السياسة؟,cybersec,ar,answered,PASS,generative,6,0.1068,338,52085,0
1658,Which authority is responsible for the cybersecurity controls mentioned in the report?,cybersec,en,answered,PASS,generative,7,0.916,578,48436,0
1659,What is the maximum time frame within which a licensee must start providing licensed services after the date of license issuance?,cybersec,en,answered,PASS,generative,8,0.8149,472,47174,0
1660,What type of entities are the cybersecurity controls applicable to as mentioned in the passage?,cybersec,en,answered,PASS,cached,7,0.9777,622,4179,0
1661,How often should the review of the Mobile Devices Security Standard be conducted?,general,en,answered,PASS,generative,8,0.9883,412,34949,0
1662,What must be done to all physical and hardware media assets that contained classified data?,general,en,answered,PASS,generative,8,0.9979,602,42459,0
1663,How must penetration testing results be classified?,general,en,answered,PASS,generative,8,0.996,364,122007,0
1664,What specific cybersecurity measures are indicated for government entities in the passage?,general,en,answered,ERROR,error,0,,0,122086,0
1665,What does the OTCC Methodology and Mapping Annex classify as the document sharing indicator?,cybersec,en,answered,PASS,generative,8,0.9962,479,57596,0
1666,What type of entities does the cybersecurity controls apply to?,general,en,answered,PASS,generative,6,0.992,599,34708,0
1667,What should be removed after filling out the template according to the SAMA guidance?,general,en,answered,PASS,generative,8,0.9583,414,44403,0
1668,Is a licensee allowed to share data related to national entities without approval?,cybersec,en,answered,PASS,generative,5,0.9313,789,32315,0
1669,Who should have access to security baseline standard documentation?,general,en,answered,PASS,generative,7,0.9658,454,46151,0
1670,What type of devices do the cybersecurity guidelines specifically address?,general,en,answered,ERROR,error,0,,0,122038,0
1671,What types of entities are subject to the cybersecurity controls outlined in the passage?,cybersec,en,answered,PASS,cached,7,0.9777,622,5602,0
1672,What is the significance of Transport Layer Security (TLS) as mentioned in the passage?,cybersec,en,answered,PASS,generative,8,0.6057,611,35702,0
1673,"What is the purpose of controlling and monitoring users, systems, or workstations involved in penetration testing?",general,en,answered,PASS,generative,7,0.9669,685,36246,0
1674,ما هي المخاطر التي تم تحديدها فيما يتعلق بالأمن السيبراني للبنوك؟,cybersec,ar,answered,ERROR,error,0,,0,122035,0
1675,What is the purpose of using SIEM in cybersecurity operations?,cybersec,en,answered,PASS,generative,7,0.7811,589,67344,0
1676,What should be done if an issue is identified during the scan?,general,en,answered,PASS,generative,8,0.0837,514,38948,0
1677,To which document is the OTCC an extension?,cybersec,en,answered,PASS,generative,8,0.9944,707,38181,0
1678,ما هو الهدف من إنشاء الهيئة الوطنية للأمن السيبراني وفقًا للنص؟,cybersec,ar,answered,PASS,generative,7,0.869,450,37093,0
1679,What must be reviewed and utilized as inputs for the penetration testing exercise?,general,en,answered,PASS,generative,8,0.9982,568,49090,0
1680,ما هي الإجراءات التي يجب أن تُنفذ للإبلاغ عن الثغرات والحوادث السيبرانية المتعلقة بوسائل التواصل الاجتماعي؟,general,ar,answered,PASS,generative,8,0.3094,462,36867,0
1681,What is the document classification of the Guide to Cloud Cybersecurity Controls?,cybersec,en,answered,PASS,generative,8,0.9978,339,71853,0
1682,ما هي العلاقة بين ضوابط OTCC وضوابط ECC؟,cybersec,ar,answered,PASS,generative,8,0.9813,363,44595,0
1683,What must be removed after filling out the Storage Media Security Policy Template?,general,en,answered,PASS,generative,8,0.9982,420,31521,0
1684,What is the requirement for banks regarding the implementation of cybersecurity controls?,general,en,answered,PASS,generative,7,0.9933,707,109924,0
1685,What is the significance of the cybersecurity controls for banks as stated in the document?,cybersec,en,answered,PASS,generative,7,0.9723,652,52819,0
1686,What is the title of the document that provides guidelines for Cloud Service Tenants?,cybersec,en,answered,PASS,generative,8,0.9954,314,62839,0
1687,ما هي الضوابط الأساسية للأمن السيبراني التي تنطبق على البنوك؟,cybersec,ar,answered,PASS,generative,8,0.8799,443,45117,0
1688,What must a DDoS protection solution use for security feeds?,general,en,answered,PASS,generative,8,0.9935,574,31229,0
1689,With which authority's requirements are the requirements in this policy aligned?,general,en,answered,PASS,cached,7,0.9927,539,4531,0
1690,What methodology is mentioned for managing cybersecurity risks in government entities?,cybersec,en,answered,PASS,generative,5,0.9905,647,48140,0
1691,How often must the secure configuration and hardening of databases be reviewed?,general,en,answered,PASS,generative,7,0.9881,427,45165,0
1692,What does the acronym MDM stand for in the context of cybersecurity controls?,general,en,answered,PASS,generative,8,0.9602,433,54131,0
1693,What can result from improperly managed access to the organization’s information and technology assets related to social media?,general,en,answered,PASS,generative,8,0.7198,614,43922,0
1694,What must be done with passwords according to the Identity and Access Management Policy?,general,en,answered,PASS,generative,8,0.973,590,43213,0
1695,What must be documented in the organization's Vulnerability Management Process?,general,en,answered,PASS,generative,7,0.9557,605,35943,0
1696,What is required to be submitted through HASEEN according to the licensee's obligations?,cybersec,en,answered,PASS,generative,8,0.8871,614,49585,0
1697,What specific requirements are outlined for banks in the cybersecurity controls?,cybersec,en,answered,PASS,generative,7,0.9797,858,33995,0
1698,ما هي الإجراءات التي يجب اتخاذها بعد تنفيذ الإجراءات التصحيحية؟,general,ar,answered,PARTIAL,generative,0,0.0082,34,35901,0
1699,Who does the NPMSOC apply to?,general,en,answered,PASS,generative,8,0.9169,449,44634,0
1700,What is the significance of the controls mentioned in the passage for the banking sector?,cybersec,en,answered,NOT_FOUND,generative,0,0.2476,76,35141,0
1701,ما هي الجهة التي تتماشى معها متطلبات سياسة اختبار الاختراق؟,general,ar,answered,PASS,generative,8,0.2275,262,70304,0
1702,What does 'AQIS' stand for in the context of cybersecurity roles?,cybersec,en,answered,NOT_FOUND,generative,0,0.0707,76,47858,0
1703,What must a licensee obtain before publishing any data related to cybersecurity?,cybersec,en,answered,PASS,generative,8,0.3642,520,42449,0
1704,ما هي المخاطر المترتبة على عدم حماية أنظمة المعلومات بشكل صحيح ضد المخاطر السيبرانية المتعلقة بوسائل التواصل الاجتماعي؟,general,ar,answered,PASS,generative,7,0.4133,301,39276,0
1705,ما هي الفئة المستهدفة لإرشادات الأمن السيبراني لإنترنت الأشياء؟,general,ar,answered,PASS,generative,8,0.9116,328,49237,0
1706,Who is the authority responsible for the Guide to Telework Cybersecurity Controls?,general,en,answered,PASS,generative,8,0.9503,577,44905,0
1707,كيف يتم تعريف العلاقة بين الأمن السيبراني وقطاع البنوك في النص؟,cybersec,ar,answered,PASS,generative,8,0.5425,481,121722,0
1708,Who is authorized to publish sensitive information on social media?,general,en,answered,PASS,generative,8,0.7262,380,31102,0
1709,What is the first step to replace '<organization name>' in the document?,general,en,answered,PASS,generative,8,0.9582,391,32733,0
1710,What are the primary cybersecurity controls applicable to government entities as per the passage?,cybersec,en,answered,PASS,cached,8,0.9798,403,4566,0
1711,ما هي المهام المحددة المعينة لموظفي الأمن السيبراني وفقًا للنص؟,cybersec,ar,answered,ERROR,error,0,,0,122078,0
1712,Which aspect of cybersecurity involves the protection of email?,cybersec,en,answered,PASS,generative,8,0.7557,582,108409,0
1713,What specific methodologies must the licensee follow when conducting compliance assessments?,cybersec,en,answered,PASS,generative,5,0.9977,622,40610,0
1714,ما هي المعلومات التي يجب تسجيلها في سجل الأصول لكل أصل معلومات حرج وحساس؟,general,ar,answered,PASS,generative,7,0.7564,437,45257,0
1715,What should be removed after filling out the template according to the guidance box?,general,en,answered,PASS,generative,8,0.9955,341,39829,0
1716,ما هو الهدف من فرض تنسيق موحد لتسجيل الأحداث؟,cybersec,ar,answered,PARTIAL,generative,0,0.0114,34,36040,0
1717,ما هي الجهة المسؤولة عن تنظيم الأمن السيبراني للجهات الحكومية؟,cybersec,ar,answered,PASS,generative,8,0.6953,276,46551,0
1718,ما هي الألوان الأربعة المستخدمة في بروتوكول الإشارة الضوئية؟,general,ar,answered,PASS,generative,7,0.7158,360,30123,0
1719,What policies are addressed in the context of BYOD according to the NCA?,cybersec,en,answered,PASS,generative,8,0.9763,729,49828,0
1720,Who is responsible for the content of the report as stated in the passage?,cybersec,en,answered,PASS,generative,8,0.2023,434,38170,0
1721,ما هي المتطلبات المتعلقة بتسجيل الأحداث السيبرانية وفقًا للهيئة الوطنية للأمن السيبراني؟,cybersec,ar,answered,PASS,generative,7,0.9371,366,37701,0
1722,What should be done after all edits have been made to the template?,general,en,answered,PASS,generative,8,0.9806,454,50287,0
1723,ما هي الإجراءات التي يجب اتخاذها لتأمين حسابات وسائل التواصل الاجتماعي؟,general,ar,answered,ERROR,error,0,,0,122054,0
1724,What is prohibited regarding the disclosure of organization information?,general,en,answered,PASS,generative,8,0.5448,566,41039,0
1725,ما هي الحلول المستخدمة في إدارة الهوية وفقًا لنص الفقرة؟,general,ar,answered,ERROR,error,0,,0,122046,0
1726,What classification and labeling mechanisms are mentioned for cybersecurity?,cybersec,en,answered,PASS,generative,8,0.9527,665,72544,0
1727,What is required for the licensing of cybersecurity service providers according to the National Cybersecurity Authority?,general,en,answered,PASS,generative,8,0.9912,693,31916,0
1728,What procedures must be followed to update secure baselines and configurations?,general,en,answered,PASS,generative,8,0.9959,754,39316,0
1729,ما هي مسؤوليات المتخصصين في عكس هندسة البرمجيات في الأمن السيبراني؟,cybersec,ar,answered,PASS,generative,8,0.9431,367,86217,0
1730,What color indicates the new subdomain added to the OTCC document?,cybersec,en,answered,NOT_FOUND,generative,0,0.0347,76,39737,0
1731,Which entities are required to implement the cybersecurity controls outlined?,general,en,answered,PASS,cached,7,0.9378,579,4435,0
1732,How does the passage define sensitive data or information?,cybersec,en,answered,PASS,generative,4,0.6892,605,43948,0
1733,What will impair the ability of the organization to understand what needs to be protected?,general,en,answered,PASS,generative,8,0.9633,571,35452,0
1734,What aspects should be checked for correctness in a cybersecurity document?,cybersec,en,answered,PASS,generative,8,0.9249,458,35256,0
1735,ما هي الإجراءات التصحيحية التي يتم تنفيذها وفقًا لخطة العمل؟,general,ar,answered,PASS,generative,8,0.0487,317,66211,0
1736,What must be verified if a third party is assigned to conduct penetration testing?,general,en,answered,PASS,generative,6,0.9979,633,56792,0
1737,What are the cybersecurity controls applicable to banks as per the NCA?,cybersec,en,answered,PASS,cached,7,0.9927,712,4354,0
1738,What activities are prohibited in relation to bypassing the organization's protection systems?,general,en,answered,PASS,generative,8,0.9945,433,58012,0
1739,What is the purpose of the cybersecurity controls outlined in the passage?,cybersec,en,answered,PASS,cached,5,0.7212,775,3829,0
1740,ما هي متطلبات السياسة المتعلقة باستخدام الأصول المقبول؟,general,ar,answered,PASS,generative,8,0.0295,488,46752,0
1741,ما هي الأدوار والمسؤوليات المذكورة في سياسة التشفير؟,general,ar,answered,PASS,generative,7,0.1925,369,39069,0
1742,How often should the Storage Media Policy be reviewed?,general,en,answered,PASS,generative,8,0.5032,510,44435,0
1743,ما هي المعايير التي يجب اتباعها وفقًا للنص فيما يتعلق بالتشفير؟,general,ar,answered,PASS,generative,8,0.4989,470,46034,0
1744,What specific services does NCA provide to national entities regarding cybersecurity?,cybersec,en,answered,PASS,generative,7,0.999,750,32040,0
1745,ما هي الشروط اللازمة للمشاركة في برامج مكافأة اكتشاف الثغرات؟,general,ar,answered,ERROR,error,0,,0,17284,0
1746,ما هي نسبة الإنفاق للجهات الحكومية في قطاع الأمن السيبراني؟,cybersec,ar,answered,PASS,generative,8,0.9753,217,63896,0
1747,What roles and responsibilities are outlined for government entities in cybersecurity?,cybersec,en,answered,PASS,generative,8,0.9939,860,38170,0
1748,ما الذي تتناوله إرشادات الأمن السيبراني بشكل محدد؟,general,ar,answered,PASS,generative,8,0.2011,438,45340,0
1749,Which entity issues the cybersecurity controls applicable to banks?,general,en,answered,PASS,generative,8,0.9532,296,34870,0
1750,What type of systems does the cybersecurity regulation specifically address?,general,en,answered,PASS,generative,8,0.8887,675,35291,0
1751,What does the NERC Critical Infrastructure Protection (CIP) version 6 focus on?,cybersec,en,answered,NOT_FOUND,generative,0,0.2549,76,14766,0
1752,What is the document classification of the Guide to Operational Technology Cybersecurity Controls?,cybersec,en,answered,PASS,generative,8,0.9985,246,46805,0
1753,What types of networks must the DDoS protection solution protect?,general,en,answered,PASS,generative,8,0.7816,490,31746,0
1754,ما هي الأحداث الرئيسية التي يجب تسجيلها في تطبيقات المنظمة؟,cybersec,ar,answered,PASS,generative,8,0.8388,402,59386,0
1755,For how long must the licensed entity retain records of cybersecurity services provided?,general,en,answered,PASS,generative,8,0.9987,731,73965,0
1756,What must you do to change your YouTube password?,general,en,answered,NOT_FOUND,generative,0,0.0099,76,54802,0
1757,ما هي الإجراءات التي يجب اتخاذها لضمان الأمن السيبراني عند التعامل مع الجهات الخارجية؟,general,ar,answered,PASS,generative,8,0.1221,587,35760,0
1758,What is the purpose of the cryptography policy mentioned in the passage?,general,en,answered,PASS,generative,6,0.5646,635,51749,0
1759,ما هو اسم الهيئة المسؤولة عن دليل الأمن السيبراني للعمل عن بعد؟,general,ar,answered,PASS,generative,8,0.2359,316,63645,0
1760,What type of entities are the cybersecurity controls for IoT devices applicable to in this passage?,general,en,answered,PASS,generative,8,0.9932,483,81247,0
1761,What is the role of the National Cybersecurity Authority regarding email security regulations for banks?,general,en,answered,PASS,generative,8,0.929,671,49126,0
1762,How often should the cybersecurity business continuity policy be reviewed?,cybersec,en,answered,PASS,generative,8,0.9037,405,42327,0
1763,ما هو الإطار التنظيمي الذي تصدره الهيئة الوطنية للأمن السيبراني؟,cybersec,ar,answered,PASS,generative,7,0.9701,484,64102,0
1764,How often must the evaluation of infrastructure and remote working systems be conducted?,general,en,answered,PASS,generative,8,0.9775,470,55665,0
1765,من يجب عليه الالتزام بهذا الدليل في المنظمة؟,cybersec,ar,answered,PASS,generative,7,0.1272,209,44513,0
1766,"What must be ensured regarding unattended, lost, and/or stolen devices?",general,en,answered,PASS,generative,7,0.997,412,36906,0
1767,What are the specific requirements for obtaining a license in the specialized licensing category?,general,en,answered,PASS,generative,8,0.9795,674,55536,0
1768,What types of solutions are included for detecting and preventing fraud?,general,en,answered,PASS,generative,8,0.7963,635,27996,0
1769,What is the purpose of the licensing framework for cybersecurity services mentioned in the passage?,general,en,answered,PASS,generative,8,0.9637,687,31746,0
1770,كم عدد المجالات الفرعية التي لا تحتوي على ضوابط محددة لبيئات OT/ICS؟,cybersec,ar,answered,PARTIAL,generative,0,0.2276,34,32044,0
1771,Which authority's essential cybersecurity controls are referenced in the passage?,cybersec,en,answered,PASS,generative,8,0.9592,574,52823,0
1772,What is the document classification of the Guide to Telework Cybersecurity Controls?,general,en,answered,PASS,generative,8,0.9992,328,49462,0
1773,ما هي العناصر المضمنة في استراتيجية الدفاع المتعدد المذكورة في المقطع؟,cybersec,ar,answered,PASS,generative,8,0.0039,343,21643,0
1774,ما هي الأنشطة المعنية بإدارة أصحاب المصلحة في هذا المشروع؟,cybersec,ar,answered,PASS,generative,8,0.0311,370,39329,0
1775,What must be identified regarding the systems or applications targeted for testing?,general,en,answered,PASS,generative,7,0.9919,586,43004,0
1776,ما هي الأدوار والمسؤوليات المتعلقة بالأمن السيبراني للجهات الحكومية؟,cybersec,ar,answered,ERROR,error,0,,0,122058,0
1777,What solutions are mentioned for managing access to sensitive information?,cybersec,en,answered,PASS,generative,7,0.2206,374,48651,0
1778,What is the significance of the guidelines mentioned in the passage?,general,en,answered,PASS,generative,8,0.0397,852,120844,0
1779,ما هي الحلول الإدارية المذكورة للتحكم في الوصول إلى المعلومات الحساسة؟,cybersec,ar,answered,PASS,generative,4,0.2069,493,34134,0
1780,What is the primary focus of the cybersecurity controls applicable to banks as stated in the passage?,cybersec,en,answered,PASS,generative,7,0.8049,580,33702,0
1781,ما هي الموارد التي يجب توفيرها لاستيعاب الأنشطة المحددة لتسجيل الأحداث؟,cybersec,ar,answered,PASS,generative,8,0.2825,469,83722,0
1782,ما هي المعايير المستخدمة في تأمين الأجهزة المحمولة حسب الوثيقة؟,cybersec,ar,answered,ERROR,error,0,,0,122056,0
1783,What is the purpose of identifying cybersecurity issues in the context of software management?,cybersec,en,answered,NOT_FOUND,generative,0,0.3325,76,40392,0
1784,ما هي الأدوار والمسؤوليات المتعلقة بالأمن السيبراني التي تنطبق على الكيانات الحكومية وفقًا للهيئة الوطنية للأمن السيبراني؟,cybersec,ar,answered,PASS,generative,8,0.9853,602,29958,0
1785,What are the key responsibilities of the cybersecurity management center outlined in the passage?,cybersec,en,answered,ERROR,error,0,,0,122057,0
1786,Are scans for unauthorized wireless access points limited to areas within facilities?,cybersec,en,answered,PASS,generative,7,0.9993,509,50252,0
1787,ما الذي يجب مراقبته للتحكم في المستخدمين أو الأنظمة المستخدمة في اختبار الاختراق؟,general,ar,answered,PASS,generative,8,0.1509,513,34263,0
1788,كيف يتم تحديد مستوى المنشأة لتطبيق الضوابط؟,cybersec,ar,answered,PASS,generative,8,0.0673,539,51550,0
1789,Which authority issued the Guide to Cloud Cybersecurity Controls for Cloud Service Tenants?,cybersec,en,answered,PASS,generative,8,0.9966,424,114418,0
1790,What types of services are excluded from the specialized licensing category?,general,en,answered,PASS,generative,8,0.886,509,38970,0
1791,What is the significance of the roles and responsibilities outlined for government entities?,cybersec,en,answered,PASS,generative,6,0.931,789,34824,0
1792,What percentage of ownership by citizens is required for an entity requesting a license?,cybersec,en,answered,PASS,generative,6,0.9758,459,36616,0
1793,What type of cybersecurity controls are applicable to government entities?,cybersec,en,answered,PASS,generative,8,0.9945,632,32908,0
1794,What is the main purpose of the essential cybersecurity controls outlined for government entities?,cybersec,en,answered,PASS,generative,6,0.9897,602,40397,0
1795,ما الذي يجب أن يتضمنه نظام التحكم الصناعي والتكنولوجيا التشغيلية؟,cybersec,ar,answered,PASS,generative,6,0.9021,478,35584,0
1796,What color highlights indicate examples that should be removed?,general,en,answered,PASS,generative,7,0.9684,357,29914,0
1797,ما هي المسؤوليات المحددة في قائمة متطلبات الأمن السيبراني لمشاريع تكنولوجيا المعلومات؟,cybersec,ar,answered,PASS,generative,8,0.9674,459,43570,0
1798,What are the risks associated with data handling mentioned in the passage?,general,en,answered,PASS,generative,8,0.0388,458,108347,0
1799,What should be set up to ensure complex passcode configurations?,general,en,answered,PASS,generative,8,0.9656,531,37885,0
1800,ما هي التدابير الأمنية المقترحة لحسابات وسائل التواصل الاجتماعي وفقًا للنص؟,general,ar,answered,PASS,generative,8,0.358,479,42965,0
1801,Who receives regular reporting about vulnerabilities according to the risk management policy?,general,en,answered,PASS,generative,8,0.4904,611,46443,0
1802,ما الهدف من تشجيع الابتكار والاستثمار في قطاع الأمن السيبراني؟,cybersec,ar,answered,PASS,generative,7,0.843,293,64219,0
1803,ما هي الضوابط الأمنية السيبرانية التي يجب أن تتبعها الكيانات الحكومية وفقًا للنص؟,general,ar,answered,ERROR,error,0,,0,122055,0
1804,What is the significance of the cybersecurity awareness program for government entities?,cybersec,en,answered,ERROR,error,0,,0,122016,0
1805,Which components are included in the Defense-in-Depth strategy mentioned in the passage?,cybersec,en,answered,PASS,generative,8,0.0691,522,78040,0
1806,What is the role of the cybersecurity controls mentioned in the passage?,general,en,answered,PASS,generative,7,0.6737,763,111866,0
1807,How many subdomains of the ECC subdomains are identified as OTCC subdomains?,cybersec,en,answered,NOT_FOUND,generative,0,0.6928,76,44015,0
1808,What does the checklist cover regarding cybersecurity controls?,cybersec,en,answered,PASS,generative,7,0.9812,579,30367,0
1809,What is the purpose of conducting integrated tests as mentioned in the passage?,cybersec,en,answered,NOT_FOUND,generative,0,0.0171,76,37825,0
1810,ما هي المخاطر المرتبطة بتثبيت تطبيقات غير مصرح بها على الأجهزة المحمولة؟,general,ar,answered,PASS,generative,8,0.7462,264,45319,0
1811,ما هي المعايير المذكورة في الفقرة المتعلقة بإدارة الأصول؟,cybersec,ar,answered,PASS,generative,8,0.2964,502,35161,0
1812,ما هي العناصر المضمنة في استراتيجية الدفاع المتعدد كما هو مذكور في المقطع؟,cybersec,ar,answered,PASS,generative,8,0.0032,332,17295,0
1813,What types of tests are required during the software development life cycle (SDLC)?,general,en,answered,PASS,generative,7,0.9762,479,29059,0
1814,Which regulatory authority is responsible for the cybersecurity controls applicable to banks?,general,en,answered,PASS,generative,8,0.9919,563,33756,0
1815,ما هي المسؤوليات المحددة للجهات الحكومية في مجال الأمن السيبراني وفقًا للهيئة الوطنية للأمن السيبراني؟,cybersec,ar,answered,PASS,generative,8,0.9509,489,28962,0
1816,What could happen if an organization fails to log specified application-related events?,cybersec,en,answered,PASS,generative,7,0.9984,634,35838,0
1817,What is the primary focus of the cybersecurity controls applicable to government entities?,general,en,answered,PASS,generative,8,0.9862,655,32836,0
1818,ما هي الإجراءات التي يجب اتخاذها لضمان الأمن السيبراني وفقًا للنص؟,cybersec,ar,answered,PASS,generative,8,0.5999,302,35815,0
1819,What cybersecurity controls are applicable to government entities according to the NCA?,general,en,answered,PASS,generative,8,0.9971,787,31119,0
1820,ما هي المسؤوليات المحددة للجهات الحكومية في سياق الأمن السيبراني؟,cybersec,ar,answered,PASS,generative,8,0.8942,530,31480,0
1821,Who is responsible for identifying the business and system owners of assets?,general,en,answered,PASS,generative,8,0.9722,270,35404,0
1822,ما هي الكيانات التي تنطبق عليها الضوابط الأمنية السيبرانية المذكورة في هذا السياق؟,general,ar,answered,PASS,generative,7,0.5209,489,28316,0
1823,What is the purpose of including security testing in the CI/CD processes?,general,en,answered,PASS,generative,8,0.8413,552,113959,0
1824,ما الذي يغطيه الإطار التنظيمي؟,general,ar,answered,ERROR,error,0,,0,122066,0
1825,What types of addresses are mentioned as associated with hardware in the cybersecurity controls?,general,en,answered,PASS,generative,7,0.1633,577,75782,0
1826,Who is the president of the United States?,out_of_scope,en,out_of_scope,PASS,out_of_scope,0,,76,2336,0
1827,How should cybersecurity risks related to personnel be addressed?,general,en,answered,PASS,generative,8,0.988,764,32942,0
1828,What is the objective of protecting information systems and processing facilities?,general,en,answered,PASS,generative,7,0.9986,551,121427,0
1829,ما هو الهدف من خطة استعادة الكوارث كما هو مذكور في اللوائح؟,cybersec,ar,answered,PASS,generative,6,0.0212,213,21155,0
1830,Who is responsible for the implementation and management of the Vulnerability Management Program?,general,en,answered,PASS,generative,8,0.9953,339,32809,0
1831,What are the key elements of threat management mentioned in the passage?,cybersec,en,answered,ERROR,error,0,,0,122044,0
1832,What must the organization prohibit regarding the use of removable media devices?,general,en,answered,PASS,generative,8,0.9872,422,66111,0
1833,How often should the vulnerability assessment be reviewed?,general,en,answered,PASS,generative,7,0.9376,478,50866,0
1834,ما هي المعلومات المطلوبة لتسجيلها في سجل الأصول للبرمجيات؟,general,ar,answered,PASS,generative,7,0.0296,313,43454,0
1835,ما هي السياسات التي يجب على الجهات الحكومية اتباعها وفقًا للفقرة؟,cybersec,ar,answered,PASS,generative,7,0.0691,405,49324,0
1836,ما هي المتطلبات القانونية والتنظيمية المتعلقة باختبار الاختراق؟,general,ar,answered,PASS,generative,8,0.5152,653,34766,0
1837,How often must a new certificate revocation list (CRL) be issued for root certificates?,general,en,answered,NOT_FOUND,generative,0,0.2203,76,42332,0
1838,ما هي العواقب المحتملة لفشل تكوين مساحة تخزين السجلات بشكل كافٍ؟,cybersec,ar,answered,PASS,generative,8,0.031,348,31017,0
1839,What services are not covered by the Specialized - 2 license?,cybersec,en,answered,PASS,generative,7,0.9418,360,39476,0
1840,What must entities comply with when providing licensed services under contractual agreements?,general,en,answered,ERROR,error,0,,0,122038,0
1841,ما هي المخاطر السيبرانية التي يجب أن تتعامل معها البنية التحتية الوطنية الحرجة؟,cybersec,ar,answered,ERROR,error,0,,0,122038,0
1842,What is the Traffic Light Protocol (TLP) classification for the document?,general,en,answered,PASS,generative,7,0.9946,533,50217,0
1843,What are the specific requirements for password management as outlined in the regulations?,general,en,answered,PASS,generative,8,0.8067,701,39644,0
1844,Which entities are primarily focused on in the cybersecurity sector according to the report?,cybersec,en,answered,PASS,generative,8,0.8565,585,45341,0
1845,Which authority is responsible for the cybersecurity regulations mentioned in the passage?,cybersec,en,answered,PASS,generative,7,0.6872,671,41715,0
1846,ما هي أهمية إدارة الوصول المميز كما هو مذكور في النص؟,cybersec,ar,answered,PASS,generative,8,0.0963,514,68379,0
1847,ما هي الجهات التي تنطبق عليها السياسة الوطنية لمراكز عمليات الأمن السيبراني المدارة؟,general,ar,answered,PASS,generative,8,0.4184,340,52368,0
1848,من هو المسؤول عن تقديم التقارير الدورية للإدارة العليا عن الثغرات والمخاطر؟,general,ar,answered,PARTIAL,generative,0,0.0112,34,34236,0
1849,How long must event logs be retained according to the requirements?,cybersec,en,answered,PASS,generative,7,0.996,503,36607,0
1850,How does the passage describe the relationship between cybersecurity controls and government entities?,general,en,answered,PASS,generative,8,0.9102,564,115108,0
1851,Which regulatory authority oversees the implementation of these cybersecurity controls?,cybersec,en,answered,PASS,generative,7,0.9691,515,29925,0
1852,Which OTCC Control ID standards are mentioned in the context of network security management?,cybersec,en,answered,ERROR,error,0,,0,122078,0
1853,Which entities is the OTCC applicable to?,cybersec,en,answered,PASS,generative,7,0.99,515,54170,0
1854,What is the basis for determining the criticality level of a facility with multiple industrial control systems?,cybersec,en,answered,PASS,generative,7,0.8748,802,40511,0
1855,Which types of storage media access must be restricted in alignment with the Asset Management Policy?,general,en,answered,PASS,generative,8,0.9975,520,49430,0
1856,What is the focus of the Cybersecurity Resilience section mentioned in the document?,cybersec,en,answered,ERROR,error,0,,0,122044,0
1857,What specific cybersecurity framework is referenced in the passage?,general,en,answered,PASS,generative,8,0.3558,463,50866,0
1858,What action must be taken to replace the placeholder <organization name> in the document?,cybersec,en,answered,PASS,generative,8,0.946,334,43211,0
1859,What are the standard controls that must be implemented for mobile device security?,general,en,answered,PASS,generative,8,0.9987,838,50393,0
1860,What are the requirements for the management of cybersecurity controls in banks?,cybersec,en,answered,PASS,generative,8,0.9917,680,49129,0
1861,What is the focus of the cybersecurity controls applicable to government entities?,general,en,answered,PASS,generative,8,0.9969,711,64822,0
1862,What cybersecurity program is mentioned in relation to human resources?,cybersec,en,answered,PASS,generative,8,0.7977,504,40136,0
1863,ما هي التدابير الأمنية السيبرانية المحددة التي يُطلب من البنوك تنفيذها وفقًا للهيئة الوطنية للأمن السيبراني؟,cybersec,ar,answered,ERROR,error,0,,0,122041,0
1864,ما هي التدابير المحددة الموصى بها للبنوك لتعزيز وضعها الأمني السيبراني؟,cybersec,ar,answered,PASS,generative,8,0.7614,290,59590,0
1865,ما هي أهمية الضوابط الأمنية السيبرانية المذكورة في النص للبنوك؟,cybersec,ar,answered,PASS,generative,8,0.4724,461,121865,0
1866,"How often must the cybersecurity requirements for backup, retention, and restore be reviewed?",general,en,answered,PASS,generative,7,0.8798,259,60604,0
1867,What language is binding for all matters relating to the meaning or interpretation of the document?,general,en,answered,PASS,generative,7,0.9973,489,43454,0
1868,What must be established for critical systems as part of disaster recovery plans?,cybersec,en,answered,PASS,generative,7,0.9793,320,40393,0
1869,What specific compliance requirements are highlighted for cybersecurity officers?,cybersec,en,answered,PASS,generative,8,0.3493,628,34473,0
1870,Who is responsible for preparing the context of the document?,cybersec,en,answered,PASS,generative,8,0.8901,539,30949,0
1871,What is the significance of Transparent Data Encryption (TDE) as mentioned in the passage?,cybersec,en,answered,PASS,generative,8,0.7558,546,115289,0
1872,How does the document guide the application of cybersecurity standards for government entities?,cybersec,en,answered,PASS,generative,7,0.9573,725,69995,0
1873,What is the document classification of the Operational Technology Cybersecurity Controls Methodology and Mapping Annex?,cybersec,en,answered,PASS,generative,8,0.9995,528,53946,0
1874,What information must be included regarding the issuer name in the X.509 v3 certificate?,general,en,answered,PASS,generative,8,0.9626,379,112012,0
1875,Which management system is mentioned for managing BYOD security?,cybersec,en,answered,PASS,generative,7,0.8987,502,65228,0
1876,What should be avoided in the design of applications according to secure coding standards?,general,en,answered,PASS,generative,8,0.4578,682,41379,0
1877,ما هي الآليات التي يجب تنفيذها على مكونات النظام الطرفي للمعلومات والتكنولوجيا عالية المخاطر؟,cybersec,ar,answered,PASS,generative,8,0.9585,351,68969,0
1878,Which NIST standards are referenced in the OTCC document?,cybersec,en,answered,PASS,generative,8,0.9894,469,53453,0
1879,What is the significance of vulnerabilities management in the context of cybersecurity controls?,cybersec,en,answered,PASS,generative,4,0.9534,676,40759,0
1880,كيف تصف الوثيقة تنفيذ التدابير الأمنية السيبرانية في البنوك؟,cybersec,ar,answered,PASS,generative,8,0.6576,340,50205,0
1881,ما هو التركيز الأساسي للإرشادات المذكورة في الفقرة؟,cybersec,ar,answered,PASS,generative,7,0.0339,442,17995,0
1882,What is the jurisdiction governing the methodology mentioned in the passage?,cybersec,en,answered,PASS,generative,8,0.0573,488,57988,0
1883,What does MDM stand for in the context of this regulation?,general,en,answered,ERROR,error,0,,0,14001,0
1884,Which publication provides guidelines for Industrial Control System (ICS) security?,cybersec,en,answered,PASS,generative,8,0.9429,404,42112,0
1885,What actions do network security solutions take to prevent intrusions?,general,en,answered,ERROR,error,0,,0,122075,0
1886,What responsibilities must government entities comply with when providing services through the (حص) platform?,general,en,answered,ERROR,error,0,,0,122060,0
1887,What specific documents must the license applicant provide to the NCA?,cybersec,en,answered,PASS,generative,8,0.8852,697,100066,0
1888,ما هو الهدف من إصدار المعايير الوطنية للتشفير؟,general,ar,answered,PASS,generative,8,0.8633,455,108486,0
1889,ما هو رمز المرجع للضوابط الأمنية المعمول بها على البنوك؟,general,ar,answered,PARTIAL,generative,0,0.1599,34,117703,0
1890,What is required upon subscription with other providers for vulnerability information?,general,en,answered,PASS,generative,7,0.9875,356,54079,0
1891,What is required for accessing generic accounts according to the email security regulations?,general,en,answered,PASS,generative,8,0.1567,449,31207,0
1892,What does the policy aim to minimize regarding cybersecurity risks?,general,en,answered,PASS,generative,7,0.9903,523,35705,0
1893,ما هي الجهات المعنية بأمن المعلومات كما هو موضح في النص؟,cybersec,ar,answered,PASS,generative,8,0.1418,368,31645,0
1894,How does the passage describe the management of identity in the context of cybersecurity for banks?,general,en,answered,PASS,generative,8,0.9216,692,120337,0
1895,ما هي العناصر التي يجب تعديلها في نموذج سياسة استخدام الأصول المقبولة؟,general,ar,answered,PARTIAL,generative,0,0.0196,34,46068,0
1896,ما هي الأنشطة التي يجب أن تكشف عنها أدوات المراقبة وفقًا للنص؟,cybersec,ar,answered,PASS,generative,7,0.1685,503,77336,0
1897,What is the primary focus of the cybersecurity requirements outlined in the checklist?,cybersec,en,answered,PASS,generative,7,0.1177,694,34087,0
1898,What is the significance of the cybersecurity roles and responsibilities outlined by the NCA?,cybersec,en,answered,PASS,generative,6,0.9974,686,41848,0
1899,What must be contracted before utilizing the services of a cloud service provider?,cybersec,en,answered,ERROR,error,0,,0,122039,0
1900,Which authority's cybersecurity requirements are the requirements in this standard aligned with?,cybersec,en,answered,PASS,generative,8,0.9968,471,108273,0
1901,What could happen if log storage space is not configured with sufficient capacity?,cybersec,en,answered,NOT_FOUND,generative,0,0.0259,76,52181,0
1902,What components are included in the cryptographic controls for banks?,general,en,answered,ERROR,error,0,,0,122042,0
1903,What section outlines the Specialized License Category for cybersecurity services?,cybersec,en,answered,PASS,generative,6,0.9892,459,59547,0
1904,What types of services are covered under third-party and cloud computing cybersecurity?,general,en,answered,PASS,generative,7,0.9637,620,56882,0
1905,How must email addresses for contact purposes on social media accounts be characterized?,general,en,answered,ERROR,error,0,,0,122046,0
1906,What determines the set of controls that must be applied for compliance with the OTCC document?,cybersec,en,answered,PASS,generative,7,0.9995,593,55545,0
1907,What should not exceed the expiration date of the certificate?,general,en,answered,PASS,generative,8,0.7314,564,37313,0
1908,What type of entities does the essential cybersecurity controls guide apply to?,cybersec,en,answered,PASS,generative,8,0.9947,618,52178,0
1909,كم مرة تم ذكر عنوان 'دليل ضوابط الأمن السيبراني للتكنولوجيا التشغيلية' في المقطع؟,cybersec,ar,answered,ERROR,error,0,,0,122040,0
1910,To which entities does the Guide to Cybersecurity Controls for Critical Systems specifically apply?,general,en,answered,PASS,generative,8,0.9978,404,35601,0
1911,What must be done immediately if a cybersecurity incident occurs?,general,en,answered,PASS,generative,7,0.715,434,35195,0
1912,How do the cybersecurity roles contribute to the overall security framework?,cybersec,en,answered,PASS,generative,8,0.6427,793,30830,0
1913,ما هو الغرض من الإرشادات لتطبيق الضوابط الأساسية للأمن السيبراني؟,cybersec,ar,answered,PASS,generative,8,0.9222,344,38062,0
1914,What is the primary focus of the cybersecurity controls mentioned in the passage?,general,en,answered,PASS,generative,7,0.5341,587,32827,0
1915,ما هي الخطوات المطلوبة لإنشاء قوائم للتحكم في الوصول وفقًا للنص؟,cybersec,ar,answered,PASS,generative,8,0.0024,369,38415,0
1916,What type of threats are the cybersecurity controls designed to protect against?,general,en,answered,PASS,generative,6,0.8066,600,47589,0
1917,من هو مالك السياسة وفقًا للمحتوى المقدم؟,general,ar,answered,ERROR,error,0,,0,122141,0
1918,What are the specific cybersecurity requirements for government entities as per the NCA guidelines?,cybersec,en,answered,PASS,generative,6,0.9951,688,35034,0
1919,What is the objective of defining security baseline standards according to the passage?,general,en,answered,PASS,generative,8,0.0166,620,53351,0
1920,What qualification requirements must the entity meet according to NCA instructions?,cybersec,en,answered,PASS,generative,6,0.9314,641,39674,0
1921,How does the passage suggest banks should handle data encryption?,cybersec,en,answered,PASS,generative,8,0.3857,741,45803,0
1922,What does the red color in the TLP protocol signify regarding information sharing?,general,en,answered,PASS,generative,7,0.9623,531,30293,0
1923,هل تشير الفقرة إلى ضوابط الأمن السيبراني للأجهزة الحكومية؟,general,ar,answered,PASS,generative,8,0.4445,295,43764,0
1924,What is the risk implication of enforcing controls for a lower classification of data on highly confidential logs?,cybersec,en,answered,PASS,generative,8,0.9978,634,45680,0
1925,What is the significance of the Certificate Revocation List in cryptographic controls?,general,en,answered,PASS,generative,8,0.7761,648,115618,0
1926,What is the purpose of the cybersecurity assessments mentioned in the passage?,cybersec,en,answered,PASS,generative,8,0.4955,554,33514,0
1927,What does the acronym TLP refer to in the context of this passage?,general,en,answered,PASS,generative,8,0.2988,442,26237,0
1928,What does the regulatory framework cover?,general,en,answered,PASS,generative,8,0.9512,574,41595,0
1929,ما هي السياسات المتعلقة بالأمن السيبراني التي يجب على الكيانات الحكومية تطويرها؟,cybersec,ar,answered,PASS,generative,8,0.304,505,28511,0
1930,What does BYOD stand for in the context of cybersecurity controls?,cybersec,en,answered,PASS,generative,7,0.9898,440,37280,0
1931,What does the passage state about the responsibilities of entities regarding cybersecurity?,cybersec,en,answered,ERROR,error,0,,0,122061,0
1932,Which specific measures are recommended for banks to enhance their cybersecurity posture?,cybersec,en,answered,PASS,generative,7,0.5869,934,31419,0
1933,What is required for all client inputs according to the cybersecurity controls?,general,en,answered,PASS,generative,8,0.3709,424,63880,0
1934,What is the purpose of cybersecurity controls for industrial control systems as mentioned in the passage?,cybersec,en,answered,PASS,generative,8,0.9766,768,48727,0
1935,What type of management is discussed in relation to cybersecurity events?,cybersec,en,answered,PASS,generative,8,0.7474,710,40794,0
1936,كيف يمكنك إزالة جهاز غير معروف من حسابك؟,general,ar,answered,PASS,generative,8,0.4981,239,70258,0
1937,ما هو الهدف الرئيسي من الضوابط المتعلقة بالأمن السيبراني للكيانات الحكومية؟,cybersec,ar,answered,PASS,generative,7,0.9267,443,42260,0
1938,What type of entities does the cybersecurity controls mentioned in the passage apply to?,general,en,answered,PASS,generative,7,0.9813,632,105490,0
1939,How many tables are referenced in the document regarding cybersecurity principles?,cybersec,en,answered,PASS,generative,6,0.2911,324,40391,0
1940,ما هي الأنشطة التي يجب مراقبتها في سجلات الأمان والتدقيق؟,cybersec,ar,answered,PASS,generative,8,0.0532,474,74920,0
1941,ما هو الغرض من ضوابط الأمن السيبراني للبنوك كما هو موصوف في الفقرة؟,general,ar,answered,PASS,generative,6,0.747,299,62929,0
1942,Which entities are required to implement the cybersecurity business continuity policies?,cybersec,en,answered,PASS,generative,8,0.9673,504,31170,0
1943,What is the role of the cybersecurity authority in relation to government entities?,cybersec,en,answered,PASS,generative,8,0.9903,667,29225,0
1944,Which authority's regulations are referenced in the passage regarding cybersecurity controls?,general,en,answered,PASS,generative,8,0.9234,567,51094,0
1945,ما هي الجهة المسؤولة عن تنظيم الأمن السيبراني المذكور في الفقرة؟,general,ar,answered,PASS,generative,7,0.5284,226,43541,0
1946,ما هي المخاطر المترتبة على حذف سجلات الأحداث الأمنية قبل التدقيق؟,cybersec,ar,answered,PASS,generative,8,0.5781,443,35667,0
1947,What is the purpose of the Key Performance Indicators in vulnerability management?,general,en,answered,PASS,generative,8,0.7699,625,41115,0
1948,ما هو تاريخ مراجعة نموذج اختبار الاختراق؟,general,ar,answered,PASS,generative,8,0.1601,329,43765,0
1949,ما الذي يجب إدخاله في المستند بدلاً من <اسم المؤسسة>؟,general,ar,answered,PASS,generative,8,0.3399,318,34607,0
1950,What action should be taken if the vulnerability scan failed during the previous attempt?,general,en,answered,PASS,generative,8,0.9002,528,37892,0
1951,ما هي السياسة التي يجب تطبيقها على جميع محطات العمل والأجهزة المحمولة لضمان التكوين الآمن؟,general,ar,answered,PASS,generative,8,0.8852,476,28918,0
1952,ما هي الكيانات التي يجب أن تتبع إطار التحكم في الأمن السيبراني المذكور في النص؟,cybersec,ar,answered,PASS,generative,7,0.2008,406,33179,0
1953,What is prohibited regarding the use of passwords?,general,en,answered,PASS,generative,8,0.903,372,36217,0
1954,What is the structure of the basic cybersecurity controls according to the NCA?,cybersec,en,answered,PASS,generative,8,0.9252,716,30670,0
1955,ما هي الجهة المسؤولة عن إعداد دليل ضوابط الأمن السيبراني للعمل عن بُعد؟,general,ar,answered,PASS,generative,8,0.5791,311,51568,0
1956,What is the primary aim of the NCA regarding cybersecurity in the Kingdom?,cybersec,en,answered,PASS,generative,7,0.9999,638,41744,0
1957,Which entities are subject to the cybersecurity requirements outlined in the passage?,cybersec,en,answered,PASS,generative,7,0.8095,593,28916,0
1958,What must the licensed entity adhere to regarding local content and localization percentages?,cybersec,en,answered,PASS,generative,8,0.9592,625,47963,0
1959,How does the passage describe the relationship between cybersecurity controls and banking operations?,cybersec,en,answered,PASS,generative,8,0.758,672,68365,0
1960,ما هو الهدف من منع الأجهزة التي تحتوي على برامج غير محدثة من الاتصال بشبكة المنظمة؟,general,ar,answered,ERROR,error,0,,0,122062,0
1961,What is the document classification for the OTCC implementation guide?,cybersec,en,answered,PASS,generative,8,0.9965,280,45756,0
1962,What are you?,identity,en,identity,PASS,identity,0,,267,2049,0
1963,What types of financial documents must be approved prior to submission to the King?,general,en,answered,NOT_FOUND,generative,0,0.0253,76,39605,0
1964,What is required for the integration of security measures in the coding lifecycle?,general,en,answered,PASS,generative,8,0.2428,740,31955,0
1965,What information must be recorded in the asset inventory for software?,general,en,answered,PASS,generative,8,0.9973,678,60524,0
1966,ما هي العناصر التي يجب إزالتها بعد إجراء جميع التعديلات؟,cybersec,ar,answered,PASS,generative,8,0.4431,332,35402,0
1967,What entities does the regulatory framework apply to?,cybersec,en,answered,PASS,generative,8,0.9841,758,35846,0
1968,What is the objective of creating an asset inventory according to the standards?,general,en,answered,PASS,generative,8,0.9963,682,45689,0
1969,ما هي الضوابط الأساسية للأمن السيبراني المتعلقة بـ BYOD؟,cybersec,ar,answered,PASS,generative,8,0.9265,432,34887,0
1970,ماذا يجب على المرخص له الحصول عليه قبل نشر أي بيانات تتعلق بالأمن السيبراني؟,cybersec,ar,answered,PASS,generative,7,0.7644,403,43347,0
1971,Which cybersecurity requirements are aligned with this policy?,cybersec,en,answered,PASS,generative,8,0.9975,564,32766,0
1972,What types of entities are covered by the cybersecurity controls for IoT devices in this passage?,general,en,answered,PASS,generative,8,0.9816,422,73572,0
1973,ما هي المتطلبات الدولية المتعلقة بنظام منع التسلل كما هو مذكور في الفقرة؟,cybersec,ar,answered,PASS,generative,8,0.0162,313,47965,0
1974,What is the role of the GIS in the cybersecurity framework for banks?,cybersec,en,answered,NOT_FOUND,generative,0,0.1914,76,118077,0
1975,ما هي العناصر الأساسية التي يجب تضمينها في خطة الأمن السيبراني؟,cybersec,ar,answered,PASS,generative,8,0.4988,321,55264,0
1976,How can you manage apps and websites linked to your account?,general,en,answered,PASS,generative,8,0.9949,410,66042,0
1977,What does BYOD stand for in the context of cybersecurity?,general,en,answered,PASS,generative,7,0.978,464,58698,0
1978,Which entities are required to comply with the cybersecurity controls outlined by the NCA?,cybersec,en,answered,PASS,generative,7,0.9913,610,35301,0
1979,What type of entities are the cybersecurity controls applicable to in this passage?,general,en,answered,PASS,generative,7,0.9845,578,112483,0
1980,Which entities are mentioned as being responsible for cybersecurity risk management?,general,en,answered,PASS,generative,6,0.9041,646,33551,0
1981,What should be removed after filling out the template?,general,en,answered,PASS,generative,8,0.9945,397,38908,0
1982,ما هي الشهادات الرقمية المذكورة في النص؟,general,ar,answered,PARTIAL,generative,0,0.04,34,110173,0
1983,ما هي العناصر التي تتضمنها المعايير الوطنية للتشفير؟,general,ar,answered,PASS,generative,7,0.3888,617,109353,0
1984,What is the primary focus of the cybersecurity controls mentioned in the passage?,general,en,answered,PASS,generative,7,0.5341,526,32161,0
1985,What should be reviewed according to the secure coding standards?,general,en,answered,PASS,generative,7,0.8758,657,38593,0
1986,Which authority is responsible for the cybersecurity policies applicable to corporate entities?,cybersec,en,answered,PASS,generative,8,0.9913,536,44135,0
1987,What is the objective of retaining event logs?,cybersec,en,answered,PASS,generative,8,0.9958,646,110879,0
1988,ما هي الضوابط الأمنية التي يجب على البنوك الالتزام بها وفقًا للهيئة الوطنية للأمن السيبراني؟,cybersec,ar,answered,ERROR,error,0,,0,122071,0
1989,"What must be ensured regarding unattended, lost, and/or stolen devices?",general,en,answered,PASS,generative,8,0.997,400,53707,0
1990,What is the significance of patch management in the context of cybersecurity for banks?,cybersec,en,answered,PASS,generative,8,0.9493,663,121166,0
1991,Is it permitted to transfer assets off-site without prior permission?,general,en,answered,PASS,generative,8,0.9908,392,30350,0
1992,ما هو الهدف من إدارة المخاطر السيبرانية وفقاً للنص؟,general,ar,answered,PARTIAL,generative,0,0.0454,34,38098,0
1993,ما هي المعلومات التي يجب إبلاغ الهيئة الوطنية للأمن السيبراني بها فوراً عند حدوث تغيير؟,cybersec,ar,answered,PASS,generative,7,0.9178,513,68290,0
1994,What are the requirements for the management of cryptographic keys in banks and financial institutions?,general,en,answered,PASS,generative,8,0.995,662,43472,0
1995,What must be prevented from connecting to the organization's network to avoid unauthorized access?,general,en,answered,ERROR,error,0,,0,122051,0
1996,What type of cooperation is expected from the licensee towards the NCA?,cybersec,en,answered,PASS,generative,8,0.3456,548,80058,0
1997,What is the significance of the cybersecurity controls for government entities as stated in the passage?,general,en,answered,ERROR,error,0,,0,122058,0
1998,What should be monitored during the vulnerability scan?,general,en,answered,PASS,generative,7,0.9696,355,82623,0
1999,What will having no or an incomplete inventory of physical assets impair the ability to understand?,general,en,answered,ERROR,error,0,,0,14684,0
2000,ما هي البنية التحتية الوطنية الحرجة المذكورة في النص؟,cybersec,ar,answered,PASS,generative,6,0.036,463,28161,0
2001,What is the main objective of the database security policy?,general,en,answered,PASS,generative,8,0.9954,699,37838,0
2002,What specific requirements must be met to ensure adequate encryption protection?,general,en,answered,PASS,generative,8,0.5657,884,34912,0
2003,What must be applied to databases during transmission and storage?,general,en,answered,PASS,generative,8,0.9846,583,27386,0
2004,What specific key combination is suggested to replace the organization name in the document?,general,en,answered,PASS,generative,8,0.8681,384,35834,0
2005,What is the purpose of the cybersecurity controls applicable to banks as outlined by the NCA?,general,en,answered,PASS,generative,8,0.9903,665,29238,0
2006,ما هي السياسة التي يجب أن تتماشى معها <اسم المنظمة> عند التخلص من أجهزة التخزين؟,general,ar,answered,PASS,generative,8,0.4653,416,38999,0
2007,ما هي البيانات التي يجب على مقدم الطلب تقديمها للهيئة الوطنية للأمن السيبراني؟,cybersec,ar,answered,PASS,generative,8,0.8986,523,49714,0
2008,What is the importance of the 'MODE_WORLD_WRITABLE' and 'MODE_WORLD_READABLE' settings?,general,en,answered,NOT_FOUND,generative,0,0.0019,76,33918,0
2009,Which control ID is associated with cybersecurity project management standards?,cybersec,en,answered,PASS,generative,8,0.9649,368,55597,0
2010,How often must security baseline standards and secure configurations be reviewed?,general,en,answered,PASS,generative,8,0.9984,614,54712,0
2011,What are the cybersecurity controls applicable to banks as per the NCA?,general,en,answered,PASS,generative,7,0.9967,663,32431,0
2012,What types of information are mentioned as sensitive and require secure disposal?,general,en,answered,PASS,generative,8,0.9194,578,27824,0
2013,What is required before making any changes that affect the ownership of the licensed entity?,general,en,answered,PASS,generative,8,0.9788,382,63508,0
2014,ما هي الضوابط الأمنية المتعلقة بالبنوك وفقًا للهيئة الوطنية للأمن السيبراني؟,cybersec,ar,answered,PASS,generative,8,0.8888,424,117130,0
2015,What is the purpose of the identity and access management regulations?,general,en,answered,PASS,generative,8,0.8877,732,34382,0
2016,Who determines the eligibility of a natural person to provide cybersecurity services in the Kingdom?,cybersec,en,answered,PASS,generative,7,0.9972,384,38795,0
2017,What are the four phases of the Vulnerability Management Process?,general,en,answered,NOT_FOUND,generative,0,0.8272,76,42597,0
2018,ما هي الخدمات والمنتجات التي تشملها تصنيفات الأمن السيبراني في المملكة؟,cybersec,ar,answered,PASS,generative,7,0.9407,559,63281,0
2019,What types of assessments are included in the cybersecurity evaluation services mentioned in the passage?,general,en,answered,PASS,generative,8,0.8116,606,107490,0
2020,What must be investigated based on agreed KPIs?,general,en,answered,PASS,generative,8,0.0118,694,49995,0
2021,What is the National Policy for Managed Security Operations Centers (NPMSOC)?,general,en,answered,PASS,generative,8,0.9979,681,44189,0
2022,ما هي الإجراءات التي يجب اتخاذها عند ظهور رسائل أمان أثناء تصفح الإنترنت؟,general,ar,answered,PASS,generative,8,0.0261,445,42695,0
2023,What is the purpose of synchronizing logs with redundant central time servers?,cybersec,en,answered,PASS,generative,8,0.9714,603,108882,0
2024,ما هي الوثيقة التي تتعلق بالتحكم في الأمن السيبراني للتكنولوجيا التشغيلية؟,cybersec,ar,answered,PASS,generative,8,0.4352,340,44696,0
2025,Which entities are required to implement the cybersecurity awareness program?,cybersec,en,answered,PASS,generative,6,0.9668,543,36940,0
2026,What is required for the logging of application-related events according to the cybersecurity roles and responsibilities?,cybersec,en,answered,PASS,generative,8,0.9611,537,34736,0
2027,ما هي الجهة المسؤولة عن تنفيذ هذه الإرشادات الأمنية؟,cybersec,ar,answered,PASS,generative,8,0.0211,321,42742,0
2028,What must be considered when assigning the appropriate facility level?,cybersec,en,answered,PASS,generative,8,0.9603,640,36010,0
2029,How does the NCA suggest banks should manage cybersecurity vulnerabilities?,cybersec,en,answered,PASS,generative,8,0.9641,644,34830,0
2030,What cybersecurity controls are applicable to banks?,general,en,answered,PASS,generative,6,0.9956,758,50937,0
2031,ما هي الخطوات اللازمة لاستبدال اسم المنظمة في الوثيقة؟,general,ar,answered,PASS,generative,8,0.248,302,37288,0
2032,ما هي المسؤوليات المحددة الموضحة للكيانات الحكومية في إطار الأمن السيبراني؟,cybersec,ar,answered,PASS,generative,8,0.9383,575,115155,0
2033,ما الذي يجب تغييره في الوثيقة قبل الانتهاء من التعديلات؟,general,ar,answered,PASS,generative,8,0.007,364,50706,0
2034,ما هي أهمية أمان طبقة النقل (TLS) كما هو مذكور في الفقرة؟,cybersec,ar,answered,PASS,generative,8,0.0751,235,33470,0
2035,What does the NCA encourage organizations to do regarding controls not required based on their facility level?,cybersec,en,answered,NOT_FOUND,generative,0,0.5925,76,48880,0
2036,ما هي مراحل عملية إدارة الثغرات المذكورة في الوثيقة؟,general,ar,answered,PASS,generative,8,0.018,427,33263,0
2037,What should be taken into consideration when creating the scope of the document?,cybersec,en,answered,PASS,generative,8,0.9688,613,51605,0
2038,What cybersecurity controls are applicable to corporate entities according to the NCA?,cybersec,en,answered,PASS,generative,8,0.9978,792,28747,0
2039,ما هي الجهة المسؤولة عن وضع متطلبات الأمن السيبراني في تطوير البرمجيات للكيانات المالية؟,cybersec,ar,answered,PASS,generative,8,0.7719,488,40758,0
2040,What must the cybersecurity awareness program cover according to the passage?,general,en,answered,PASS,generative,6,0.9726,664,29840,0
2041,ما هي النسبة المئوية للكيانات التي أبلغت عن مستوى عالٍ من الثقة في الضوابط الأمنية السيبرانية؟,cybersec,ar,answered,ERROR,error,0,,0,122028,0
2042,What must be used to convert logs unsupported by the organization's logging system?,cybersec,en,answered,NOT_FOUND,generative,0,0.1994,76,51029,0
2043,ما هي المعايير التي يجب الالتزام بها وفقًا للهيئة الوطنية للأمن السيبراني؟,general,ar,answered,PASS,generative,8,0.6642,469,29883,0
2044,ما هي المسؤوليات المتعلقة بقياس الامتثال للسياسة؟,cybersec,ar,answered,PASS,generative,7,0.0403,313,45681,0
2045,ما هو الهدف الرئيسي من الضوابط الأمنية السيبرانية المطبقة على البنوك كما هو مذكور في الفقرة؟,cybersec,ar,answered,PASS,generative,8,0.6802,403,115724,0
2046,How does the passage describe the role of cybersecurity awareness in government entities?,cybersec,en,answered,PASS,generative,8,0.9686,787,42834,0
2047,ما هي الأدوار والمسؤوليات المتعلقة بالأمن السيبراني للجهات الحكومية؟,cybersec,ar,answered,PASS,generative,8,0.9614,448,33006,0
2048,ما هي الوثائق التي يجب تقييد الوصول إليها؟,general,ar,answered,PASS,generative,7,0.0817,280,50042,0
2049,What type of evidence or documents may the NCA require to verify compliance?,cybersec,en,answered,PASS,generative,8,0.9803,756,31086,0
2050,ما هو العنصر الذي يجب إدراجه في الوثيقة بعد استبدال <اسم المنظمة>؟,general,ar,answered,PASS,generative,8,0.0583,383,47811,0
2051,ما هو الهدف الرئيسي من الضوابط الأمنية السيبرانية المذكورة في الفقرة؟,cybersec,ar,answered,PASS,generative,5,0.3786,447,30018,0
2052,What does the passage refer to regarding cybersecurity controls?,general,en,answered,PASS,generative,8,0.7288,741,39901,0
2053,ما هو البرنامج الذي يجب تقديمه لجميع موظفي <اسم المنظمة> لزيادة مستوى الوعي بالأمن السيبراني؟,general,ar,answered,PASS,generative,8,0.9777,468,34040,0
2054,Who are you?,identity,en,identity,PASS,identity,0,,267,2662,0
2055,What must be configured to prevent denial of service attacks for the logging system?,cybersec,en,answered,PASS,generative,8,0.9964,280,59662,0
2056,What should be done to replace <organization name> in the document?,general,en,answered,PASS,generative,8,0.9931,468,32919,0
2057,What should the content of the cybersecurity document be based on?,cybersec,en,answered,PASS,generative,8,0.9926,437,31068,0
2058,ما هي المتطلبات التي يجب على مقدمي الخدمات الالتزام بها عند تقديم الخدمات للكيانات الوطنية؟,cybersec,ar,answered,ERROR,error,0,,0,122088,0
2059,ما هي الخطوات التي يجب اتباعها لاستبدال اسم المؤسسة في الوثيقة؟,general,ar,answered,PASS,generative,8,0.0619,326,42358,0
2060,ما هي الجهة المسؤولة عن تنظيم أمان البريد الإلكتروني للبنوك؟,general,ar,answered,PARTIAL,generative,0,0.1426,34,117390,0
2061,What is the minimum capital requirement for an entity applying for a license under the General License Category?,cybersec,en,answered,NOT_FOUND,generative,0,0.3576,76,37905,0
2062,ما هي السياسة التي يجب أن تكون متاحة لعملية المسح المعتمد للموارد الحرجة؟,general,ar,answered,PARTIAL,generative,0,0.0019,34,40071,0
2063,What is the version number required for the X.509 v3 certificate?,general,en,answered,PASS,generative,8,0.9429,278,110872,0
2064,What is the significance of cybersecurity compliance in government sectors as per the text?,cybersec,en,answered,PASS,generative,8,0.9426,822,45134,0
2065,What could happen in case of unauthorized access to a mobile device owned by the organization?,general,en,answered,ERROR,error,0,,0,122056,0
2066,ما هو التركيز الرئيسي لمعايير الترميز الآمن المذكورة في الفقرة؟,general,ar,answered,PARTIAL,generative,0,0.0629,34,111032,0
2067,ما هي المعايير المتعلقة بإدارة المشاريع في أنظمة التحكم الصناعية؟,cybersec,ar,answered,PASS,generative,8,0.2617,519,51177,0
2068,ما هي المعلومات التي يجب توفيرها لطرف اختبار الاختراق في اختبار الصندوق الأبيض؟,general,ar,answered,ERROR,error,0,,0,122063,0
2069,من هو المالك القياسي لاختبار الاختراق؟,general,ar,answered,PASS,generative,8,0.0025,187,64568,0
2070,What must be replaced throughout the document?,general,en,answered,PASS,generative,8,0.1997,500,41491,0
2071,What feature must be disabled for official social media accounts according to the standard?,general,en,answered,PASS,generative,8,0.9911,312,110164,0
2072,What must service providers provide to the NCA according to the specified timeframe?,cybersec,en,answered,PASS,generative,7,0.9719,696,107292,0
2073,What does the acronym EDR stand for in the context of this passage?,general,en,answered,PASS,generative,8,0.6417,574,50474,0
2074,What specific requirements are mentioned for the implementation of cybersecurity controls?,cybersec,en,answered,PASS,generative,8,0.9856,880,29892,0
2075,What is the typical implementation method for DDoS Protection as a Service?,general,en,answered,PASS,generative,8,0.9904,584,66338,0
2076,What is the structure of the GOSMACC Implementation guideline?,general,en,answered,PASS,generative,8,0.9757,629,42535,0
2077,What must be updated to the approved version as soon as practical?,general,en,answered,PASS,generative,8,0.9919,445,40785,0
2078,من هو مالك المعيار وفقًا للمقطع؟,general,ar,answered,PARTIAL,generative,0,0.0023,34,37335,0
2079,What is the primary focus of the essential cybersecurity controls implementation mentioned?,cybersec,en,answered,PASS,generative,7,0.9813,543,39849,0
2080,What type of entities are required to follow the cybersecurity roles outlined in the passage?,cybersec,en,answered,PASS,generative,7,0.8671,497,30106,0
2081,ما هي المعايير الوطنية للأمن السيبراني التي يجب اتباعها؟,general,ar,answered,PASS,generative,8,0.8914,418,65254,0
2082,What are the consequences of misconfiguration of a DDoS solution?,general,en,answered,PASS,generative,8,0.9985,538,117162,0
2083,What type of entities does the cybersecurity controls implementation apply to?,cybersec,en,answered,PASS,generative,7,0.981,509,28483,0
2084,How often must the requirements in this policy be reviewed?,general,en,answered,PASS,generative,7,0.914,370,47788,0
2085,What is the purpose of the cybersecurity controls applicable to banks as outlined by the National Cybersecurity Authority?,cybersec,en,answered,PASS,generative,7,0.996,624,119334,0
2086,ما هي الأصول الحرجة التي يتم الوصول إليها من خلال فحص الاعتماد؟,general,ar,answered,PARTIAL,generative,0,0.002,34,33219,0
2087,What measures are outlined for ensuring the security of banking operations?,cybersec,en,answered,PASS,generative,8,0.3001,857,110317,0
2088,ما هي المخاطر التي تهدف الإرشادات إلى حمايتها؟,general,ar,answered,ERROR,error,0,,0,122073,0
2089,How often should the Secure Configuration and Hardening Standard Template be reviewed?,general,en,answered,ERROR,error,0,,0,122060,0
2090,What is the purpose of the cybersecurity controls mentioned in the passage?,cybersec,en,answered,PASS,generative,5,0.7212,771,37646,0
2091,ما هي الضوابط الأمنية السيبرانية التي تنطبق على البنوك؟,general,ar,answered,PASS,generative,7,0.9398,572,40966,0
2092,How does the passage define the role of banks in maintaining cybersecurity?,cybersec,en,answered,ERROR,error,0,,0,122070,0
2093,ما هي البرامج التي تنظمها الهيئة تحت إطار مكافأة الثغرات؟,general,ar,answered,ERROR,error,0,,0,29840,0
2094,Which entities are required to comply with the Secure Data Disposal regulation?,general,en,answered,PASS,generative,6,0.8317,571,36685,0
2095,What year does the report focus on for key economic indicators in the cybersecurity sector?,cybersec,en,answered,PASS,generative,8,0.9928,481,47020,0
2096,What does the passage indicate about the consequences of compromised log integrity?,general,en,answered,PASS,generative,8,0.3083,649,121285,0
2097,Which entities are required to implement these cybersecurity controls?,cybersec,en,answered,PASS,generative,6,0.9608,736,35232,0
2098,What are the conditions under which a digital certificate can be issued?,general,en,answered,PASS,generative,8,0.2498,684,115781,0
2099,What is the purpose of the EDR solution mentioned in the passage?,cybersec,en,answered,PASS,generative,8,0.3263,513,34295,0
2100,ما هي المدة التي يجب مراجعة امتيازات الوصول إلى النسخ الاحتياطية؟,general,ar,answered,PASS,generative,8,0.1156,241,41100,0
2101,What specific responsibilities are assigned to entities in the context of cybersecurity?,cybersec,en,answered,PASS,generative,8,0.9873,713,46390,0
2102,ما هي الفئات التي تشملها هذه السياسة؟,cybersec,ar,answered,PASS,generative,8,0.035,362,48956,0
2103,ما هو الهدف من سياسة إدارة مخاطر الأمن السيبراني؟,cybersec,ar,answered,PASS,generative,8,0.921,420,71482,0
2104,Which entities are the cybersecurity controls applicable to?,general,en,answered,PASS,generative,7,0.9965,619,37806,0
2105,ما هي أهمية إطار الأمن السيبراني المذكور في الفقرة؟,cybersec,ar,answered,PARTIAL,generative,0,0.2579,34,104126,0
2106,Which document outlines the requirements for cybersecurity controls in Saudi Arabia?,general,en,answered,PASS,generative,7,0.9971,680,39907,0
2107,nca ecc controls,cybersec,en,answered,PASS,generative,7,0.9977,620,29145,0
2108,What are the cybersecurity controls applicable to banks as mentioned by the NCA?,general,en,answered,PASS,generative,8,0.9961,724,29384,0
2109,ما هي السياسات المتعلقة بحماية البيانات والمعلومات المذكورة في الفقرة؟,cybersec,ar,answered,PASS,generative,8,0.4029,504,31408,0
2110,What cryptography standards are referenced in the operational technology cybersecurity controls for corporate entities?,cybersec,en,answered,PASS,generative,8,0.9917,532,113579,0
2111,ما هي المتطلبات اللازمة للإصدار الرقمي وفقًا للنص؟,general,ar,answered,PARTIAL,generative,0,0.0709,34,116206,0
2112,Which specific cybersecurity measures are emphasized in the implementation guide?,cybersec,en,answered,PASS,generative,8,0.6453,661,30355,0
2113,ما هو نوع التشفير المذكور في الفقرة؟,cybersec,ar,answered,ERROR,error,0,,0,122066,0
2114,What are the key components of the cybersecurity risk management policies outlined in the passage?,general,en,answered,PASS,generative,7,0.7351,801,56587,0
2115,What action is required to replace '<organization name>' in the document?,general,en,answered,PASS,generative,8,0.9446,337,31177,0
2116,How often should the cybersecurity strategy be reviewed according to the passage?,cybersec,en,answered,PASS,generative,8,0.7713,399,51817,0
2117,What must be replaced with the organization’s full name in the document?,cybersec,en,answered,PASS,generative,8,0.965,449,34033,0
2118,"What is the purpose of the regulatory framework for licensing cybersecurity services, products, and solutions?",general,en,answered,PASS,generative,8,0.9991,738,34624,0
2119,ما هي الكيانات المطلوبة للامتثال للضوابط الأمنية الموصوفة؟,general,ar,answered,PASS,generative,8,0.0073,434,27852,0
2120,How often must restoration testing be conducted for remote work systems' backups?,general,en,answered,PASS,generative,7,0.992,291,65070,0
2121,ما هي المتطلبات التي يجب على المرخص له الالتزام بها بشأن تخزين المعلومات والبيانات؟,cybersec,ar,answered,PASS,generative,7,0.9835,609,75487,0
2122,What is the main focus of the cybersecurity controls for IoT devices?,general,en,answered,PASS,generative,8,0.8867,604,30336,0
2123,What is the document classification of the OTCC Methodology and Mapping Annex?,cybersec,en,answered,PASS,generative,8,0.9985,253,36557,0
2124,ما هي المعايير التي يجب اتباعها في البرمجة الآمنة وفقًا للهيئة الوطنية للأمن السيبراني؟,general,ar,answered,PASS,generative,8,0.7501,513,31051,0
2125,What must a DDoS protection solution guarantee regarding time to mitigation?,general,en,answered,ERROR,error,0,,0,122053,0
2126,What are the procedures for ensuring the protection of information systems mentioned in the passage?,general,en,answered,ERROR,error,0,,0,122074,0
2127,ما هي المعلومات التي يجب عدم عرضها في رسائل الخطأ؟,general,ar,answered,PASS,generative,6,0.0326,213,92328,0
2128,ما هي الجهات التي يغطيها التقرير فيما يتعلق بالتحكم في الأمن السيبراني؟,cybersec,ar,answered,PASS,generative,7,0.8322,327,62642,0
2129,ما هو المبدأ الذي يجب أن يؤخذ بعين الاعتبار أثناء مراجعة وتدقيق الأمن السيبراني؟,cybersec,ar,answered,PASS,generative,7,0.9099,275,29376,0
2130,ما هي المرحلة التي تتضمن إجراء تقييم للثغرات؟,general,ar,answered,PASS,generative,8,0.7695,234,53624,0
2131,Who is responsible for updating the version details of the policy?,general,en,answered,NOT_FOUND,generative,0,0.5941,76,50546,0
2132,ما هي الفوائد التي يمكن أن تحققها الكيانات الوطنية من الخدمات المرخصة من قبل الهيئة؟,cybersec,ar,answered,PARTIAL,generative,0,0.0068,34,32103,0
2133,ما هو الغرض من سياسة الامتثال للتشريعات واللوائح المتعلقة بالأمن السيبراني؟,cybersec,ar,answered,PASS,generative,8,0.3113,515,69598,0
2134,ما هي الجهة التي تصدر الضوابط المتعلقة بالأمن السيبراني للبنوك؟,general,ar,answered,PASS,generative,8,0.815,227,43556,0
2135,What must be prevented from connecting to the organization's network to avoid cyber threats?,general,en,answered,PASS,generative,8,0.9957,501,118229,0
2136,ما هي أهمية ضوابط الأمن السيبراني المذكورة للبنوك؟,cybersec,ar,answered,ERROR,error,0,,0,122084,0
2137,ما هو نطاق قائمة التحقق من متطلبات الأمن السيبراني؟,cybersec,ar,answered,PARTIAL,generative,0,0.1075,34,27578,0
2138,Who must be informed in writing regarding the revocation of the Cybersecurity Department?,cybersec,en,answered,PASS,generative,8,0.9825,284,34383,0
2139,ما هي الأداة المستخدمة لتعريف مستويات الأهمية للمرافق؟,cybersec,ar,answered,PASS,generative,8,0.0127,298,47771,0
2140,What is the main objective of the backup and recovery policy?,general,en,answered,ERROR,error,0,,0,18653,0
2141,ما هي الجوانب التي تشملها إدارة الأمن السيبراني المذكورة في النص؟,cybersec,ar,answered,PASS,generative,8,0.6436,313,44843,0
2142,ما هي البيانات التي تعتبر حساسة وفقاً للهيئة الوطنية للأمن السيبراني؟,cybersec,ar,answered,PASS,generative,5,0.9232,455,60576,0
2143,How many subdomains of the ECC are also OTCC subdomains?,cybersec,en,answered,NOT_FOUND,generative,0,0.7402,76,36805,0
2144,What does the identity and access management regulation cover?,general,en,answered,PASS,generative,8,0.9747,694,44099,0
2145,How often should cybersecurity policies and procedures be reviewed?,cybersec,en,answered,PASS,generative,8,0.9879,470,40140,0
2146,What topics are listed in the table of contents of this passage?,general,en,answered,ERROR,error,0,,0,122064,0
2147,What is the periodic review rate for the cybersecurity policy mentioned in the passage?,general,en,answered,PASS,generative,8,0.7248,308,58057,0
2148,ما هو البروتوكول المستخدم في تصنيف الوثيقة؟,cybersec,ar,answered,PARTIAL,generative,0,0.0058,34,38810,0
2149,"What must be developed regarding the receipt, analysis, and remediation of vulnerabilities?",general,en,answered,PASS,generative,8,0.9948,640,35905,0
2150,كم عدد الجداول المذكورة في الوثيقة المتعلقة بضوابط الأمن السيبراني؟,cybersec,ar,answered,PASS,generative,7,0.4337,183,36025,0
2151,ما هي الشروط التي يجب أن تتضمنها التعاقدات مع المرخص له؟,general,ar,answered,PASS,generative,8,0.8947,279,56854,0
2152,ما هي أنواع الوثائق المتعلقة بالأمن السيبراني المذكورة في الوثيقة؟,cybersec,ar,answered,PARTIAL,generative,0,0.6878,34,105688,0
2153,What is the significance of the term 'juristic person' in the context of these regulations?,general,en,answered,NOT_FOUND,generative,0,0.0256,76,44536,0
2154,ما هو الهدف الرئيسي من دليل تنفيذ الضوابط الأساسية للأمن السيبراني للجهات الحكومية؟,cybersec,ar,answered,PASS,generative,7,0.6741,361,44982,0
2155,What must be defined regarding roles and responsibilities related to business continuity?,cybersec,en,answered,PASS,generative,8,0.9686,533,37706,0
2156,ما هي المتطلبات التي يجب أن تلبيها الكيانات للحصول على الترخيص وفقًا لتعليمات الهيئة؟,cybersec,ar,answered,PASS,generative,8,0.9422,576,54298,0
2157,ما هي الإجراءات المطلوبة إذا تم العثور على مستخدم غير متوافق؟,general,ar,answered,PASS,generative,8,0.0302,304,45009,0
2158,What are the implications of non-compliance with cybersecurity controls for government entities?,general,en,answered,PASS,generative,8,0.7725,683,29320,0
2159,What must be done with penetration testing data according to the Data and Information Protection Policy?,general,en,answered,ERROR,error,0,,0,122069,0
2160,What measures are suggested for the protection of cybersecurity within government entities?,cybersec,en,answered,PASS,generative,8,0.9414,733,68694,0
2161,What are the basic principles for implementing cybersecurity regulations for government entities?,cybersec,en,answered,PASS,generative,8,0.9121,781,45658,0
2162,ما هي المخاطر المحتملة الناتجة عن عدم حماية الأجهزة المحمولة بشكل صحيح ضد المخاطر السيبرانية؟,general,ar,answered,PASS,generative,8,0.4081,310,34324,0
2163,What is the primary focus of the cybersecurity controls mentioned in the passage?,general,en,answered,PASS,generative,7,0.5341,586,36710,0
2164,What segments of entities can a licensee work with at each tier?,cybersec,en,answered,PASS,generative,6,0.9927,564,34351,0
2165,Which entities are required to apply the essential cybersecurity controls mentioned in the passage?,cybersec,en,answered,PASS,generative,7,0.8904,434,65856,0
2166,What is mentioned as a requirement for secure communications in the text?,cybersec,en,answered,PASS,generative,8,0.4723,605,31661,0
2167,Who does the Vulnerability Management Process apply to?,general,en,answered,PASS,generative,8,0.9703,479,32648,0
2168,ما هي الجهة التي تصدر إرشادات الأمن السيبراني لأجهزة إنترنت الأشياء؟,general,ar,answered,PASS,generative,7,0.9578,281,43051,0
2169,What specific regulations are mentioned regarding cybersecurity controls applicable to banks?,general,en,answered,PASS,generative,6,0.9347,706,37204,0
2170,ما هي المسؤوليات المتعلقة بتنفيذ المعايير الخاصة بالأدوات المستخدمة في المراقبة والفحص؟,cybersec,ar,answered,PASS,generative,8,0.96,530,62935,0
2171,ما هي المدة الزمنية التي يجب على الكيان المرخص الاحتفاظ بالسجلات خلالها؟,general,ar,answered,PASS,generative,6,0.9799,263,55821,0
2172,Who should be communicated with regarding any issues during the scan?,general,en,answered,ERROR,error,0,,0,122041,0
2173,ما هي الإجراءات المتعلقة بإجراء اختبار على الشبكة؟,cybersec,ar,answered,PASS,generative,8,0.3631,458,115878,0
2174,ما هي أنواع الضوابط الأمنية السيبرانية المطبقة على البنوك وفقًا للنص؟,cybersec,ar,answered,PASS,generative,8,0.7395,422,114541,0
2175,What can occur if the organization's information systems are not properly protected against cyber risks related to social media?,general,en,answered,PASS,generative,8,0.8444,643,64308,0
2176,ما هي الإجراءات التي تتضمنها خدمات تقييم الأمن السيبراني للجهات الحكومية؟,general,ar,answered,ERROR,error,0,,0,122051,0
2177,What is the first phase of the Vulnerability Assessment Procedure?,general,en,answered,PASS,generative,8,0.9597,325,49281,0
2178,ما هو الهدف من الدليل المذكور في الفقرة؟,cybersec,ar,answered,PASS,generative,8,0.0465,290,108021,0
2179,ما هي الخدمات التي تقدمها الهيئة الوطنية للأمن السيبراني لتقييم الأمن السيبراني؟,general,ar,answered,PASS,generative,7,0.9255,374,51351,0
2180,What is the frequency of the periodical review mentioned in the version control section?,cybersec,en,answered,PASS,generative,7,0.1308,242,117236,0
2181,What is the purpose of defining the scan frequency in the vulnerability management procedure?,general,en,answered,PASS,generative,8,0.9463,628,56707,0
2182,What is the significance of managed services outsourcing mentioned in the passage?,general,en,answered,ERROR,error,0,,0,122080,0
2183,What must be performed regularly to monitor and detect abnormal behavior and anomalies?,cybersec,en,answered,PASS,generative,8,0.9867,373,82903,0
2184,Which entities are subject to the screening or vetting regulations?,general,en,answered,PASS,generative,8,0.4477,749,41331,0
2185,What is prohibited regarding the installation of hardware or applications on the laptop?,general,en,answered,PASS,generative,8,0.9608,404,62487,0
2186,What is the role of the National Cybersecurity Authority in implementing essential cybersecurity controls?,cybersec,en,answered,PASS,generative,7,0.9937,744,43179,0
2187,Which tables are mentioned in the document regarding definitions and abbreviations?,general,en,answered,ERROR,error,0,,0,122039,0
2188,ما هي المخاطر التي تهدف هذه المعايير إلى تقليلها؟,cybersec,ar,answered,PASS,generative,8,0.0653,394,69517,0
2189,What should be prepared regarding the reasons for the document's existence?,cybersec,en,answered,NOT_FOUND,generative,0,0.0188,76,51692,0
2190,Who is required to implement the cybersecurity controls in IT Projects and Change Management?,cybersec,en,answered,PASS,generative,8,0.9965,528,38272,0
2191,ما هي الضوابط الأساسية للأمن السيبراني التي تنطبق على البنوك وفقًا للهيئة الوطنية للأمن السيبراني؟,cybersec,ar,answered,PASS,generative,7,0.9094,499,41079,0
2192,Which entities are eligible for the General - 2 license?,cybersec,en,answered,ERROR,error,0,,0,122029,0
2193,ما هي البيانات التي يجب أن تعالجها الحلول المركزية لتسجيل البيانات؟,cybersec,ar,answered,PASS,generative,8,0.6302,300,48082,0
2194,What are the two tiers issued within the licensing category for cybersecurity services?,cybersec,en,answered,PASS,generative,5,0.9986,534,53708,0
2195,ما هو نوع الإدارة الذي يتم مناقشته فيما يتعلق بالأمن السيبراني في الفقرة؟,cybersec,ar,answered,PASS,generative,8,0.1598,233,46724,0
2196,ما هو الغرض من سياسة استخدام الأصول المقبولة؟,general,ar,answered,PARTIAL,generative,0,0.004,34,42980,0
2197,What is the significance of Multi-Factor Authentication in cybersecurity for banks?,cybersec,en,answered,ERROR,error,0,,0,122051,0
2198,What is the main function of the cybersecurity controls for government entities as described in the passage?,general,en,answered,PASS,generative,6,0.8202,559,43752,0
2199,من يمكن أن يتعرض لإجراءات تأديبية في حال انتهاك هذه السياسة؟,general,ar,answered,PASS,generative,8,0.2041,196,37850,0
2200,What type of management is discussed in relation to cybersecurity in the passage?,cybersec,en,answered,ERROR,error,0,,0,122041,0
2201,What should be done to replace <organization name> in the document?,cybersec,en,answered,PASS,generative,8,0.9724,314,39656,0
2202,ما هو الغرض من نموذج معيار أمان وسائل التواصل الاجتماعي؟,general,ar,answered,PASS,generative,8,0.7575,476,56987,0
2203,How does the NCA define the importance of cybersecurity roles for juristic persons?,cybersec,en,answered,PASS,generative,7,0.7932,660,44510,0
2204,What is the licensee required to provide to the affected entity after a cybersecurity incident?,cybersec,en,answered,PASS,generative,7,0.9956,567,73449,0
2205,Who ensures regular compliance of the organization with the policy?,general,en,answered,PASS,generative,8,0.9761,296,43983,0
2206,ما هو التحكم المرتبط بإدارة الوصول في تكنولوجيا العمليات؟,cybersec,ar,answered,PASS,generative,8,0.1991,396,48901,0
2207,Which authority is responsible for the cybersecurity controls for critical systems?,general,en,answered,PASS,generative,8,0.9922,587,30621,0
2208,Who is responsible for implementing the cybersecurity document?,cybersec,en,answered,PASS,generative,8,0.9749,329,46534,0
2209,كيف يتم تحديد المعايير المتعلقة بالأمن السيبراني في النص؟,general,ar,answered,PASS,generative,8,0.4976,473,96908,0
2210,ما هي المراحل الرئيسية في عملية تطوير وثائق الأمن السيبراني؟,cybersec,ar,answered,PASS,generative,8,0.9874,339,42033,0
2211,What must be highlighted in the report of a failed or incomplete penetration testing exercise?,general,en,answered,PASS,generative,8,0.9979,270,49663,0
2212,How does the Framework aim to enhance the competitiveness of the cybersecurity sector in the Kingdom?,cybersec,en,answered,PASS,generative,8,0.9977,671,37601,0
2213,What is the focus of the cybersecurity controls mentioned in the passage?,general,en,answered,PASS,generative,7,0.3003,670,37970,0
2214,What must be documented regarding the results of cybersecurity audits according to the NCA?,cybersec,en,answered,PASS,generative,8,0.9938,649,63845,0
2215,ما هي المخاطر التي تهدف هذه المعايير إلى تقليلها؟,general,ar,answered,PASS,generative,8,0.0653,468,44600,0
2216,How does the document describe the implementation of cybersecurity measures in banks?,cybersec,en,answered,PASS,generative,7,0.9745,774,38176,0
2217,What should be added to the exception list?,general,en,answered,PASS,generative,7,0.7872,290,53475,0
2218,ما هي المدخلات المطلوبة لتحديث قائمة الاستثناءات؟,general,ar,answered,PASS,generative,7,0.0064,455,56796,0
2219,What is the purpose of the cybersecurity controls applicable to banks as stated by the National Cybersecurity Authority?,cybersec,en,answered,PASS,generative,7,0.9987,618,44530,0
2220,How does the passage describe the relationship between cybersecurity controls and banking operations?,cybersec,en,answered,ERROR,error,0,,0,122069,0
2221,ما هي المعايير التي يجب اتباعها لتجنب ثغرات الحقن SQL؟,general,ar,answered,ERROR,error,0,,0,122072,0
2222,What must be done with third-party assets that do not meet the standard requirements?,general,en,answered,NOT_FOUND,generative,0,0.1403,76,48477,0
2223,ما هي أهمية الأدوار المحددة للأمن السيبراني في الكيانات الحكومية؟,cybersec,ar,answered,PASS,generative,7,0.5197,366,33601,0
2224,Who is responsible for ensuring compliance with the policy?,general,en,answered,PASS,generative,8,0.938,548,37242,0
2225,ما هي خصائص الجدار الحي للشبكات المذكورة في الفقرة؟,general,ar,answered,ERROR,error,0,,0,122047,0
2226,ما هي الأنظمة التي تشملها ضوابط الأمن السيبراني لأنظمة التحكم الصناعية؟,cybersec,ar,answered,PASS,generative,8,0.187,399,56903,0
2227,ما هي الحلول التي تتعلق بالكشف عن نقاط الضعف الأمنية؟,general,ar,answered,PASS,generative,8,0.096,279,66181,0
2228,What is the purpose of the social media security standard according to the NCA?,general,en,answered,PASS,generative,8,0.9985,779,44308,0
2229,ما هي المتطلبات المتعلقة بالأمن السيبراني للموظفين وفقًا للهيئة الوطنية للأمن السيبراني؟,cybersec,ar,answered,ERROR,error,0,,0,8219,0
2230,To whom does the Asset Acceptable Use Policy apply?,general,en,answered,ERROR,error,0,,0,5463,0
2231,Who is responsible for the implementation and execution of the policy?,general,en,answered,ERROR,error,0,,0,5456,0
2232,What must all employees and staff do with files and documents upon work completion?,general,en,answered,ERROR,error,0,,0,5359,0
2233,ما هو اسم الهيئة التي تنتمي إليها هذه الوثيقة؟,cybersec,ar,answered,ERROR,error,0,,0,5262,0
2234,ما هو الإطار المحدد للأمن السيبراني المشار إليه في المقطع؟,general,ar,answered,ERROR,error,0,,0,5349,0
2235,كيف يمكن إدخال شعار المؤسسة في الوثيقة؟,general,ar,answered,ERROR,error,0,,0,5223,0
2236,ما هي الضوابط المتعلقة بالأمن السيبراني التي تنطبق على البنوك وفقًا للمقطع؟,cybersec,ar,answered,ERROR,error,0,,0,5216,0
2237,What should be removed after filling out the template?,general,en,answered,ERROR,error,0,,0,5483,0
2238,ما هي المجالات الرئيسية التي تغطيها إرشادات الأمن السيبراني لخدمات السحابة؟,cybersec,ar,answered,ERROR,error,0,,0,5280,0
2239,What type of entities are the essential cybersecurity controls specifically implemented for in this passage?,cybersec,en,answered,ERROR,error,0,,0,5383,0
2240,Which authority is responsible for the regulatory framework for licensing cybersecurity services in the Kingdom?,cybersec,en,answered,ERROR,error,0,,0,5375,0
2241,ما هو تصنيف الوثيقة لوثيقة منهجية وتخطيط OTCC؟,cybersec,ar,answered,ERROR,error,0,,0,5326,0
2242,ما هي منهجية نشر الحلول لحماية DDoS؟,general,ar,answered,ERROR,error,0,,0,5378,0
2243,What are the main objectives of the Regulatory Framework for Licensing Cybersecurity Services?,cybersec,en,answered,ERROR,error,0,,0,5265,0
2244,ما هي الأحكام العامة التي تتعلق بتنظيم الترخيص؟,cybersec,ar,answered,ERROR,error,0,,0,5483,0
2245,How often should the review of the Cybersecurity Event Logs and Monitoring Management Standard occur?,cybersec,en,answered,ERROR,error,0,,0,5426,0
2246,What should be removed after filling out the template?,general,en,answered,ERROR,error,0,,0,5215,0
2247,What must the entity's website indicate according to the licensing requirements?,cybersec,en,answered,ERROR,error,0,,0,5451,0
2248,ما هي العمليات اللازمة لإدخال الأصول الجديدة في البرنامج؟,general,ar,answered,ERROR,error,0,,0,5543,0
2249,What is the purpose of the Guide to Cloud Cybersecurity Controls for Cloud Service Tenants?,cybersec,en,answered,ERROR,error,0,,0,5469,0
2250,What must be conducted to assess the use of social media management and associated cybersecurity risks?,general,en,answered,ERROR,error,0,,0,5316,0
2251,What must the Cybersecurity Function do regularly according to the passage?,cybersec,en,answered,ERROR,error,0,,0,5632,0
2252,What must be monitored to ensure that the organization is not being impersonated?,general,en,answered,ERROR,error,0,,0,5447,0
2253,Where must the location for hosting and storing organization information be?,general,en,answered,ERROR,error,0,,0,5117,0
2254,What is required for the management of key materials in cybersecurity?,general,en,answered,ERROR,error,0,,0,5424,0
2255,ما هو الهدف من المعايير المتعلقة بهجمات DDoS؟,general,ar,answered,ERROR,error,0,,0,5375,0
2256,Who is responsible for correcting discrepancies found in cybersecurity documents?,cybersec,en,answered,ERROR,error,0,,0,5632,0
2257,What is prohibited regarding the registration of the organization's email address?,general,en,answered,ERROR,error,0,,0,5173,0
2258,What are the requirements for obtaining a Tier I or Tier II license under the Specialized License Category?,cybersec,en,answered,ERROR,error,0,,0,5381,0
2259,ما هي الضوابط السيبرانية المحددة التي تنطبق على البنوك وفقًا للهيئة الوطنية للأمن السيبراني؟,cybersec,ar,answered,ERROR,error,0,,0,5589,0
2260,Who is included in the personnel that the policy applies to?,general,en,answered,ERROR,error,0,,0,5482,0
2261,What does the guide emphasize regarding cybersecurity defense asset management?,cybersec,en,answered,ERROR,error,0,,0,5219,0
2262,What are the potential consequences of improper penetration testing?,general,en,answered,ERROR,error,0,,0,5386,0
2263,What must be verified to ensure that the vulnerability scan does not interfere with other scheduled activities?,general,en,answered,ERROR,error,0,,0,5418,0
2264,ما هي الجهة التي وضعت هذه الضوابط الأمنية؟,general,ar,answered,ERROR,error,0,,0,5286,0
2265,What specific cybersecurity threats are mentioned in the context of licensed service providers?,general,en,answered,ERROR,error,0,,0,5308,0
2266,What is the purpose of the cybersecurity document development procedure?,cybersec,en,answered,ERROR,error,0,,0,5266,0
2267,ما هو العدد الإجمالي للمجالات الفرعية التي لا تحتوي على ضوابط محددة لبيئات OT/ICS؟,cybersec,ar,answered,ERROR,error,0,,0,5354,0
2268,What action should be taken after all edits have been made to the template?,cybersec,en,answered,ERROR,error,0,,0,5262,0
2269,What is the objective of event alerting as stated in the passage?,cybersec,en,answered,ERROR,error,0,,0,5016,0
2270,What role does the head of the cybersecurity function play in the DDoS protection standard?,general,en,answered,ERROR,error,0,,0,5400,0
2271,Which authority is responsible for the guidelines on cybersecurity controls?,cybersec,en,answered,ERROR,error,0,,0,5277,0
2272,What entity does the cybersecurity roles and responsibilities template apply to?,cybersec,en,answered,ERROR,error,0,,0,5413,0
2273,What must happen if there are changes to the regulatory procedures in the organization?,general,en,answered,ERROR,error,0,,0,5455,0
2274,What must be disabled by default on mobile devices?,general,en,answered,ERROR,error,0,,0,5281,0
2275,What should be removed after filling out the template?,general,en,answered,ERROR,error,0,,0,5223,0
2276,What is the purpose of the national standards for encryption for service providers?,general,en,answered,ERROR,error,0,,0,5213,0
2277,ما هي المعلومات التي يجب عدم الوصول إليها دون إذن مسبق؟,general,ar,answered,ERROR,error,0,,0,5452,0
2278,What is the purpose of the updated vulnerability register?,general,en,answered,ERROR,error,0,,0,5254,0
2279,ما هي القيود المفروضة على التطبيقات المحمولة في القطاع المصرفي كما هو موضح في النص؟,general,ar,answered,ERROR,error,0,,0,5344,0
2280,What is the binding language for interpretation of this document?,cybersec,en,answered,ERROR,error,0,,0,5173,0
2281,What is the primary focus of the asset management regulations applicable to banks?,general,en,answered,ERROR,error,0,,0,5209,0
2282,كيف يرتبط مرونة الأمن السيبراني بإدارة استمرارية الأعمال؟,cybersec,ar,answered,ERROR,error,0,,0,5496,0
2283,Who has the right to modify the incident response mechanism?,general,en,answered,ERROR,error,0,,0,5530,0
2284,What is the significance of third-party cybersecurity in corporate settings?,cybersec,en,answered,ERROR,error,0,,0,5131,0
2285,Who is eligible to participate in bug bounty programs according to the regulatory framework?,cybersec,en,answered,ERROR,error,0,,0,5435,0
2286,What should you do if there is an unknown device signed into your account?,general,en,answered,ERROR,error,0,,0,5306,0
2287,ما هي التعليمات المتعلقة بإزالة صناديق الإرشاد بعد ملء النموذج؟,general,ar,answered,ERROR,error,0,,0,5501,0
2288,What is the purpose of the cybersecurity controls mentioned in the passage?,cybersec,en,answered,ERROR,error,0,,0,5443,0
2289,What must be recorded in the asset inventory for each critical and sensitive information asset?,general,en,answered,ERROR,error,0,,0,5528,0
2290,ما هو محظور فيما يتعلق باستخدام البرمجيات غير المصرح بها لأغراض العمل؟,general,ar,answered,ERROR,error,0,,0,5269,0
2291,Which aspects of cybersecurity resilience are mentioned in relation to the Disaster Recovery Plan?,cybersec,en,answered,ERROR,error,0,,0,5406,0
2292,Which regulations govern the approval process for cybersecurity measures in banks?,cybersec,en,answered,ERROR,error,0,,0,5402,0
2293,ما هي الجهة المسؤولة عن تنظيم الأمن السيبراني للبنوك؟,cybersec,ar,answered,ERROR,error,0,,0,5592,0
2294,What is the role of the Cybersecurity Policy Officer?,cybersec,en,answered,ERROR,error,0,,0,5169,0
2295,What is the weather in Riyadh?,out_of_scope,en,out_of_scope,PASS,out_of_scope,0,,76,2110,0
2296,What are the main domains referred to in the cybersecurity controls?,general,en,answered,ERROR,error,0,,0,5247,0
2297,ما هي السياسة التي يجب اتباعها عند جمع وتخزين ونقل وإزالة البيانات؟,general,ar,answered,ERROR,error,0,,0,5401,0
2298,How many sections are outlined in the corporate cybersecurity policies?,cybersec,en,answered,ERROR,error,0,,0,5579,0
2299,ما هي الخطوات اللازمة لتغيير اسم المنظمة في الوثيقة؟,general,ar,answered,ERROR,error,0,,0,5398,0
2300,What are the requirements for changing passwords according to the Password Policy?,general,en,answered,ERROR,error,0,,0,5665,0
2301,What is the purpose of defining the frequency of the vulnerability scan?,general,en,answered,ERROR,error,0,,0,5418,0
2302,ما هو الهدف من الضوابط الأمنية لشبكات الاتصال اللاسلكية؟,general,ar,answered,ERROR,error,0,,0,5287,0
2303,ما هي البرمجيات التي يجب عدم السماح لها بالاتصال بشبكة المؤسسة؟,general,ar,answered,ERROR,error,0,,0,5401,0
2304,What is the requirement for ensuring the quality of the cybersecurity document?,cybersec,en,answered,ERROR,error,0,,0,5539,0
2305,What does TCC stand for in the context of this document?,general,en,answered,ERROR,error,0,,0,5407,0
2306,What must be restricted according to the permissions assigned to applications on mobile devices?,general,en,answered,ERROR,error,0,,0,5466,0
2307,Which standard is referenced for secure coding practices?,cybersec,en,answered,ERROR,error,0,,0,5463,0
2308,ما هو دور التدقيق الداخلي كما هو مذكور في الفقرة؟,cybersec,ar,answered,ERROR,error,0,,0,5301,0
2309,What regulatory order governs the organization of cybersecurity in the Kingdom?,general,en,answered,ERROR,error,0,,0,5565,0
2310,What must be installed on dedicated servers according to the logging systems requirements?,cybersec,en,answered,ERROR,error,0,,0,5409,0
2311,What does the email security regulation state about the responsibilities of banks?,general,en,answered,ERROR,error,0,,0,5417,0
2312,ما هو تاريخ إصدار إطار التنظيم لترخيص خدمات الأمن السيبراني؟,cybersec,ar,answered,ERROR,error,0,,0,5497,0
2313,ما هي الضوابط الأمنية التي يجب أن تتبعها البنوك وفقًا للنص؟,cybersec,ar,answered,ERROR,error,0,,0,5214,0
2314,What can result from not properly protecting information systems against cyber risks related to social media?,general,en,answered,ERROR,error,0,,0,5363,0
2315,Which authority is responsible for the cybersecurity controls outlined in the passage?,cybersec,en,answered,ERROR,error,0,,0,5440,0
2316,What are the requirements for the application of cybersecurity controls in government entities in Saudi Arabia?,general,en,answered,ERROR,error,0,,0,5283,0
2317,What aspects are included in the cybersecurity management mentioned in the passage?,cybersec,en,answered,ERROR,error,0,,0,5293,0
2318,What cybersecurity controls are applicable to operational technology for government entities?,cybersec,en,answered,ERROR,error,0,,0,5086,0
2319,ما هي الجوانب التي تغطيها الضوابط الأمنية السيبرانية المذكورة في النص؟,general,ar,answered,ERROR,error,0,,0,5241,0
2320,What does the passage state about the responsibilities of cybersecurity personnel?,cybersec,en,answered,ERROR,error,0,,0,5302,0
2321,ما هو الهدف من اختبار استعادة النسخ الاحتياطي؟,general,ar,answered,ERROR,error,0,,0,5452,0
2322,ما هو نوع التصفية الذي يتم مناقشته في لوائح أمان البريد الإلكتروني؟,general,ar,answered,ERROR,error,0,,0,5407,0
2323,sme bank account requirements sama,bank_account,en,answered,ERROR,error,0,,0,5224,0
2324,What does the cybersecurity awareness program need to cover according to the passage?,cybersec,en,answered,ERROR,error,0,,0,5178,0
2325,To which entities are the cybersecurity controls for IoT devices applicable?,general,en,answered,ERROR,error,0,,0,5227,0
2326,What is the minimum frequency for the review of the cybersecurity policy?,cybersec,en,answered,ERROR,error,0,,0,5359,0
2327,What must a licensee adhere to according to the provisions of the Framework?,cybersec,en,answered,ERROR,error,0,,0,5269,0
2328,What is the main objective of the Cybersecurity Event Logs and Monitoring Management Standard?,cybersec,en,answered,ERROR,error,0,,0,5239,0
2329,What is the purpose of the standards mentioned in the passage?,general,en,answered,ERROR,error,0,,0,5523,0
2330,ما هو المستوى الذي يجب أن تكون عليه الكوادر العاملة في خدمات الاستجابة للحوادث السيبرانية؟,general,ar,answered,ERROR,error,0,,0,5389,0
2331,ما هي السياسة المعتمدة التي يجب اتباعها للحد من وصول المستخدمين المباشر إلى قواعد البيانات؟,general,ar,answered,ERROR,error,0,,0,5336,0
2332,ما هي المعايير المتعلقة بالأمن السيبراني للجهات الخارجية؟,cybersec,ar,answered,ERROR,error,0,,0,5071,0
2333,To which entities is the Guide to Operational Technology Cybersecurity Controls applicable?,cybersec,en,answered,ERROR,error,0,,0,5552,0
2334,ما هي النسبة المئوية للمنتجات والخدمات الأمنية السيبرانية المقدمة من منطقة الرياض؟,cybersec,ar,answered,ERROR,error,0,,0,5408,0
2335,What specific encryption method is mentioned in the passage for banks?,cybersec,en,answered,ERROR,error,0,,0,5498,0
2336,What should be done with the items highlighted in turquoise?,general,en,answered,ERROR,error,0,,0,5288,0
2337,What are the main components of the cybersecurity policies mentioned in the passage?,cybersec,en,answered,ERROR,error,0,,0,5476,0
2338,What should a national entity do upon suspecting or detecting a cybersecurity incident?,cybersec,en,answered,ERROR,error,0,,0,5309,0
2339,ما هي مكونات إدارة الهوية والوصول في ضوابط الأمن السيبراني؟,cybersec,ar,answered,ERROR,error,0,,0,5258,0
2340,What is required for the issuance of certificates according to the passage?,general,en,answered,ERROR,error,0,,0,5365,0
2341,What is the purpose of the cybersecurity controls mentioned in the passage?,cybersec,en,answered,ERROR,error,0,,0,5507,0
2342,Where must the funds of the NCA and Centers with non-separate budgets be deposited?,general,en,answered,ERROR,error,0,,0,5543,0
2343,ما هي العناصر الرئيسية لإدارة التهديدات المذكورة في الفقرة؟,cybersec,ar,answered,ERROR,error,0,,0,5172,0
2344,Which cybersecurity requirements does this standard align with?,general,en,answered,ERROR,error,0,,0,5454,0
2345,Which authority is responsible for the cybersecurity controls mentioned in the passage?,cybersec,en,answered,ERROR,error,0,,0,5379,0
2346,What is verified to ensure that all assets in scope were scanned successfully?,general,en,answered,ERROR,error,0,,0,5318,0
2347,What must take precedence in case of a discrepancy between the OTCC document and other referenced standards?,cybersec,en,answered,ERROR,error,0,,0,5487,0
2348,What is the significance of the digital certificates mentioned in the passage?,general,en,answered,ERROR,error,0,,0,5088,0
2349,ما هي الخطوات التي يجب اتباعها لتغيير اسم المنظمة في الوثيقة؟,general,ar,answered,ERROR,error,0,,0,5289,0
2350,ما هي الضوابط الأمنية السيبرانية المحددة للكيانات الحكومية في هذا المقطع؟,general,ar,answered,ERROR,error,0,,0,4875,0
2351,What are the key components covered under the licensing regulations for cybersecurity services?,cybersec,en,answered,ERROR,error,0,,0,5437,0
2352,What is the document classification of the Regulatory Framework for Licensing Cybersecurity Services?,cybersec,en,answered,ERROR,error,0,,0,5362,0
2353,What type of entities is the essential cybersecurity controls implementation applicable to?,cybersec,en,answered,ERROR,error,0,,0,5408,0
2354,What is the role of the NCA in relation to cybersecurity controls?,cybersec,en,answered,ERROR,error,0,,0,5272,0
2355,ما هي المدة التي يجب أن يتم فيها مراجعة سجل الأصول من قبل منظمة مستقلة؟,general,ar,answered,ERROR,error,0,,0,5002,0
2356,What is the focus of the cybersecurity controls applicable to operational technology as mentioned in the passage?,cybersec,en,answered,ERROR,error,0,,0,5315,0
2357,ما هي الجهة التي تنتمي إليها النصوص المذكورة في الفقرة؟,general,ar,answered,ERROR,error,0,,0,5329,0
2358,What types of removable media must be defined by the organization?,general,en,answered,ERROR,error,0,,0,5401,0
2359,ما الذي يجب أن يتم إزالته بعد ملء نموذج الوثيقة الأمنية السيبرانية؟,cybersec,ar,answered,ERROR,error,0,,0,5492,0
2360,What is the primary focus of the cybersecurity guidelines mentioned?,general,en,answered,ERROR,error,0,,0,5275,0
2361,ما هي الآثار المترتبة على عدم الامتثال للوائح الأمنية السيبرانية المذكورة في النص؟,general,ar,answered,ERROR,error,0,,0,5165,0
2362,What is the role of a Vulnerability Assessment Specialist according to the passage?,cybersec,en,answered,ERROR,error,0,,0,5297,0
2363,Which entities are the cybersecurity controls applicable to in this context?,general,en,answered,ERROR,error,0,,0,5401,0
2364,How should cybersecurity violations be treated according to the Human Resources Cybersecurity Policy Template?,general,en,answered,ERROR,error,0,,0,5395,0
2365,ما هو العنوان الكامل للإرشادات المذكورة في الفقرة؟,general,ar,answered,ERROR,error,0,,0,5170,0
2366,What must personnel do before accessing cloud-based technology systems?,general,en,answered,ERROR,error,0,,0,5387,0
2367,ما هي الإجراءات التي يجب على البنوك اتباعها في حالة حدوث حوادث أمنية؟,general,ar,answered,ERROR,error,0,,0,5106,0
2368,من هو مالك السياسة وفقًا للنص؟,general,ar,answered,ERROR,error,0,,0,5364,0
2369,What should be removed after filling out the cybersecurity document template?,cybersec,en,answered,ERROR,error,0,,0,5444,0
2370,ما هو نوع الهجمات التي تتناولها إرشادات ساما بشكل محدد؟,general,ar,answered,ERROR,error,0,,0,5422,0
2371,What is the primary focus of the cybersecurity controls applicable to banks as per the NCA?,general,en,answered,ERROR,error,0,,0,5265,0
2372,What components are included in the Defense-in-Depth strategy as per the passage?,cybersec,en,answered,ERROR,error,0,,0,5594,0
2373,ما هي الجهة المسؤولة عن إرشادات الأمن السيبراني لإنترنت الأشياء؟,general,ar,answered,ERROR,error,0,,0,5169,0
2374,What type of entities does the cybersecurity controls policy apply to?,cybersec,en,answered,ERROR,error,0,,0,5335,0
2375,ما هي الجهات الحكومية التي يجب عليها الالتزام بالتحكمات الأمنية السيبرانية المذكورة؟,general,ar,answered,ERROR,error,0,,0,5403,0
2376,What specific responsibilities are outlined for government entities in the cybersecurity framework?,cybersec,en,answered,ERROR,error,0,,0,5230,0
2377,هل يجب إبلاغ الإدارة في حالة فقدان أو سرقة معلومات المنظمة؟,general,ar,answered,ERROR,error,0,,0,5240,0
2378,What is the Traffic Light Protocol (TLP) used for?,general,en,answered,ERROR,error,0,,0,5457,0
2379,Who is responsible for ensuring compliance with the asset management standard?,general,en,answered,ERROR,error,0,,0,5355,0
2380,ما هي أهمية المصادقة متعددة العوامل في سياق ضوابط الأمن السيبراني؟,cybersec,ar,answered,ERROR,error,0,,0,4951,0
2381,What must be implemented in the event of the expiration or termination of the contractual relationship with national entities?,cybersec,en,answered,ERROR,error,0,,0,5615,0
2382,What controls must organizations with L1 classified facilities implement according to the OTCC document?,cybersec,en,answered,ERROR,error,0,,0,5330,0
2383,ما هي الألوان الأربعة المستخدمة في بروتوكول TLP؟,general,ar,answered,ERROR,error,0,,0,5413,0
2384,What is the regulatory framework for licensing cybersecurity services applicable to entities?,general,en,answered,ERROR,error,0,,0,5309,0
2385,What are the types of cybersecurity controls applicable to government entities?,cybersec,en,answered,ERROR,error,0,,0,5589,0
2386,What are the key components of cybersecurity roles and responsibilities for government entities?,cybersec,en,answered,ERROR,error,0,,0,5543,0
2387,What does the passage indicate about the responsibilities of juristic persons in cybersecurity?,general,en,answered,ERROR,error,0,,0,5255,0
2388,كيف يجب إدخال اسم المؤسسة في النموذج؟,general,ar,answered,ERROR,error,0,,0,5419,0
2389,What does the regulation specify regarding user profiles?,general,en,answered,ERROR,error,0,,0,5114,0
2390,How should cybersecurity risks be managed according to the passage?,cybersec,en,answered,ERROR,error,0,,0,5365,0
2391,ما هي المعايير المذكورة في سياق إدارة أمان الشبكة؟,cybersec,ar,answered,ERROR,error,0,,0,5192,0
2392,من هو المسؤول عن مراجعة سياسة النسخ الاحتياطي؟,general,ar,answered,ERROR,error,0,,0,5201,0
2393,What is the significance of the strategic approach to cybersecurity mentioned in the passage?,cybersec,en,answered,ERROR,error,0,,0,5334,0
2394,ما هي الإجراءات التي يمكن أن تتخذ ضد أي انتهاك لهذه السياسة؟,general,ar,answered,ERROR,error,0,,0,5351,0
2395,ما هي المصادر التي يجب استخدامها لتحديثات الثغرات؟,general,ar,answered,ERROR,error,0,,0,5441,0
2396,ما هي الجهات المسؤولة عن تنفيذ الضوابط الأمنية السيبرانية المذكورة في النص؟,cybersec,ar,answered,ERROR,error,0,,0,5264,0
2397,What cybersecurity controls are applicable to banks according to the NCA?,cybersec,en,answered,ERROR,error,0,,0,5287,0
2398,ما هو الهدف الأساسي من تنفيذ ضوابط الأمن السيبراني وفقًا للهيئة الوطنية للأمن السيبراني؟,cybersec,ar,answered,ERROR,error,0,,0,5311,0
2399,ما هي الجهة المسؤولة عن وضع ضوابط الأمن السيبراني المذكورة في النص؟,general,ar,answered,ERROR,error,0,,0,5337,0
2400,Who must authorize and approve the use of monitoring and scanning devices or tools?,cybersec,en,answered,ERROR,error,0,,0,5054,0
2401,Who is responsible for the review and update of the cybersecurity policy?,general,en,answered,ERROR,error,0,,0,5312,0
2402,What measures are suggested for evaluating the impact of changes in cybersecurity regulations?,cybersec,en,answered,ERROR,error,0,,0,5015,0
2403,What must be included in the penetration testing report at a minimum?,general,en,answered,ERROR,error,0,,0,12282,0
2404,What types of cybersecurity controls are mentioned for banks in the passage?,general,en,answered,ERROR,error,0,,0,12252,0
2405,What type of governance is discussed in the passage regarding IoT devices?,general,en,answered,ERROR,error,0,,0,12237,0
2406,ما هي الوثائق المطلوبة لإجراء تدقيقات الأمن السيبراني؟,cybersec,ar,answered,ERROR,error,0,,0,12237,0
2407,What is the objective of recording physical assets owned and managed by the organization?,general,en,answered,ERROR,error,0,,0,12308,0
2408,What must be done to the asset inventory once assets have been purchased?,general,en,answered,ERROR,error,0,,0,12249,0
2409,What are the NCA's responsibilities regarding the national strategy for cybersecurity?,general,en,answered,ERROR,error,0,,0,12217,0
2410,What is the focus of the cybersecurity controls outlined in the document?,general,en,answered,ERROR,error,0,,0,12265,0
2411,How often must security patches for all mobile devices be applied?,general,en,answered,ERROR,error,0,,0,12234,0
2412,What is the main focus of the cybersecurity governance regulations mentioned in the passage?,cybersec,en,answered,PASS,generative,8,0.2932,837,57384,0
2413,ما هي الأطر التي تحددها الهيئة الوطنية للأمن السيبراني لإدارة المخاطر؟,general,ar,answered,PASS,generative,8,0.301,531,22546,0
2414,Which specific authority is mentioned in relation to the cybersecurity controls for government entities?,cybersec,en,answered,PASS,generative,8,0.9601,385,22797,0
2415,ما هي البروتوكولات المستخدمة في مصادقة البريد الإلكتروني المذكورة في النص؟,cybersec,ar,answered,PASS,generative,8,0.1106,407,86405,0
2416,Which authority's guidelines are referenced in the context of cybersecurity controls?,cybersec,en,answered,PASS,generative,7,0.9737,559,74675,0
2417,What actions are to be taken for the design and development of cybersecurity tests?,cybersec,en,answered,PASS,generative,8,0.6954,593,24116,0
2418,What is required for routers to ensure security according to the passage?,general,en,answered,PASS,generative,8,0.0098,870,80572,0
2419,What are the key components of cybersecurity controls for banks as outlined by the NCA?,cybersec,en,answered,PASS,generative,7,0.9736,812,69429,0
2420,What is the context of the text belonging to the National Cybersecurity Authority?,general,en,answered,PASS,generative,7,0.998,702,39764,0
2421,ما هي العناصر الأساسية لاستراتيجية الأمن السيبراني وفقًا للنص؟,cybersec,ar,answered,PASS,generative,8,0.4354,289,59018,0
2422,What is KYC?,general,en,answered,PASS,generative,8,0.6905,617,15508,0
2423,ما هو الدليل الذي يتعلق بأمن أنظمة التحكم الصناعية؟,cybersec,ar,answered,PASS,generative,8,0.2085,260,57291,0
2424,What is the role of the NCA in regulating cybersecurity for banks?,cybersec,en,answered,PASS,generative,6,0.9985,719,26341,0
2425,ما هي أهمية تشفير البيانات الشفاف (TDE) كما هو مذكور في الفقرة؟,cybersec,ar,answered,PASS,generative,8,0.437,435,78776,0
2426,What is the primary focus of the cybersecurity controls applicable to banks as mentioned in the passage?,cybersec,en,answered,PASS,generative,6,0.9526,848,88884,0
2427,Which entities are required to comply with the cybersecurity controls mentioned in the passage?,cybersec,en,answered,PASS,generative,8,0.7514,658,68190,0
2428,What should be included in the review table for the cybersecurity policy?,cybersec,en,answered,PASS,generative,8,0.8239,355,35552,0
2429,How many phases are there in the cybersecurity document development process?,cybersec,en,answered,PASS,generative,8,0.9894,576,46877,0
2430,What jurisdiction governs the methodology outlined in the document?,cybersec,en,answered,PASS,generative,8,0.1059,588,70970,0
2431,What should be done after filling out the vulnerabilities management policy template?,general,en,answered,PASS,generative,8,0.456,688,37311,0
2432,ما هي المعايير التي يجب اتباعها في تطوير البرمجيات وفقًا للنص؟,cybersec,ar,answered,PASS,generative,8,0.2814,337,78041,0
2433,ما هي الإجراءات المطلوبة لتنفيذ السياسات المتعلقة بأمن المعلومات وفقًا للهيئة الوطنية للأمن السيبراني؟,cybersec,ar,answered,PASS,generative,7,0.753,490,27829,0
2434,ما هي الضوابط المتعلقة بالأمن السيبراني التي تنطبق على البنوك وفقًا لإرشادات الهيئة الوطنية للأمن السيبراني؟,cybersec,ar,answered,PASS,generative,7,0.9559,548,21400,0
2435,Who is responsible for updating the version details?,cybersec,en,answered,PASS,generative,8,0.7256,597,37878,0
2436,What should be removed after filling out the database security policy template?,general,en,answered,PASS,generative,8,0.9975,424,21849,0
2437,What is the primary objective of the National Cybersecurity Authority as stated in the passage?,general,en,answered,PASS,generative,8,0.9122,721,74560,0
2438,How should government entities adapt to the evolving cybersecurity landscape according to the NCA?,cybersec,en,answered,PASS,generative,8,0.8626,564,21515,0
2439,What must personnel sign as a prerequisite for accessing cloud-based technology systems?,general,en,answered,PASS,generative,8,0.9948,467,37450,0
2440,What is the purpose of the cybersecurity controls mentioned in the passage?,cybersec,en,answered,PASS,generative,5,0.7212,838,31560,0
2441,what are the SAMA regulations for opening bank accounts for SMEs?,bank_account,en,answered,NOT_FOUND,generative,0,0.991,76,333377,0
2442,What must be implemented to ensure the integrity of data during transmission?,general,en,answered,PASS,generative,8,0.8948,677,88112,0
2443,ما هو الغرض من خطة معالجة المخاطر المذكورة في المقطع؟,cybersec,ar,answered,ERROR,error,0,,0,329995,0
2444,What must be reviewed at least once a year according to the requirements?,general,en,answered,PASS,generative,8,0.9851,618,36298,0
2445,What does the passage state about the compliance requirements for cybersecurity?,general,en,answered,PASS,generative,8,0.6563,668,30272,0
2446,What must an entity submit to the NCA to request the cancellation of a cybersecurity service license?,general,en,answered,PASS,generative,7,0.901,450,25530,0
2447,What elements are included in the cybersecurity controls for BYOD implementation?,cybersec,en,answered,PASS,generative,8,0.9793,627,40567,0
2448,What should be done with the guidance boxes after filling out the template?,general,en,answered,PASS,generative,8,0.9915,325,47966,0
2449,What is the significance of compliance with cybersecurity regulations for banks?,cybersec,en,answered,PASS,generative,8,0.9417,702,30645,0
2450,What challenges must be highlighted in the report for a failed penetration testing exercise?,general,en,answered,PASS,generative,8,0.9952,279,35395,0
2451,What must personnel managing social media accounts understand according to the passage?,general,en,answered,PASS,generative,8,0.879,738,80876,0
2452,ما هي الآليات المذكورة لتصنيف المعلومات في سياق الهجمات الإلكترونية؟,cybersec,ar,answered,PASS,generative,8,0.1074,458,57875,0
2453,Which entity is responsible for the guidelines mentioned in the passage?,cybersec,en,answered,PASS,generative,7,0.0392,551,82727,0
2454,What is the risk implication of not having anti-malware software?,general,en,answered,PASS,generative,8,0.9806,256,47508,0
2455,Which entity is responsible for the regulatory framework for licensing cybersecurity services in the Kingdom?,cybersec,en,answered,PASS,generative,7,0.9913,466,65961,0
2456,ما هي الخطوات التي يجب اتخاذها بعد ملء نموذج أمان الأجهزة المحمولة؟,general,ar,answered,PARTIAL,generative,0,0.4815,34,18698713,0
2457,What is the purpose of the cybersecurity controls mentioned in the passage?,general,en,answered,PASS,generative,6,0.7212,798,30102,0
2458,ما هو التركيز الأساسي للضوابط السيبرانية المطبقة على البنوك وفقًا للهيئة الوطنية للأمن السيبراني؟,general,ar,answered,PASS,generative,7,0.8456,377,37196,0
2459,ما هي الفئات الترخيصية التي يجب على الكيان الحصول عليها قبل بدء تقديم خدمات الأمن السيبراني؟,cybersec,ar,answered,PASS,generative,8,0.9748,343,81650,0
2460,ما هي السياسات المتعلقة بإدارة الأصول المذكورة في الفقرة؟,cybersec,ar,answered,PASS,generative,8,0.0298,506,60323,0
2461,What is the role of cryptography in cybersecurity controls applicable to banks?,cybersec,en,answered,PASS,generative,8,0.9879,648,97090,0
2462,What action is required to replace the placeholder <organization name> in the document?,cybersec,en,answered,PASS,generative,8,0.9533,336,51321,0
2463,What authority governs the cybersecurity standards document mentioned in the passage?,general,en,answered,PASS,generative,7,0.7413,577,70580,0
2464,What is the classification of the document related to cybersecurity controls for critical systems?,general,en,answered,PASS,generative,8,0.9976,443,36558,0
2465,How does the passage suggest banks should manage cybersecurity risks?,cybersec,en,answered,ERROR,error,0,,0,366872,0
2466,ما هي الضوابط الأمنية المتعلقة بالكيانات التجارية وفقًا للهيئة الوطنية للأمن السيبراني؟,general,ar,answered,PASS,generative,7,0.5325,557,39595,0
2467,What is the purpose of the procedure for the development of cybersecurity documents?,cybersec,en,answered,PASS,generative,8,0.9991,661,36457,0
2468,What is the significance of the reference number mentioned in the passage?,cybersec,en,answered,NOT_FOUND,generative,0,0.0665,76,305424,0
2469,What is the importance of evidence in cybersecurity investigations?,cybersec,en,answered,PASS,generative,7,0.6504,678,92473,0
2470,Who are the identified stakeholders in the vulnerability management process?,general,en,answered,PASS,generative,8,0.9851,326,44703,0
2471,What should be verified in the cybersecurity document according to the compliance procedure?,cybersec,en,answered,PASS,generative,8,0.9354,559,43661,0
2472,What does the supporting document provide in the context of cybersecurity?,cybersec,en,answered,PASS,generative,8,0.903,421,38514,0
2473,ما هي الفئات المطلوبة للحصول على ترخيص خدمات الأمن السيبراني وفقًا للمسودة؟,cybersec,ar,answered,PASS,generative,7,0.9669,439,55774,0
2474,Which authority issued the guidelines for Backup and Recovery Management?,cybersec,en,answered,PASS,generative,8,0.9381,603,96214,0
2475,What type of entities does this passage apply to?,general,en,answered,PASS,generative,8,0.537,643,44336,0
2476,What is the recipe for kabsa?,out_of_scope,en,out_of_scope,PASS,out_of_scope,0,,76,2062,0
2477,Which areas must be included in the scans for unauthorized wireless access points?,cybersec,en,answered,PASS,generative,8,0.9923,494,81838,0
2478,ما هي المتطلبات التشريعية والتنظيمية التي يجب أن تستند إليها خطة اختبار الاختراق؟,general,ar,answered,PASS,generative,8,0.6524,254,99914,0
2479,What is the primary context of the cybersecurity controls implementation discussed in the passage?,cybersec,en,answered,PASS,generative,7,0.8275,757,45465,0
2480,ما هي العمليات المطلوبة لتجديد الشهادات الرقمية؟,general,ar,answered,PASS,generative,8,0.0071,244,31002,0
2481,What is the risk implication if no limitations are in place for log settings changes?,cybersec,en,answered,PASS,generative,8,0.997,621,98629,0
2482,What is the purpose of the Cybersecurity Event Logs and Monitoring Management Standard?,cybersec,en,answered,PASS,generative,8,0.9995,660,55300,0
2483,ما هي الوثائق التي يجب أن يتم التواصل بشأنها مع الأطراف المعنية؟,cybersec,ar,answered,PASS,generative,8,0.2492,437,94526,0
2484,What is the purpose of the BYOD regulations mentioned in the passage?,general,en,answered,PASS,generative,8,0.4728,704,99845,0
2485,ما هي الأصول التكنولوجية التي تغطيها هذه السياسة؟,general,ar,answered,PASS,generative,7,0.1161,310,80455,0
2486,ما الذي يجب مراجعته دوريًا للكشف عن السلوك غير الطبيعي؟,cybersec,ar,answered,PASS,generative,8,0.0081,484,223016,0
2487,Where must offline and physical backup media be stored?,general,en,answered,PASS,generative,7,0.9927,547,312527,0
2488,What must be developed prior to the Penetration Testing process?,general,en,answered,PASS,generative,7,0.9986,414,54665,0
2489,What is the focus of the cybersecurity guidelines mentioned in the passage?,general,en,answered,PASS,generative,8,0.1406,630,110172,0
2490,ما هي طرق HTTP التي يُحظر استخدامها وفقًا لممارسات الترميز الآمن؟,general,ar,answered,ERROR,error,0,,0,245670,0
2491,How can you manage the applications that have access to your data?,general,en,answered,ERROR,error,0,,0,16231,0
2492,ما هي الخطوات اللازمة لاستبدال اسم المنظمة في الوثيقة؟,general,ar,answered,ERROR,error,0,,0,16337,0
2493,What does the incident response include according to the passage?,cybersec,en,answered,ERROR,error,0,,0,16260,0
2494,What are the key components of cybersecurity management mentioned in the passage?,cybersec,en,answered,ERROR,error,0,,0,16341,0
2495,What must be blocked according to the Acceptable Use Policy?,general,en,answered,ERROR,error,0,,0,16172,0
2496,What type of management is discussed in the passage?,cybersec,en,answered,ERROR,error,0,,0,16113,0
2497,What is the purpose of the regulatory standard mentioned in the passage?,general,en,answered,ERROR,error,0,,0,15881,0
2498,ما هي الضوابط الأمنية السيبرانية التي يجب أن تتبعها البنوك وفقًا للهيئة الوطنية للأمن السيبراني؟,cybersec,ar,answered,ERROR,error,0,,0,16142,0
2499,What is the main focus of the cybersecurity controls for organizations' social media accounts?,general,en,answered,ERROR,error,0,,0,16004,0
2500,What is the significance of implementing the cybersecurity controls for banks?,general,en,answered,ERROR,error,0,,0,16173,0
2501,What implication arises if security event logs are deleted before an audit?,cybersec,en,answered,ERROR,error,0,,0,16223,0
2502,Which entities does the NCA provide critical cybersecurity services to?,cybersec,en,answered,ERROR,error,0,,0,15642,0
2503,What must be continuously monitored and activated according to the cybersecurity controls?,cybersec,en,answered,ERROR,error,0,,0,16232,0
2504,What must be assessed after changes are introduced to the official organization's social media accounts?,general,en,answered,ERROR,error,0,,0,16205,0
2505,ما هي المتطلبات القانونية والتنظيمية التي يجب أن تلبيها متطلبات الأمن السيبراني للنسخ الاحتياطي؟,general,ar,answered,ERROR,error,0,,0,15790,0
2506,ما هي العناصر الأساسية التي يجب تضمينها في تقرير اختبار الاختراق؟,general,ar,answered,ERROR,error,0,,0,16127,0
2507,ما هي الأنظمة التي يجب أن تتبعها الكيانات لضمان الأمن السيبراني؟,cybersec,ar,answered,ERROR,error,0,,0,16114,0
2508,What is included in the cybersecurity policies and procedures for banks and financial institutions?,general,en,answered,ERROR,error,0,,0,16170,0
2509,ما نوع المرونة التي يتم مناقشتها فيما يتعلق بأجهزة إنترنت الأشياء؟,general,ar,answered,ERROR,error,0,,0,16189,0
2510,What type of institutions does the CSCC Implementation Guidelines specifically apply to?,general,en,answered,ERROR,error,0,,0,16171,0
2511,What does Privileged Access Management aim to regulate according to the passage?,general,en,answered,ERROR,error,0,,0,16113,0
2512,What should be done after filling out the guidance boxes in the template?,general,en,answered,ERROR,error,0,,0,16201,0
2513,ما هي الجهة التي تصدر إرشادات الأمن السيبراني المذكورة في النص؟,general,ar,answered,ERROR,error,0,,0,17832,0
2514,Who is responsible for the decision to revoke a cybersecurity document?,cybersec,en,answered,ERROR,error,0,,0,16384,0
2515,What must a national entity do if it suspects or detects a cybersecurity incident?,cybersec,en,answered,ERROR,error,0,,0,16357,0
2516,What must relevant agencies do in relation to potential cybersecurity threats?,general,en,answered,ERROR,error,0,,0,16140,0
2517,Which authority issued the guidelines for cybersecurity controls in banks?,general,en,answered,ERROR,error,0,,0,16007,0
2518,ما هي العناصر التي يجب أن تحميها حلول الحماية من هجمات DDoS؟,general,ar,answered,ERROR,error,0,,0,15782,0
2519,ما هي الجهة المسؤولة عن تنظيم الأمن السيبراني للبنوك؟,cybersec,ar,answered,ERROR,error,0,,0,15866,0
2520,What is the role of the Resource Governor in the cybersecurity controls?,general,en,answered,ERROR,error,0,,0,16518,0
2521,What must be restricted to appropriate individuals within the organization?,general,en,answered,ERROR,error,0,,0,15965,0
2522,How often should the review of the database security policy occur?,general,en,answered,ERROR,error,0,,0,15924,0
2523,What types of vulnerabilities are mentioned in the regulatory framework?,cybersec,en,answered,ERROR,error,0,,0,16625,0
2524,What are the key components of the cybersecurity framework for banks as outlined in the passage?,cybersec,en,answered,ERROR,error,0,,0,15594,0
2525,What types of employees are included in the cybersecurity awareness programs?,cybersec,en,answered,ERROR,error,0,,0,16162,0
2526,What should be done to replace the organization name in the document?,general,en,answered,ERROR,error,0,,0,16031,0
2527,ما هو الهدف من إرشادات GOSMACC؟,general,ar,answered,ERROR,error,0,,0,16160,0
2528,What is the consequence for banks that do not comply with the cybersecurity regulations?,cybersec,en,answered,ERROR,error,0,,0,16230,0
2529,What is the significance of the 'Quad bl' and 'Solo' mentioned in the context of cybersecurity controls?,general,en,answered,ERROR,error,0,,0,16023,0
2530,ما هي الإجراءات المطلوبة لتقييم المخاطر الأمنية كما هو موضح في النص؟,cybersec,ar,answered,ERROR,error,0,,0,15982,0
2531,What does the Operational Technology Cybersecurity Controls (OTCC) document provide for OT/ICS systems?,cybersec,en,answered,ERROR,error,0,,0,16179,0
2532,Which authority is responsible for the cybersecurity guidelines applicable to banks?,general,en,answered,ERROR,error,0,,0,15662,0
2533,Which authority is responsible for the cybersecurity controls mentioned in the passage?,general,en,answered,ERROR,error,0,,0,16089,0
2534,ما هي الضوابط الأمنية السيبرانية التي تنطبق على البنوك وفقًا للهيئة الوطنية للأمن السيبراني؟,cybersec,ar,answered,ERROR,error,0,,0,16580,0
2535,Which authority issues the guidelines for cybersecurity for Internet of Things devices?,general,en,answered,ERROR,error,0,,0,15818,0
2536,What is the first decision that the NCA must approve according to the passage?,general,en,answered,ERROR,error,0,,0,16067,0
2537,من هو رئيس قسم الأمن السيبراني الذي يتخذ قرار إلغاء المستند؟,cybersec,ar,answered,ERROR,error,0,,0,16234,0
2538,Which section outlines the General License Category requirements?,cybersec,en,answered,ERROR,error,0,,0,15943,0
2539,What may result from performing a gap analysis within existing cybersecurity documentation?,cybersec,en,answered,ERROR,error,0,,0,16048,0
2540,How long must the licensee maintain records of cybersecurity incidents?,cybersec,en,answered,ERROR,error,0,,0,15884,0
2541,ما هي الهيئة المسؤولة عن الأمن السيبراني وفقًا للنص؟,general,ar,answered,ERROR,error,0,,0,16314,0
2542,How does the passage describe the relationship between cybersecurity and risk management?,cybersec,en,answered,ERROR,error,0,,0,16203,0
2543,ما هو الهدف الأساسي للهيئة الوطنية للأمن السيبراني (NCA)؟,cybersec,ar,answered,ERROR,error,0,,0,16304,0
2544,ما هي المراحل الأربع لعملية إدارة الثغرات؟,general,ar,answered,ERROR,error,0,,0,16271,0
2545,هل يمكن للهيئة الوطنية للأمن السيبراني تنظيم ورش عمل ومؤتمرات؟,general,ar,answered,ERROR,error,0,,0,16468,0
2546,ما هي الضوابط الأمنية السيبرانية التي تنطبق على البنوك وفقًا للهيئة الوطنية للأمن السيبراني؟,general,ar,answered,ERROR,error,0,,0,16309,0
2547,What does the passage state about the identification of threats in cybersecurity?,general,en,answered,ERROR,error,0,,0,16084,0
2548,What is required for final signoff after a change is released to production?,cybersec,en,answered,ERROR,error,0,,0,16123,0
2549,What is the purpose of the Vulnerability Assessment Procedure Template?,general,en,answered,ERROR,error,0,,0,16527,0
2550,What is the main focus of the cybersecurity controls applicable to government entities as stated in the passage?,general,en,answered,ERROR,error,0,,0,15783,0
2551,ما هي الخدمات الأساسية التي تقدمها الهيئة للكيانات الوطنية؟,cybersec,ar,answered,ERROR,error,0,,0,16477,0
2552,ما هي الأهداف الرئيسية للاستجابة لحوادث الأمن السيبراني المذكورة؟,cybersec,ar,answered,ERROR,error,0,,0,16206,0
2553,Who is responsible for creating the report repository?,general,en,answered,ERROR,error,0,,0,16007,0
2554,What does the OTCC Methodology and Mapping Annex classify the document as?,cybersec,en,answered,ERROR,error,0,,0,16009,0
2555,What must be preserved for the cryptographic keys used in the issuance of certificates?,general,en,answered,ERROR,error,0,,0,15965,0
2556,What must be done in the event of expiration or termination of the contractual relationship with national entities?,cybersec,en,answered,ERROR,error,0,,0,15539,0
2557,ما هي المدة القصوى لإصدار قائمة إلغاء الشهادات الجديدة؟,general,ar,answered,ERROR,error,0,,0,15924,0
2558,What is the significance of the cybersecurity governance mentioned in the passage?,cybersec,en,answered,ERROR,error,0,,0,15875,0
2559,Which protocols are referenced for secure communications?,general,en,answered,ERROR,error,0,,0,16052,0
2560,ما هي المخاطر التي قد تنجم عن التخلص غير الصحيح من المعدات التقنية؟,general,ar,answered,ERROR,error,0,,0,16291,0
2561,What is the significance of acceptable use policies in cybersecurity for government entities?,general,en,answered,ERROR,error,0,,0,15727,0
2562,ما هي أنواع الحلول التي تتضمنها خدمات الأمن السيبراني وفقًا للإطار التنظيمي؟,cybersec,ar,answered,ERROR,error,0,,0,16310,0
2563,ما هي الأهداف الرئيسية لهذه السياسة المتعلقة بالنسخ الاحتياطي والاستعادة؟,general,ar,answered,ERROR,error,0,,0,16262,0
2564,ماذا يجب على المرخص له تقديمه عند طلب إلغاء الترخيص؟,general,ar,answered,ERROR,error,0,,0,15864,0
2565,What coding standard is specified to be used in secure coding practices?,general,en,answered,ERROR,error,0,,0,15848,0
2566,ما الذي يجب على الموظفين الالتزام به بعد انتهاء العقد؟,general,ar,answered,ERROR,error,0,,0,16359,0
2567,What is the role of the Cybersecurity Compliance Officer as mentioned in the passage?,cybersec,en,answered,ERROR,error,0,,0,16138,0
2568,What is the primary subject of the cybersecurity guidelines outlined in the passage?,general,en,answered,ERROR,error,0,,0,16199,0
2569,What should be done to replace <organization name> in the document?,general,en,answered,ERROR,error,0,,0,15624,0
2570,What is the periodic review rate for the Asset Acceptable Use Policy?,general,en,answered,ERROR,error,0,,0,15768,0
2571,ما هو التركيز الرئيسي للضوابط الأمنية المذكورة في الفقرة؟,cybersec,ar,answered,PASS,generative,8,0.01,475,100116,0
2572,Which authority published the Guide to Organizations’ Social Media Accounts Cybersecurity Controls?,general,en,answered,PASS,generative,8,0.9752,492,109719,0
2573,How was the change monitored after implementation?,cybersec,en,answered,PASS,generative,8,0.8272,587,103062,0
2574,What type of entities does the cybersecurity control apply to?,general,en,answered,PASS,generative,8,0.9863,572,50442,0
2575,What type of filtering is discussed in the email security regulations?,general,en,answered,PASS,generative,8,0.3408,408,111642,0
2576,Which entities are specifically mentioned as being subject to these cybersecurity controls?,general,en,answered,PASS,generative,6,0.8019,586,46841,0
2577,What does the acronym SR refer to in the context of cybersecurity controls?,cybersec,en,answered,ERROR,error,0,,0,366153,0
2578,ما هي الكيانات التي تنطبق عليها سياسة ضوابط الأمن السيبراني؟,cybersec,ar,answered,PASS,generative,8,0.3491,371,234220,0
2579,ما هي الأجهزة التي تتعلق بها هذه السياسات الأمنية؟,general,ar,answered,PASS,generative,7,0.0524,319,119741,0
2580,ما هي المخاطر الناتجة عن عدم التعرف على الأحداث الأمنية والحوادث؟,cybersec,ar,answered,ERROR,error,0,,0,366160,0
2581,How does the passage suggest that government entities should approach cybersecurity?,cybersec,en,answered,ERROR,error,0,,0,366117,0
2582,What is the purpose of the Management Cybersecurity Compliance Governance?,cybersec,en,answered,ERROR,error,0,,0,366115,0
2583,What cybersecurity standards are applicable to third-party entities according to the OTCC Methodology?,cybersec,en,answered,PASS,generative,8,0.9744,426,232418,0
2584,What is required for the onboarding of new assets in the vulnerability management program?,general,en,answered,PASS,generative,8,0.977,270,108694,0
2585,What are the mandatory elements that every cybersecurity document should include?,cybersec,en,answered,PASS,generative,8,0.9928,443,63379,0
2586,What are the two categories of licenses mentioned in the regulatory framework?,cybersec,en,answered,PASS,generative,8,0.9123,411,101745,0
2587,What action should be taken to replace the organization name in the document?,cybersec,en,answered,PASS,generative,8,0.8663,329,91414,0
2588,ما هي الجهة المسؤولة عن تنظيم التشريعات واللوائح المتعلقة بالأمن السيبراني في البنوك؟,cybersec,ar,answered,PASS,generative,8,0.6444,276,234368,0
2589,What is the purpose of the Storage Media Policy Template?,general,en,answered,PASS,generative,8,0.9991,766,65881,0
2590,ما هو التركيز الرئيسي لإرشادات الأمن السيبراني المذكورة في الفقرة؟,general,ar,answered,PASS,generative,8,0.2941,360,109257,0
2591,What specific management processes are mentioned for industrial control systems and operational technology?,cybersec,en,answered,PASS,generative,8,0.9237,738,56464,0
2592,What should be removed after filling out the template?,general,en,answered,PASS,generative,8,0.9945,398,194912,0
2593,ما الذي يجب تجنبه عند مشاركة كلمات المرور؟,general,ar,answered,PARTIAL,generative,0,0.0032,34,188899,0
2594,Who is responsible for reviewing the content of the cybersecurity document?,cybersec,en,answered,PASS,generative,8,0.9869,395,67131,0
2595,ما هو التصنيف الذي يُمنح للكيانات التي تقدم عددًا من خدمات الأمن السيبراني المتخصصة؟,cybersec,ar,answered,ERROR,error,0,,0,366142,0
2596,ما هي الالتزامات العامة التي يجب على المرخص له الالتزام بها بموجب الفقرة 8.2.1؟,cybersec,ar,answered,ERROR,error,0,,0,366166,0
2597,ما الذي يجب الالتزام به فيما يتعلق بمعلومات المكتب الحساسة؟,general,ar,answered,PASS,generative,8,0.2575,318,87485,0
2598,What is the purpose of the cryptography controls mentioned in the passage?,cybersec,en,answered,ERROR,error,0,,0,366121,0
2599,ما هي المخاطر التي يمكن أن تحدث إذا لم يتم حماية أنظمة المعلومات بشكل صحيح؟,general,ar,answered,ERROR,error,0,,0,119424,0
2600,What types of attacks must monitoring tools detect according to the passage?,cybersec,en,answered,ERROR,error,0,,0,15948,0
2601,Who is referred to as the NCA in the regulatory framework?,cybersec,en,answered,ERROR,error,0,,0,15456,0
2602,Which authority is responsible for the cybersecurity regulations mentioned in the passage?,general,en,answered,ERROR,error,0,,0,16023,0
2603,What must be done to social media applications used in the organization at least once a month?,general,en,answered,ERROR,error,0,,0,16155,0
2604,Which document serves as the basis for the creation of the current cybersecurity controls?,general,en,answered,ERROR,error,0,,0,16114,0
2605,ما هو الهدف الرئيسي من الضوابط الأمنية السيبرانية المذكورة في الفقرة؟,general,ar,answered,ERROR,error,0,,0,16156,0
2606,ما هي الأنشطة المرتبطة بنقل وسائل التخزين التي يجب توثيقها؟,general,ar,answered,ERROR,error,0,,0,15708,0
2607,What types of penetration testing approaches are defined in the passage?,general,en,answered,ERROR,error,0,,0,16099,0
2608,ما هي المتطلبات المحددة لضمان حماية التشفير الكافية؟,general,ar,answered,ERROR,error,0,,0,15926,0
2609,What is the significance of the cybersecurity controls for juristic persons mentioned in the passage?,general,en,answered,ERROR,error,0,,0,16104,0
2610,What does the passage suggest regarding the resilience of corporate entities?,general,en,answered,ERROR,error,0,,0,16468,0
2611,What must be ensured regarding encryption standards according to the NCA?,general,en,answered,ERROR,error,0,,0,16500,0
2612,ما هي الكيانات التي تنطبق عليها ضوابط الأمن السيبراني المذكورة في الفقرة؟,cybersec,ar,answered,ERROR,error,0,,0,16324,0
2613,pdpl penalties saudi arabia,pdpl,en,answered,ERROR,error,0,,0,7258,0
2614,ما هي الإجراءات المطلوبة للتخلص الآمن من البيانات وفقًا للنص؟,general,ar,answered,ERROR,error,0,,0,16299,0
2615,Who are the intended recipients of the cybersecurity guidelines for third-party and cloud computing?,general,en,answered,ERROR,error,0,,0,16628,0
2616,What must be obtained between researchers and platform participant entities before providing the service?,cybersec,en,answered,ERROR,error,0,,0,16446,0
2617,ما هي التقارير الدورية التي يجب على الهيئات تقديمها؟,general,ar,answered,ERROR,error,0,,0,16315,0
2618,What must be installed in accordance with the patch management process?,general,en,answered,ERROR,error,0,,0,16240,0
2619,ما هي المجالات الرئيسية التي تغطيها إرشادات الأمن السيبراني لإنترنت الأشياء؟,general,ar,answered,ERROR,error,0,,0,15613,0
2620,Which entities are subject to the cybersecurity controls described?,general,en,answered,ERROR,error,0,,0,15906,0
2621,ما هي الحلول الأمنية المتكاملة التي تهدف إلى توسيع نطاق عمليات الكشف؟,general,ar,answered,ERROR,error,0,,0,16123,0
2622,من يحق له قبول المنح والتبرعات المقدمة للهيئة والمراكز؟,general,ar,answered,ERROR,error,0,,0,16100,0
2623,What must be protected against unauthorized access according to the passage?,general,en,answered,ERROR,error,0,,0,15833,0
2624,What entity's cybersecurity roles and responsibilities are covered in the text?,cybersec,en,answered,ERROR,error,0,,0,15729,0
2625,ما هي الإجراءات التصحيحية التي يجب تنفيذها بناءً على سياسة إدارة التصحيح؟,general,ar,answered,ERROR,error,0,,0,16044,0
2626,ما هو الحد الأقصى لفترة المراجعة المذكورة في الوثيقة؟,general,ar,answered,ERROR,error,0,,0,16144,0
2627,Which methodologies are mentioned for ensuring cybersecurity according to the passage?,cybersec,en,answered,ERROR,error,0,,0,16129,0
2628,What does the national standard for cybersecurity controls applicable to banks in Saudi Arabia include?,general,en,answered,ERROR,error,0,,0,16320,0
2629,What should be removed after filling out the template?,general,en,answered,ERROR,error,0,,0,16303,0
2630,ما هي القواعد العامة لضمان جودة الوثيقة الأمنية السيبرانية؟,cybersec,ar,answered,ERROR,error,0,,0,15653,0
2631,What is the document number referenced in the asset management regulations?,general,en,answered,ERROR,error,0,,0,16068,0
2632,Which authority is responsible for the cybersecurity regulations applicable to government entities?,general,en,answered,ERROR,error,0,,0,15840,0
2633,What are the cybersecurity requirements for government entities as per the National Cybersecurity Authority?,general,en,answered,ERROR,error,0,,0,16007,0
2634,What must an organization be able to do within a defined time frame regarding its backup?,general,en,answered,ERROR,error,0,,0,16063,0
2635,ما هي الإجراءات المتعلقة بمراقبة التغيرات في التهديدات؟,cybersec,ar,answered,ERROR,error,0,,0,15833,0
2636,ما هي العناصر الأساسية التي يجب تضمينها في ضوابط الأمن السيبراني لتطبيق سياسة BYOD؟,cybersec,ar,answered,ERROR,error,0,,0,15942,0
2637,ما هي الفعاليات التي يجب تنظيمها في مجال الأمن السيبراني حسب النص؟,general,ar,answered,ERROR,error,0,,0,15787,0
2638,ما هي التأثيرات السلبية التي يمكن أن تنجم عن الكشف غير المصرح به عن البيانات المصنفة؟,cybersec,ar,answered,ERROR,error,0,,0,16476,0
2639,What must service-related data be processed and stored within?,cybersec,en,answered,ERROR,error,0,,0,16203,0
2640,ما هي المعايير المشار إليها فيما يتعلق بجوانب المرونة في الأمن السيبراني؟,cybersec,ar,answered,ERROR,error,0,,0,16318,0
2641,How often must key performance indicators be used to ensure the effective use of workstations and mobile devices?,general,en,answered,ERROR,error,0,,0,15975,0
2642,لمن تنطبق إرشادات الأمن السيبراني المذكورة في هذا النص؟,general,ar,answered,ERROR,error,0,,0,15987,0
2643,What actions are required if a user is found to be non-compliant?,general,en,answered,ERROR,error,0,,0,16317,0
2644,ما هي الأجهزة والخدمات التي تتعلق بالأمن السيبراني للبنوك كما هو مذكور في النص؟,general,ar,answered,ERROR,error,0,,0,16229,0
2645,ما هو المطلب الذي يجب على الهيئة الالتزام به عند تحديث الترخيص وفقًا للنص؟,general,ar,answered,ERROR,error,0,,0,16283,0
2646,What can result from not properly protecting mobile devices against cyber risks?,general,en,answered,ERROR,error,0,,0,15848,0
2647,What are the phases involved in the document preparation process?,cybersec,en,answered,ERROR,error,0,,0,15660,0
2648,ما هي الأنشطة التي يجب أن تتضمنها إدارة الثغرات وفقًا للنص؟,cybersec,ar,answered,ERROR,error,0,,0,15883,0
2649,What measures are required to mitigate cybersecurity threats and risks?,general,en,answered,ERROR,error,0,,0,15797,0
2650,What should be included in the written notification of the revocation?,cybersec,en,answered,ERROR,error,0,,0,16526,0
2651,What is the primary focus of cybersecurity event logs and monitoring management as per the NCA?,cybersec,en,answered,ERROR,error,0,,0,15846,0
2652,What are the responsibilities of the management in terms of cybersecurity controls?,cybersec,en,answered,ERROR,error,0,,0,16254,0
2653,What are the phases included in the cybersecurity document development process?,cybersec,en,answered,ERROR,error,0,,0,16299,0
2654,Which authority is responsible for the cybersecurity regulations mentioned?,cybersec,en,answered,ERROR,error,0,,0,15945,0
2655,Under what circumstances must remote removal of data from mobile devices be provided?,general,en,answered,ERROR,error,0,,0,15733,0
2656,Who is responsible for ensuring compliance with the procedure?,general,en,answered,ERROR,error,0,,0,173847,0
2657,Which control IDs are referenced in the passage for operational technology cybersecurity?,cybersec,en,answered,ERROR,error,0,,0,366143,0
2658,ما هي الجهة المسؤولة عن تنفيذ التعديلات على الوثائق الأمنية؟,cybersec,ar,answered,PASS,generative,7,0.7323,212,258963,0
2659,What is the purpose of the Mobile Devices Security Standard?,general,en,answered,PASS,generative,8,0.9923,640,78890,0
2660,ما هي الالتزامات الخاصة التي يجب على المرخص له الالتزام بها عند تقديم خدمات تقييم الامتثال للأمن السيبراني؟,cybersec,ar,answered,PASS,generative,7,0.997,422,230627,0
2661,What is included in the Table of Contents of the Vulnerability Assessment Procedure Template?,general,en,answered,PASS,generative,8,0.9904,697,76432,0
2662,What is the purpose of the acceptable use policy mentioned in the passage?,general,en,answered,PASS,generative,8,0.9059,609,178033,0
2663,ما هي الغاية الرئيسية من ضوابط الأمن السيبراني الأساسية المذكورة للجهات الحكومية؟,cybersec,ar,answered,PASS,generative,7,0.9493,393,80573,0
2664,ما هي الجهة المسؤولة عن تطبيق ضوابط الأمن السيبراني على الجهات الحكومية؟,cybersec,ar,answered,ERROR,error,0,,0,366143,0
2665,What may expose the organization to risk according to the passage?,general,en,answered,ERROR,error,0,,0,366122,0
2666,What is the purpose of the cybersecurity document development procedure?,cybersec,en,answered,PASS,generative,8,0.9984,542,333237,0
2667,What must be reported to the authority immediately upon any change in ownership of the licensed entity?,general,en,answered,PASS,generative,8,0.7645,631,328959,0
2668,ما هي المخاطر المرتبطة بالتعامل مع البيانات التي تم ذكرها؟,general,ar,answered,ERROR,error,0,,0,366172,0
2669,ما هي الجهة المسؤولة عن تنظيم الأمن السيبراني للجهات الحكومية؟,general,ar,answered,ERROR,error,0,,0,366126,0
2670,ما هي الفئات التي يتم التركيز عليها في برامج التدريب للأمن السيبراني؟,cybersec,ar,answered,ERROR,error,0,,0,366132,0
2671,What document must be developed prior to the penetration test?,general,en,answered,ERROR,error,0,,0,366151,0
2672,ما هي آلية تقديم خدمات الأمن السيبراني بموجب الفئة المتخصصة؟,cybersec,ar,answered,ERROR,error,0,,0,366103,0
2673,What coding standards are applicable to fintech entities according to the NCA?,general,en,answered,PASS,generative,8,0.938,752,206683,0
2674,ما هي المخاطر السيبرانية التي يجب أن يتناولها برنامج التوعية بالأمن السيبراني؟,cybersec,ar,answered,ERROR,error,0,,0,366221,0
2675,What is the document classification of the Guide to Cybersecurity Controls for Critical Systems?,general,en,answered,PASS,generative,8,0.9989,245,338202,0
2676,What must be reviewed after any significant change to the organization’s infrastructure?,general,en,answered,PASS,generative,8,0.9923,794,61828,0
2677,What should be entered in the text box to replace the organization name?,general,en,answered,PASS,generative,8,0.9875,403,55257,0
2678,ما هي الخطوات التي يجب أن تتضمنها عملية تطوير الوثائق الأمنية السيبرانية؟,cybersec,ar,answered,PASS,generative,8,0.9973,395,75482,0
2679,Which cybersecurity requirements are aligned with this policy?,general,en,answered,PASS,generative,8,0.9975,602,54442,0
2680,What cybersecurity controls are applicable to government entities according to the passage?,cybersec,en,answered,PASS,generative,8,0.9798,403,82124,0
2681,ما هي الخدمات التي تشملها الأمن السيبراني للجهات الخارجية وخدمات الحوسبة السحابية؟,general,ar,answered,ERROR,error,0,,0,366135,0
2682,Which government entities are covered under the essential cybersecurity controls implementation?,cybersec,en,answered,ERROR,error,0,,0,39349,0
2683,ما هي أهمية حماية البيانات في سياق الأمن السيبراني وفقًا للنص؟,cybersec,ar,answered,ERROR,error,0,,0,132702,0
2684,Which document outlines the cybersecurity controls for government entities?,general,en,answered,PASS,generative,7,0.9968,539,316465,0
2685,What is the main focus of the cybersecurity guidelines in this text?,general,en,answered,PASS,generative,8,0.9277,765,182875,0
2686,ما الذي يجب التأكد منه بشأن سلامة المعلومات المخزنة على الأجهزة المحمولة؟,general,ar,answered,ERROR,error,0,,0,366131,0
2687,To which entities is the OTCC applicable?,cybersec,en,answered,ERROR,error,0,,0,366124,0
2688,What types of devices are prohibited within the organization's IT environment?,general,en,answered,ERROR,error,0,,0,366147,0
2689,ما هو الرقم المرجعي في تنظيمات إدارة الأصول؟,general,ar,answered,ERROR,error,0,,0,366169,0
2690,ما هو تصنيف الوثيقة المذكور في الفقرة؟,cybersec,ar,answered,ERROR,error,0,,0,366133,0
2691,What must be maintained by the organization regarding disabled services and functionality?,general,en,answered,ERROR,error,0,,0,366164,0
2692,What are the cybersecurity controls applicable to software development for government entities?,cybersec,en,answered,ERROR,error,0,,0,366149,0
2693,What must be disabled or removed according to the passage?,general,en,answered,ERROR,error,0,,0,366197,0
2694,ما هي الأنظمة التي تخضع لرقابة الأمن السيبراني للأنظمة الحرجة؟,cybersec,ar,answered,ERROR,error,0,,0,366169,0
2695,How does the passage describe the measures for protecting sensitive information?,general,en,answered,PASS,generative,6,0.7006,812,357572,0
2696,What type of entities must adhere to the cybersecurity controls outlined in the text?,general,en,answered,ERROR,error,0,,0,366180,0
2697,What is the primary focus of the cybersecurity controls for banks as outlined in the passage?,cybersec,en,answered,PASS,generative,7,0.8301,715,91171,0
2698,What is the purpose of identifying business criticality in vulnerability management?,general,en,answered,PASS,generative,8,0.9369,659,60602,0
2699,What must be obtained before deleting backups?,general,en,answered,PASS,generative,8,0.8109,465,58338,0
2700,ما هي أهمية التشفير في ضوابط الأمن السيبراني المطبقة على البنوك؟,cybersec,ar,answered,ERROR,error,0,,0,366182,0
2701,ما هو الغرض من سياسة إدارة الثغرات؟,general,ar,answered,ERROR,error,0,,0,366150,0
2702,What is the significance of the term 'Match case' in the context of the passage?,cybersec,en,answered,ERROR,error,0,,0,366132,0
2703,What specific cybersecurity measures are mentioned for banks in the guidelines?,cybersec,en,answered,ERROR,error,0,,0,366194,0
2704,What is the purpose of the essential cybersecurity controls outlined in the guide?,cybersec,en,answered,PASS,generative,7,0.9907,599,106795,0
2705,ما هي التدابير التي يجب اتخاذها لضمان السيطرة على مخاطر الأمن السيبراني؟,cybersec,ar,answered,PASS,generative,8,0.5957,404,70011,0
2706,What authority is responsible for compliance with cybersecurity legislation and regulations applicable to banks?,cybersec,en,answered,PASS,generative,8,0.9973,452,63574,0
2707,What is the significance of the term 'Match case' in the context of cybersecurity?,general,en,answered,ERROR,error,0,,0,366156,0
2708,ما هي الكيانات التي تغطيها الضوابط الأمنية السيبرانية المحددة في الفقرة؟,cybersec,ar,answered,PASS,generative,6,0.4472,314,184563,0
2709,What does the NCA monitor compliance with?,general,en,answered,PASS,generative,8,0.9909,627,58862,0
2710,ما هي المسؤوليات المحددة للجهات الحكومية في سياق الأمن السيبراني؟,cybersec,ar,answered,PASS,generative,8,0.8942,521,63038,0
2711,ما الذي يجب تكوينه لتمكين دمج خدمات حماية العلامة التجارية؟,general,ar,answered,ERROR,error,0,,0,366178,0
2712,ما هي الكيانات التي ينطبق عليها إطار الأمن السيبراني وفقًا للفقرة؟,cybersec,ar,answered,ERROR,error,0,,0,366142,0
2713,What must be done to data when it is used or stored according to the organization's encryption standard?,general,en,answered,PASS,generative,8,0.8818,830,60484,0
2714,Which organization is referenced for secure coding standards in the passage?,general,en,answered,ERROR,error,0,,0,366191,0
2715,How often is the periodical review of the policy scheduled?,general,en,answered,PASS,generative,8,0.5573,294,102576,0
2716,What is the primary purpose of the Intrusion Prevention System as stated in the passage?,cybersec,en,answered,ERROR,error,0,,0,260095,0
2717,What must be restricted to authorized users according to the requirements?,cybersec,en,answered,ERROR,error,0,,0,366099,0
2718,What is the minimum frequency for reviewing cybersecurity documents?,cybersec,en,answered,PASS,generative,8,0.5831,605,88426,0
2719,What does TPRM stand for in the context of risk management for external licensing entities?,general,en,answered,NOT_FOUND,generative,0,0.0047,76,328905,0
2720,ما هي الأنظمة التي يجب أن تغطيها أنظمة النسخ الاحتياطي؟,general,ar,answered,ERROR,error,0,,0,366115,0
2721,What is the binding language for matters relating to the interpretation of this document?,cybersec,en,answered,PASS,generative,7,0.997,413,108852,0
